row_idx,user_id,session_id,window_idx,window_start,window_end,dual_task_file,dual_task_available,dual_task_count,reaction_time_mean,reaction_time_median,reaction_time_std,reaction_time_min,reaction_time_max,miss_count,error_count,success_count,miss_rate,error_rate,success_rate,dual_task_load_absolute_prelim,dual_task_load_relative_prelim
0,dem,session_20260510_191823_9a2425,0,1778437103.4491117,1778437223.4491117,data\session_20260510_191823_9a2425\raw\dual_task.csv,false,0,nan,nan,nan,nan,nan,0,0,0,nan,nan,nan,nan,nan
1,dem,session_20260510_191823_9a2425,1,1778437223.4491117,1778437343.4491117,data\session_20260510_191823_9a2425\raw\dual_task.csv,false,0,nan,nan,nan,nan,nan,0,0,0,nan,nan,nan,nan,nan
2,dem,session_20260510_191823_9a2425,2,1778437343.4491117,1778437463.4491117,data\session_20260510_191823_9a2425\raw\dual_task.csv,true,1,2282.99,2282.99,0.0,2282.99,2282.99,0,0,1,0.0,0.0,1.0,0.4028690563525938,0.4337936521437234
3,dem,session_20260510_191823_9a2425,3,1778437463.4491117,1778437583.4491117,data\session_20260510_191823_9a2425\raw\dual_task.csv,false,0,nan,nan,nan,nan,nan,0,0,0,nan,nan,nan,nan,nan
4,dem,session_20260510_191823_9a2425,4,1778437583.4491117,1778437703.4491117,data\session_20260510_191823_9a2425\raw\dual_task.csv,false,0,nan,nan,nan,nan,nan,0,0,0,nan,nan,nan,nan,nan
5,dem,session_20260510_191823_9a2425,5,1778437703.4491117,1778437823.4491117,data\session_20260510_191823_9a2425\raw\dual_task.csv,false,0,nan,nan,nan,nan,nan,0,0,0,nan,nan,nan,nan,nan
6,dem,session_20260510_191823_9a2425,6,1778437823.4491117,1778437943.4491117,data\session_20260510_191823_9a2425\raw\dual_task.csv,true,1,1914.35,1914.35,0.0,1914.35,1914.35,0,0,1,0.0,0.0,1.0,0.33467439001690275,0.3673428940341751
7,dem,session_20260510_191823_9a2425,7,1778437943.4491117,1778438063.4491117,data\session_20260510_191823_9a2425\raw\dual_task.csv,false,0,nan,nan,nan,nan,nan,0,0,0,nan,nan,nan,nan,nan
8,dem,session_20260510_191823_9a2425,8,1778438063.4491117,1778438183.4491117,data\session_20260510_191823_9a2425\raw\dual_task.csv,false,0,nan,nan,nan,nan,nan,0,0,0,nan,nan,nan,nan,nan
9,dem,session_20260510_191823_9a2425,9,1778438183.4491117,1778438303.4491117,data\session_20260510_191823_9a2425\raw\dual_task.csv,true,1,2849.3,2849.3,0.0,2849.3,2849.3,0,0,1,0.0,0.0,1.0,0.4865551034295017,0.5097589687720887
10,dem,session_20260510_191823_9a2425,10,1778438303.4491117,1778438423.4491117,data\session_20260510_191823_9a2425\raw\dual_task.csv,false,0,nan,nan,nan,nan,nan,0,0,0,nan,nan,nan,nan,nan
11,dem,session_20260510_191823_9a2425,11,1778438423.4491117,1778438543.4491117,data\session_20260510_191823_9a2425\raw\dual_task.csv,false,0,nan,nan,nan,nan,nan,0,0,0,nan,nan,nan,nan,nan
12,dem,session_20260510_191823_9a2425,12,1778438543.4491117,1778438663.4491117,data\session_20260510_191823_9a2425\raw\dual_task.csv,false,0,nan,nan,nan,nan,nan,0,0,0,nan,nan,nan,nan,nan
13,dem,session_20260510_191823_9a2425,13,1778438663.4491117,1778438783.4491117,data\session_20260510_191823_9a2425\raw\dual_task.csv,false,0,nan,nan,nan,nan,nan,0,0,0,nan,nan,nan,nan,nan
14,dem,session_20260510_191823_9a2425,14,1778438783.4491117,1778438903.4491117,data\session_20260510_191823_9a2425\raw\dual_task.csv,false,0,nan,nan,nan,nan,nan,0,0,0,nan,nan,nan,nan,nan
15,dem,session_20260510_191823_9a2425,15,1778438903.4491117,1778438903.7022994,data\session_20260510_191823_9a2425\raw\dual_task.csv,false,0,nan,nan,nan,nan,nan,0,0,0,nan,nan,nan,nan,nan
16,dem,session_20260510_195504_b593cc,0,1778439304.867744,1778439369.3163583,data\session_20260510_195504_b593cc\raw\dual_task.csv,false,0,nan,nan,nan,nan,nan,0,0,0,nan,nan,nan,nan,nan
17,dem,session_20260511_095459_8a72ee,0,1778489699.079842,1778489819.079842,data\session_20260511_095459_8a72ee\raw\dual_task.csv,false,0,nan,nan,nan,nan,nan,0,0,0,nan,nan,nan,nan,nan
18,dem,session_20260511_095459_8a72ee,1,1778489819.079842,1778489939.079842,data\session_20260511_095459_8a72ee\raw\dual_task.csv,false,0,nan,nan,nan,nan,nan,0,0,0,nan,nan,nan,nan,nan
19,dem,session_20260511_095459_8a72ee,2,1778489939.079842,1778490059.079842,data\session_20260511_095459_8a72ee\raw\dual_task.csv,true,1,1860.45,1860.45,0.0,1860.45,1860.45,0,0,1,0.0,0.0,1.0,0.32419426729391726,0.356792877189026
20,dem,session_20260511_095459_8a72ee,3,1778490059.079842,1778490179.079842,data\session_20260511_095459_8a72ee\raw\dual_task.csv,true,1,2105.61,2105.61,0.0,2105.61,2105.61,0,0,1,0.0,0.0,1.0,0.3710107784824074,0.40323330006374747
21,dem,session_20260511_095459_8a72ee,4,1778490179.079842,1778490299.079842,data\session_20260511_095459_8a72ee\raw\dual_task.csv,false,0,nan,nan,nan,nan,nan,0,0,0,nan,nan,nan,nan,nan
22,dem,session_20260511_095459_8a72ee,5,1778490299.079842,1778490419.079842,data\session_20260511_095459_8a72ee\raw\dual_task.csv,true,1,2813.86,2813.86,0.0,2813.86,2813.86,0,0,1,0.0,0.0,1.0,0.4822257411295629,0.5059914789506005
23,dem,session_20260511_095459_8a72ee,6,1778490419.079842,1778490539.079842,data\session_20260511_095459_8a72ee\raw\dual_task.csv,false,0,nan,nan,nan,nan,nan,0,0,0,nan,nan,nan,nan,nan
24,dem,session_20260511_095459_8a72ee,7,1778490539.079842,1778490659.079842,data\session_20260511_095459_8a72ee\raw\dual_task.csv,false,0,nan,nan,nan,nan,nan,0,0,0,nan,nan,nan,nan,nan
25,dem,session_20260511_095459_8a72ee,8,1778490659.079842,1778490779.079842,data\session_20260511_095459_8a72ee\raw\dual_task.csv,true,1,2612.66,2612.66,0.0,2612.66,2612.66,0,0,1,0.0,0.0,1.0,0.45529797378001524,0.4821474330456833
26,dem,session_20260511_095459_8a72ee,9,1778490779.079842,1778490899.079842,data\session_20260511_095459_8a72ee\raw\dual_task.csv,false,0,nan,nan,nan,nan,nan,0,0,0,nan,nan,nan,nan,nan
27,dem,session_20260511_095459_8a72ee,10,1778490899.079842,1778491019.079842,data\session_20260511_095459_8a72ee\raw\dual_task.csv,true,1,1138.61,1138.61,0.0,1138.61,1138.61,0,0,1,0.0,0.0,1.0,0.18817458631941253,0.2124793053748357
28,dem,session_20260511_095459_8a72ee,11,1778491019.079842,1778491139.079842,data\session_20260511_095459_8a72ee\raw\dual_task.csv,false,0,nan,nan,nan,nan,nan,0,0,0,nan,nan,nan,nan,nan
29,dem,session_20260511_095459_8a72ee,12,1778491139.079842,1778491259.079842,data\session_20260511_095459_8a72ee\raw\dual_task.csv,false,0,nan,nan,nan,nan,nan,0,0,0,nan,nan,nan,nan,nan
30,dem,session_20260511_095459_8a72ee,13,1778491259.079842,1778491379.079842,data\session_20260511_095459_8a72ee\raw\dual_task.csv,true,1,1177.18,1177.18,0.0,1177.18,1177.18,0,0,1,0.0,0.0,1.0,0.19475599607481425,0.21975008511730948
31,dem,session_20260511_095459_8a72ee,14,1778491379.079842,1778491499.079842,data\session_20260511_095459_8a72ee\raw\dual_task.csv,false,0,nan,nan,nan,nan,nan,0,0,0,nan,nan,nan,nan,nan
32,dem,session_20260511_095459_8a72ee,15,1778491499.079842,1778491499.1637125,data\session_20260511_095459_8a72ee\raw\dual_task.csv,false,0,nan,nan,nan,nan,nan,0,0,0,nan,nan,nan,nan,nan
33,dem,session_20260511_103551_c8d630,0,1778492151.1553762,1778492271.1553762,data\session_20260511_103551_c8d630\raw\dual_task.csv,false,0,nan,nan,nan,nan,nan,0,0,0,nan,nan,nan,nan,nan
34,dem,session_20260511_103551_c8d630,1,1778492271.1553762,1778492391.1553762,data\session_20260511_103551_c8d630\raw\dual_task.csv,false,0,nan,nan,nan,nan,nan,0,0,0,nan,nan,nan,nan,nan
35,dem,session_20260511_103551_c8d630,2,1778492391.1553762,1778492511.1553762,data\session_20260511_103551_c8d630\raw\dual_task.csv,true,1,2440.79,2440.79,0.0,2440.79,2440.79,0,0,1,0.0,0.0,1.0,0.42918423920148246,0.4583729105515645
36,dem,session_20260511_103551_c8d630,3,1778492511.1553762,1778492631.1553762,data\session_20260511_103551_c8d630\raw\dual_task.csv,false,0,nan,nan,nan,nan,nan,0,0,0,nan,nan,nan,nan,nan
37,dem,session_20260511_103551_c8d630,4,1778492631.1553762,1778492751.1553762,data\session_20260511_103551_c8d630\raw\dual_task.csv,true,1,1468.01,1468.01,0.0,1468.01,1468.01,0,0,1,0.0,0.0,1.0,0.2477311344589479,0.2772712180359376
38,dem,session_20260511_103551_c8d630,5,1778492751.1553762,1778492871.1553762,data\session_20260511_103551_c8d630\raw\dual_task.csv,false,0,nan,nan,nan,nan,nan,0,0,0,nan,nan,nan,nan,nan
39,dem,session_20260511_103551_c8d630,6,1778492871.1553762,1778492991.1553762,data\session_20260511_103551_c8d630\raw\dual_task.csv,false,0,nan,nan,nan,nan,nan,0,0,0,nan,nan,nan,nan,nan
40,dem,session_20260511_103551_c8d630,7,1778492991.1553762,1778493111.1553762,data\session_20260511_103551_c8d630\raw\dual_task.csv,true,1,nan,nan,nan,nan,nan,1,0,0,1.0,0.0,0.0,0.25,0.25
41,dem,session_20260511_103551_c8d630,8,1778493111.1553762,1778493231.1553762,data\session_20260511_103551_c8d630\raw\dual_task.csv,false,0,nan,nan,nan,nan,nan,0,0,0,nan,nan,nan,nan,nan
42,dem,session_20260511_103551_c8d630,9,1778493231.1553762,1778493351.1553762,data\session_20260511_103551_c8d630\raw\dual_task.csv,true,1,1487.16,1487.16,0.0,1487.16,1487.16,0,0,1,0.0,0.0,1.0,0.2513848324171577,0.2811687777621853
43,dem,session_20260511_103551_c8d630,10,1778493351.1553762,1778493471.1553762,data\session_20260511_103551_c8d630\raw\dual_task.csv,false,0,nan,nan,nan,nan,nan,0,0,0,nan,nan,nan,nan,nan
44,dem,session_20260511_103551_c8d630,11,1778493471.1553762,1778493591.1553762,data\session_20260511_103551_c8d630\raw\dual_task.csv,true,1,1832.54,1832.54,0.0,1832.54,1832.54,0,0,1,0.0,0.0,1.0,0.3187424318186607,0.35127028127247145
45,dem,session_20260511_103551_c8d630,12,1778493591.1553762,1778493711.1553762,data\session_20260511_103551_c8d630\raw\dual_task.csv,false,0,nan,nan,nan,nan,nan,0,0,0,nan,nan,nan,nan,nan
46,dem,session_20260511_103551_c8d630,13,1778493711.1553762,1778493831.1553762,data\session_20260511_103551_c8d630\raw\dual_task.csv,false,0,nan,nan,nan,nan,nan,0,0,0,nan,nan,nan,nan,nan
47,dem,session_20260511_103551_c8d630,14,1778493831.1553762,1778493951.1553762,data\session_20260511_103551_c8d630\raw\dual_task.csv,true,1,nan,nan,nan,nan,nan,1,0,0,1.0,0.0,0.0,0.25,0.25
48,dem,session_20260511_103551_c8d630,15,1778493951.1553762,1778493951.5737233,data\session_20260511_103551_c8d630\raw\dual_task.csv,false,0,nan,nan,nan,nan,nan,0,0,0,nan,nan,nan,nan,nan
49,mohanned,session_20260511_184052_938a4e,0,1778521253.175854,1778521373.175854,data\session_20260511_184052_938a4e\raw\dual_task.csv,false,0,nan,nan,nan,nan,nan,0,0,0,nan,nan,nan,nan,nan
50,mohanned,session_20260511_184052_938a4e,1,1778521373.175854,1778521493.175854,data\session_20260511_184052_938a4e\raw\dual_task.csv,false,0,nan,nan,nan,nan,nan,0,0,0,nan,nan,nan,nan,nan
51,mohanned,session_20260511_184052_938a4e,2,1778521493.175854,1778521613.175854,data\session_20260511_184052_938a4e\raw\dual_task.csv,false,0,nan,nan,nan,nan,nan,0,0,0,nan,nan,nan,nan,nan
52,mohanned,session_20260511_184052_938a4e,3,1778521613.175854,1778521733.175854,data\session_20260511_184052_938a4e\raw\dual_task.csv,false,0,nan,nan,nan,nan,nan,0,0,0,nan,nan,nan,nan,nan
53,mohanned,session_20260511_184052_938a4e,4,1778521733.175854,1778521853.175854,data\session_20260511_184052_938a4e\raw\dual_task.csv,false,0,nan,nan,nan,nan,nan,0,0,0,nan,nan,nan,nan,nan
54,mohanned,session_20260511_184052_938a4e,5,1778521853.175854,1778521973.175854,data\session_20260511_184052_938a4e\raw\dual_task.csv,false,0,nan,nan,nan,nan,nan,0,0,0,nan,nan,nan,nan,nan
55,mohanned,session_20260511_184052_938a4e,6,1778521973.175854,1778522093.175854,data\session_20260511_184052_938a4e\raw\dual_task.csv,false,0,nan,nan,nan,nan,nan,0,0,0,nan,nan,nan,nan,nan
56,mohanned,session_20260511_184052_938a4e,7,1778522093.175854,1778522213.175854,data\session_20260511_184052_938a4e\raw\dual_task.csv,false,0,nan,nan,nan,nan,nan,0,0,0,nan,nan,nan,nan,nan
57,mohanned,session_20260511_184052_938a4e,8,1778522213.175854,1778522333.175854,data\session_20260511_184052_938a4e\raw\dual_task.csv,false,0,nan,nan,nan,nan,nan,0,0,0,nan,nan,nan,nan,nan
58,mohanned,session_20260511_184052_938a4e,9,1778522333.175854,1778522453.175854,data\session_20260511_184052_938a4e\raw\dual_task.csv,false,0,nan,nan,nan,nan,nan,0,0,0,nan,nan,nan,nan,nan
59,mohanned,session_20260511_184052_938a4e,10,1778522453.175854,1778522573.175854,data\session_20260511_184052_938a4e\raw\dual_task.csv,false,0,nan,nan,nan,nan,nan,0,0,0,nan,nan,nan,nan,nan
60,mohanned,session_20260511_184052_938a4e,11,1778522573.175854,1778522693.175854,data\session_20260511_184052_938a4e\raw\dual_task.csv,false,0,nan,nan,nan,nan,nan,0,0,0,nan,nan,nan,nan,nan
61,mohanned,session_20260511_184052_938a4e,12,1778522693.175854,1778522813.175854,data\session_20260511_184052_938a4e\raw\dual_task.csv,false,0,nan,nan,nan,nan,nan,0,0,0,nan,nan,nan,nan,nan
62,mohanned,session_20260511_184052_938a4e,13,1778522813.175854,1778522933.175854,data\session_20260511_184052_938a4e\raw\dual_task.csv,false,0,nan,nan,nan,nan,nan,0,0,0,nan,nan,nan,nan,nan
63,mohanned,session_20260511_184052_938a4e,14,1778522933.175854,1778523053.175854,data\session_20260511_184052_938a4e\raw\dual_task.csv,false,0,nan,nan,nan,nan,nan,0,0,0,nan,nan,nan,nan,nan
64,mohanned,session_20260511_184052_938a4e,15,1778523053.175854,1778523053.255954,data\session_20260511_184052_938a4e\raw\dual_task.csv,false,0,nan,nan,nan,nan,nan,0,0,0,nan,nan,nan,nan,nan
65,layss,session_20260513_110323_584cf7,0,1778666603.461233,1778666723.461233,data\session_20260513_110323_584cf7\raw\dual_task.csv,false,0,nan,nan,nan,nan,nan,0,0,0,nan,nan,nan,nan,nan
66,layss,session_20260513_110323_584cf7,1,1778666723.461233,1778666843.461233,data\session_20260513_110323_584cf7\raw\dual_task.csv,false,0,nan,nan,nan,nan,nan,0,0,0,nan,nan,nan,nan,nan
67,layss,session_20260513_110323_584cf7,2,1778666843.461233,1778666963.461233,data\session_20260513_110323_584cf7\raw\dual_task.csv,false,0,nan,nan,nan,nan,nan,0,0,0,nan,nan,nan,nan,nan
68,layss,session_20260513_110323_584cf7,3,1778666963.461233,1778667083.461233,data\session_20260513_110323_584cf7\raw\dual_task.csv,false,0,nan,nan,nan,nan,nan,0,0,0,nan,nan,nan,nan,nan
69,layss,session_20260513_110323_584cf7,4,1778667083.461233,1778667203.461233,data\session_20260513_110323_584cf7\raw\dual_task.csv,false,0,nan,nan,nan,nan,nan,0,0,0,nan,nan,nan,nan,nan
70,layss,session_20260513_110323_584cf7,5,1778667203.461233,1778667323.461233,data\session_20260513_110323_584cf7\raw\dual_task.csv,false,0,nan,nan,nan,nan,nan,0,0,0,nan,nan,nan,nan,nan
71,layss,session_20260513_110323_584cf7,6,1778667323.461233,1778667323.9635897,data\session_20260513_110323_584cf7\raw\dual_task.csv,false,0,nan,nan,nan,nan,nan,0,0,0,nan,nan,nan,nan,nan
72,Graja,session_20260515_222916_e5858b,0,1778880556.5292346,1778880676.5292346,data\session_20260515_222916_e5858b\raw\dual_task.csv,false,0,nan,nan,nan,nan,nan,0,0,0,nan,nan,nan,nan,nan
73,Graja,session_20260515_222916_e5858b,1,1778880676.5292346,1778880796.5292346,data\session_20260515_222916_e5858b\raw\dual_task.csv,false,0,nan,nan,nan,nan,nan,0,0,0,nan,nan,nan,nan,nan
74,Graja,session_20260515_222916_e5858b,2,1778880796.5292346,1778880916.5292346,data\session_20260515_222916_e5858b\raw\dual_task.csv,false,0,nan,nan,nan,nan,nan,0,0,0,nan,nan,nan,nan,nan
75,Graja,session_20260515_222916_e5858b,3,1778880916.5292346,1778881036.5292346,data\session_20260515_222916_e5858b\raw\dual_task.csv,false,0,nan,nan,nan,nan,nan,0,0,0,nan,nan,nan,nan,nan
76,Graja,session_20260515_222916_e5858b,4,1778881036.5292346,1778881156.5292346,data\session_20260515_222916_e5858b\raw\dual_task.csv,false,0,nan,nan,nan,nan,nan,0,0,0,nan,nan,nan,nan,nan
77,Graja,session_20260515_222916_e5858b,5,1778881156.5292346,1778881276.5292346,data\session_20260515_222916_e5858b\raw\dual_task.csv,false,0,nan,nan,nan,nan,nan,0,0,0,nan,nan,nan,nan,nan
78,Graja,session_20260515_222916_e5858b,6,1778881276.5292346,1778881396.5292346,data\session_20260515_222916_e5858b\raw\dual_task.csv,false,0,nan,nan,nan,nan,nan,0,0,0,nan,nan,nan,nan,nan
79,Graja,session_20260515_222916_e5858b,7,1778881396.5292346,1778881516.5292346,data\session_20260515_222916_e5858b\raw\dual_task.csv,false,0,nan,nan,nan,nan,nan,0,0,0,nan,nan,nan,nan,nan
80,Graja,session_20260515_222916_e5858b,8,1778881516.5292346,1778881636.5292346,data\session_20260515_222916_e5858b\raw\dual_task.csv,false,0,nan,nan,nan,nan,nan,0,0,0,nan,nan,nan,nan,nan
81,Graja,session_20260515_222916_e5858b,9,1778881636.5292346,1778881756.5292346,data\session_20260515_222916_e5858b\raw\dual_task.csv,false,0,nan,nan,nan,nan,nan,0,0,0,nan,nan,nan,nan,nan
82,Graja,session_20260515_222916_e5858b,10,1778881756.5292346,1778881771.3635397,data\session_20260515_222916_e5858b\raw\dual_task.csv,false,0,nan,nan,nan,nan,nan,0,0,0,nan,nan,nan,nan,nan
83,hffz,session_20260516_105315_535a79,0,1778925195.5406842,1778925315.5406842,data\session_20260516_105315_535a79\raw\dual_task.csv,false,0,nan,nan,nan,nan,nan,0,0,0,nan,nan,nan,nan,nan
84,hffz,session_20260516_105315_535a79,1,1778925315.5406842,1778925435.5406842,data\session_20260516_105315_535a79\raw\dual_task.csv,false,0,nan,nan,nan,nan,nan,0,0,0,nan,nan,nan,nan,nan
85,hffz,session_20260516_105315_535a79,2,1778925435.5406842,1778925555.5406842,data\session_20260516_105315_535a79\raw\dual_task.csv,true,1,1619.79,1619.79,0.0,1619.79,1619.79,0,0,1,0.0,0.0,1.0,0.27703898097270896,0.2554729335668722
86,hffz,session_20260516_105315_535a79,3,1778925555.5406842,1778925675.5406842,data\session_20260516_105315_535a79\raw\dual_task.csv,false,0,nan,nan,nan,nan,nan,0,0,0,nan,nan,nan,nan,nan
87,hffz,session_20260516_105315_535a79,4,1778925675.5406842,1778925795.5406842,data\session_20260516_105315_535a79\raw\dual_task.csv,true,1,nan,nan,nan,nan,nan,1,0,0,1.0,0.0,0.0,0.25,0.25
88,hffz,session_20260516_105315_535a79,5,1778925795.5406842,1778925915.5406842,data\session_20260516_105315_535a79\raw\dual_task.csv,false,0,nan,nan,nan,nan,nan,0,0,0,nan,nan,nan,nan,nan
89,hffz,session_20260516_105315_535a79,6,1778925915.5406842,1778926035.5406842,data\session_20260516_105315_535a79\raw\dual_task.csv,true,1,nan,nan,nan,nan,nan,1,0,0,1.0,0.0,0.0,0.25,0.25
90,hffz,session_20260516_105315_535a79,7,1778926035.5406842,1778926095.6246333,data\session_20260516_105315_535a79\raw\dual_task.csv,false,0,nan,nan,nan,nan,nan,0,0,0,nan,nan,nan,nan,nan
91,browser_mp835qq4j4kymt,session_20260516_105702_81c740,0,1778925422.932073,1778925542.932073,data\session_20260516_105702_81c740\raw\dual_task.csv,false,0,nan,nan,nan,nan,nan,0,0,0,nan,nan,nan,nan,nan
92,browser_mp835qq4j4kymt,session_20260516_105702_81c740,1,1778925542.932073,1778925662.932073,data\session_20260516_105702_81c740\raw\dual_task.csv,true,1,nan,nan,nan,nan,nan,1,0,0,1.0,0.0,0.0,0.25,0.25
93,browser_mp835qq4j4kymt,session_20260516_105702_81c740,2,1778925662.932073,1778925782.932073,data\session_20260516_105702_81c740\raw\dual_task.csv,false,0,nan,nan,nan,nan,nan,0,0,0,nan,nan,nan,nan,nan
94,browser_mp835qq4j4kymt,session_20260516_105702_81c740,3,1778925782.932073,1778925902.932073,data\session_20260516_105702_81c740\raw\dual_task.csv,true,1,nan,nan,nan,nan,nan,1,0,0,1.0,0.0,0.0,0.25,0.25
95,browser_mp835qq4j4kymt,session_20260516_105702_81c740,4,1778925902.932073,1778926022.932073,data\session_20260516_105702_81c740\raw\dual_task.csv,false,0,nan,nan,nan,nan,nan,0,0,0,nan,nan,nan,nan,nan
96,browser_mp835qq4j4kymt,session_20260516_105702_81c740,5,1778926022.932073,1778926142.932073,data\session_20260516_105702_81c740\raw\dual_task.csv,true,1,2563.26,2563.26,0.0,2563.26,2563.26,0,0,1,0.0,0.0,1.0,0.44807932245369525,0.43540711356003314
97,browser_mp835qq4j4kymt,session_20260516_105702_81c740,6,1778926142.932073,1778926262.932073,data\session_20260516_105702_81c740\raw\dual_task.csv,false,0,nan,nan,nan,nan,nan,0,0,0,nan,nan,nan,nan,nan
98,browser_mp835qq4j4kymt,session_20260516_105702_81c740,7,1778926262.932073,1778926323.0477557,data\session_20260516_105702_81c740\raw\dual_task.csv,false,0,nan,nan,nan,nan,nan,0,0,0,nan,nan,nan,nan,nan
99,amrdroid,session_20260516_110318_a84820,0,1778925798.2387426,1778925918.2387426,data\session_20260516_110318_a84820\raw\dual_task.csv,false,0,nan,nan,nan,nan,nan,0,0,0,nan,nan,nan,nan,nan
100,amrdroid,session_20260516_110318_a84820,1,1778925918.2387426,1778926038.2387426,data\session_20260516_110318_a84820\raw\dual_task.csv,false,0,nan,nan,nan,nan,nan,0,0,0,nan,nan,nan,nan,nan
101,amrdroid,session_20260516_110318_a84820,2,1778926038.2387426,1778926158.2387426,data\session_20260516_110318_a84820\raw\dual_task.csv,true,1,nan,nan,nan,nan,nan,1,0,0,1.0,0.0,0.0,0.25,0.25
102,amrdroid,session_20260516_110318_a84820,3,1778926158.2387426,1778926278.2387426,data\session_20260516_110318_a84820\raw\dual_task.csv,false,0,nan,nan,nan,nan,nan,0,0,0,nan,nan,nan,nan,nan
103,amrdroid,session_20260516_110318_a84820,4,1778926278.2387426,1778926398.2387426,data\session_20260516_110318_a84820\raw\dual_task.csv,true,1,2569.33,2569.33,0.0,2569.33,2569.33,0,0,1,0.0,0.0,1.0,0.44897900604891977,0.3
104,amrdroid,session_20260516_110318_a84820,5,1778926398.2387426,1778926518.2387426,data\session_20260516_110318_a84820\raw\dual_task.csv,false,0,nan,nan,nan,nan,nan,0,0,0,nan,nan,nan,nan,nan
105,amrdroid,session_20260516_110318_a84820,6,1778926518.2387426,1778926638.2387426,data\session_20260516_110318_a84820\raw\dual_task.csv,true,1,nan,nan,nan,nan,nan,1,0,0,1.0,0.0,0.0,0.25,0.25
106,amrdroid,session_20260516_110318_a84820,7,1778926638.2387426,1778926758.2387426,data\session_20260516_110318_a84820\raw\dual_task.csv,false,0,nan,nan,nan,nan,nan,0,0,0,nan,nan,nan,nan,nan
107,amrdroid,session_20260516_110318_a84820,8,1778926758.2387426,1778926878.2387426,data\session_20260516_110318_a84820\raw\dual_task.csv,true,1,nan,nan,nan,nan,nan,1,0,0,1.0,0.0,0.0,0.25,0.25
108,amrdroid,session_20260516_110318_a84820,9,1778926878.2387426,1778926998.2387426,data\session_20260516_110318_a84820\raw\dual_task.csv,false,0,nan,nan,nan,nan,nan,0,0,0,nan,nan,nan,nan,nan
109,amrdroid,session_20260516_110318_a84820,10,1778926998.2387426,1778927118.2387426,data\session_20260516_110318_a84820\raw\dual_task.csv,true,1,nan,nan,nan,nan,nan,1,0,0,1.0,0.0,0.0,0.25,0.25
110,amrdroid,session_20260516_110318_a84820,11,1778927118.2387426,1778927238.2387426,data\session_20260516_110318_a84820\raw\dual_task.csv,false,0,nan,nan,nan,nan,nan,0,0,0,nan,nan,nan,nan,nan
111,amrdroid,session_20260516_110318_a84820,12,1778927238.2387426,1778927358.2387426,data\session_20260516_110318_a84820\raw\dual_task.csv,false,0,nan,nan,nan,nan,nan,0,0,0,nan,nan,nan,nan,nan
112,amrdroid,session_20260516_110318_a84820,13,1778927358.2387426,1778927478.2387426,data\session_20260516_110318_a84820\raw\dual_task.csv,false,0,nan,nan,nan,nan,nan,0,0,0,nan,nan,nan,nan,nan
113,amrdroid,session_20260516_110318_a84820,14,1778927478.2387426,1778927598.2387426,data\session_20260516_110318_a84820\raw\dual_task.csv,false,0,nan,nan,nan,nan,nan,0,0,0,nan,nan,nan,nan,nan
114,amrdroid,session_20260516_110318_a84820,15,1778927598.2387426,1778927598.535488,data\session_20260516_110318_a84820\raw\dual_task.csv,false,0,nan,nan,nan,nan,nan,0,0,0,nan,nan,nan,nan,nan
115,browser_mp835qq4j4kymt,session_20260516_164308_06d3f7,0,1778946188.3584187,1778946308.3584187,data\session_20260516_164308_06d3f7\raw\dual_task.csv,false,0,nan,nan,nan,nan,nan,0,0,0,nan,nan,nan,nan,nan
116,browser_mp835qq4j4kymt,session_20260516_164308_06d3f7,1,1778946308.3584187,1778946428.3584187,data\session_20260516_164308_06d3f7\raw\dual_task.csv,false,0,nan,nan,nan,nan,nan,0,0,0,nan,nan,nan,nan,nan
117,browser_mp835qq4j4kymt,session_20260516_164308_06d3f7,2,1778946428.3584187,1778946548.3584187,data\session_20260516_164308_06d3f7\raw\dual_task.csv,true,1,1516.54,1516.54,0.0,1516.54,1516.54,0,0,1,0.0,0.0,1.0,0.25701888952617974,0.25478264518063787
118,browser_mp835qq4j4kymt,session_20260516_164308_06d3f7,3,1778946548.3584187,1778946668.3584187,data\session_20260516_164308_06d3f7\raw\dual_task.csv,false,0,nan,nan,nan,nan,nan,0,0,0,nan,nan,nan,nan,nan
119,browser_mp835qq4j4kymt,session_20260516_164308_06d3f7,4,1778946668.3584187,1778946788.3584187,data\session_20260516_164308_06d3f7\raw\dual_task.csv,true,1,nan,nan,nan,nan,nan,1,0,0,1.0,0.0,0.0,0.25,0.25
120,browser_mp835qq4j4kymt,session_20260516_164308_06d3f7,5,1778946788.3584187,1778946908.3584187,data\session_20260516_164308_06d3f7\raw\dual_task.csv,false,0,nan,nan,nan,nan,nan,0,0,0,nan,nan,nan,nan,nan
121,browser_mp835qq4j4kymt,session_20260516_164308_06d3f7,6,1778946908.3584187,1778947028.3584187,data\session_20260516_164308_06d3f7\raw\dual_task.csv,true,1,1765.61,1765.61,0.0,1765.61,1765.61,0,0,1,0.0,0.0,1.0,0.3056246905335904,0.3
122,browser_mp835qq4j4kymt,session_20260516_164308_06d3f7,7,1778947028.3584187,1778947148.3584187,data\session_20260516_164308_06d3f7\raw\dual_task.csv,false,0,nan,nan,nan,nan,nan,0,0,0,nan,nan,nan,nan,nan
123,browser_mp835qq4j4kymt,session_20260516_164308_06d3f7,8,1778947148.3584187,1778947268.3584187,data\session_20260516_164308_06d3f7\raw\dual_task.csv,false,0,nan,nan,nan,nan,nan,0,0,0,nan,nan,nan,nan,nan
124,browser_mp835qq4j4kymt,session_20260516_164308_06d3f7,9,1778947268.3584187,1778947388.3584187,data\session_20260516_164308_06d3f7\raw\dual_task.csv,true,1,1864.47,1864.47,0.0,1864.47,1864.47,0,0,1,0.0,0.0,1.0,0.32497828148166136,0.3180634317662993
125,browser_mp835qq4j4kymt,session_20260516_164308_06d3f7,10,1778947388.3584187,1778947508.3584187,data\session_20260516_164308_06d3f7\raw\dual_task.csv,false,0,nan,nan,nan,nan,nan,0,0,0,nan,nan,nan,nan,nan
126,browser_mp835qq4j4kymt,session_20260516_164308_06d3f7,11,1778947508.3584187,1778947628.3584187,data\session_20260516_164308_06d3f7\raw\dual_task.csv,true,1,1661.53,1661.53,0.0,1661.53,1661.53,0,0,1,0.0,0.0,1.0,0.2852015446503483,0.2809852764113032
127,browser_mp835qq4j4kymt,session_20260516_164308_06d3f7,12,1778947628.3584187,1778947748.3584187,data\session_20260516_164308_06d3f7\raw\dual_task.csv,true,1,nan,nan,nan,nan,nan,1,0,0,1.0,0.0,0.0,0.25,0.25
128,browser_mp835qq4j4kymt,session_20260516_164308_06d3f7,13,1778947748.3584187,1778947868.3584187,data\session_20260516_164308_06d3f7\raw\dual_task.csv,false,0,nan,nan,nan,nan,nan,0,0,0,nan,nan,nan,nan,nan
129,browser_mp835qq4j4kymt,session_20260516_164308_06d3f7,14,1778947868.3584187,1778947988.3584187,data\session_20260516_164308_06d3f7\raw\dual_task.csv,false,0,nan,nan,nan,nan,nan,0,0,0,nan,nan,nan,nan,nan
130,browser_mp835qq4j4kymt,session_20260516_164308_06d3f7,15,1778947988.3584187,1778947988.4295266,data\session_20260516_164308_06d3f7\raw\dual_task.csv,false,0,nan,nan,nan,nan,nan,0,0,0,nan,nan,nan,nan,nan
131,dem,session_20260517_082843_bea015,0,1779002923.7991269,1779003043.7991269,data\session_20260517_082843_bea015\raw\dual_task.csv,false,0,nan,nan,nan,nan,nan,0,0,0,nan,nan,nan,nan,nan
132,dem,session_20260517_082843_bea015,1,1779003043.7991269,1779003163.7991269,data\session_20260517_082843_bea015\raw\dual_task.csv,false,0,nan,nan,nan,nan,nan,0,0,0,nan,nan,nan,nan,nan
133,dem,session_20260517_082843_bea015,2,1779003163.7991269,1779003283.7991269,data\session_20260517_082843_bea015\raw\dual_task.csv,true,1,1949.38,1949.38,0.0,1949.38,1949.38,0,0,1,0.0,0.0,1.0,0.3414414336833155,0.3741084052220205
134,dem,session_20260517_082843_bea015,3,1779003283.7991269,1779003403.7991269,data\session_20260517_082843_bea015\raw\dual_task.csv,false,0,nan,nan,nan,nan,nan,0,0,0,nan,nan,nan,nan,nan
135,dem,session_20260517_082843_bea015,4,1779003403.7991269,1779003523.7991269,data\session_20260517_082843_bea015\raw\dual_task.csv,false,0,nan,nan,nan,nan,nan,0,0,0,nan,nan,nan,nan,nan
136,dem,session_20260517_082843_bea015,5,1779003523.7991269,1779003643.7991269,data\session_20260517_082843_bea015\raw\dual_task.csv,false,0,nan,nan,nan,nan,nan,0,0,0,nan,nan,nan,nan,nan
137,dem,session_20260517_082843_bea015,6,1779003643.7991269,1779003763.7991269,data\session_20260517_082843_bea015\raw\dual_task.csv,false,0,nan,nan,nan,nan,nan,0,0,0,nan,nan,nan,nan,nan
138,dem,session_20260517_082843_bea015,7,1779003763.7991269,1779003883.7991269,data\session_20260517_082843_bea015\raw\dual_task.csv,false,0,nan,nan,nan,nan,nan,0,0,0,nan,nan,nan,nan,nan
139,dem,session_20260517_082843_bea015,8,1779003883.7991269,1779004003.7991269,data\session_20260517_082843_bea015\raw\dual_task.csv,false,0,nan,nan,nan,nan,nan,0,0,0,nan,nan,nan,nan,nan
140,dem,session_20260517_082843_bea015,9,1779004003.7991269,1779004123.7991269,data\session_20260517_082843_bea015\raw\dual_task.csv,false,0,nan,nan,nan,nan,nan,0,0,0,nan,nan,nan,nan,nan
141,dem,session_20260517_082843_bea015,10,1779004123.7991269,1779004243.7991269,data\session_20260517_082843_bea015\raw\dual_task.csv,false,0,nan,nan,nan,nan,nan,0,0,0,nan,nan,nan,nan,nan
142,dem,session_20260517_082843_bea015,11,1779004243.7991269,1779004363.7991269,data\session_20260517_082843_bea015\raw\dual_task.csv,false,0,nan,nan,nan,nan,nan,0,0,0,nan,nan,nan,nan,nan
143,dem,session_20260517_082843_bea015,12,1779004363.7991269,1779004483.7991269,data\session_20260517_082843_bea015\raw\dual_task.csv,false,0,nan,nan,nan,nan,nan,0,0,0,nan,nan,nan,nan,nan
144,dem,session_20260517_082843_bea015,13,1779004483.7991269,1779004603.7991269,data\session_20260517_082843_bea015\raw\dual_task.csv,false,0,nan,nan,nan,nan,nan,0,0,0,nan,nan,nan,nan,nan
145,dem,session_20260517_082843_bea015,14,1779004603.7991269,1779004723.7991269,data\session_20260517_082843_bea015\raw\dual_task.csv,false,0,nan,nan,nan,nan,nan,0,0,0,nan,nan,nan,nan,nan
146,dem,session_20260517_082843_bea015,15,1779004723.7991269,1779004843.7991269,data\session_20260517_082843_bea015\raw\dual_task.csv,false,0,nan,nan,nan,nan,nan,0,0,0,nan,nan,nan,nan,nan
147,dem,session_20260517_082843_bea015,16,1779004843.7991269,1779004963.7991269,data\session_20260517_082843_bea015\raw\dual_task.csv,false,0,nan,nan,nan,nan,nan,0,0,0,nan,nan,nan,nan,nan
148,dem,session_20260517_082843_bea015,17,1779004963.7991269,1779005083.7991269,data\session_20260517_082843_bea015\raw\dual_task.csv,false,0,nan,nan,nan,nan,nan,0,0,0,nan,nan,nan,nan,nan
149,dem,session_20260517_082843_bea015,18,1779005083.7991269,1779005203.7991269,data\session_20260517_082843_bea015\raw\dual_task.csv,false,0,nan,nan,nan,nan,nan,0,0,0,nan,nan,nan,nan,nan
150,dem,session_20260517_082843_bea015,19,1779005203.7991269,1779005323.7991269,data\session_20260517_082843_bea015\raw\dual_task.csv,false,0,nan,nan,nan,nan,nan,0,0,0,nan,nan,nan,nan,nan
151,dem,session_20260517_082843_bea015,20,1779005323.7991269,1779005443.7991269,data\session_20260517_082843_bea015\raw\dual_task.csv,false,0,nan,nan,nan,nan,nan,0,0,0,nan,nan,nan,nan,nan
152,dem,session_20260517_082843_bea015,21,1779005443.7991269,1779005563.7991269,data\session_20260517_082843_bea015\raw\dual_task.csv,false,0,nan,nan,nan,nan,nan,0,0,0,nan,nan,nan,nan,nan
153,dem,session_20260517_082843_bea015,22,1779005563.7991269,1779005683.7991269,data\session_20260517_082843_bea015\raw\dual_task.csv,false,0,nan,nan,nan,nan,nan,0,0,0,nan,nan,nan,nan,nan
154,dem,session_20260517_082843_bea015,23,1779005683.7991269,1779005803.7991269,data\session_20260517_082843_bea015\raw\dual_task.csv,false,0,nan,nan,nan,nan,nan,0,0,0,nan,nan,nan,nan,nan
155,dem,session_20260517_082843_bea015,24,1779005803.7991269,1779005923.7991269,data\session_20260517_082843_bea015\raw\dual_task.csv,false,0,nan,nan,nan,nan,nan,0,0,0,nan,nan,nan,nan,nan
156,dem,session_20260517_082843_bea015,25,1779005923.7991269,1779006043.7991269,data\session_20260517_082843_bea015\raw\dual_task.csv,false,0,nan,nan,nan,nan,nan,0,0,0,nan,nan,nan,nan,nan
157,dem,session_20260517_082843_bea015,26,1779006043.7991269,1779006163.7991269,data\session_20260517_082843_bea015\raw\dual_task.csv,false,0,nan,nan,nan,nan,nan,0,0,0,nan,nan,nan,nan,nan
158,dem,session_20260517_082843_bea015,27,1779006163.7991269,1779006283.7991269,data\session_20260517_082843_bea015\raw\dual_task.csv,false,0,nan,nan,nan,nan,nan,0,0,0,nan,nan,nan,nan,nan
159,dem,session_20260517_082843_bea015,28,1779006283.7991269,1779006403.7991269,data\session_20260517_082843_bea015\raw\dual_task.csv,false,0,nan,nan,nan,nan,nan,0,0,0,nan,nan,nan,nan,nan
160,dem,session_20260517_082843_bea015,29,1779006403.7991269,1779006523.7991269,data\session_20260517_082843_bea015\raw\dual_task.csv,false,0,nan,nan,nan,nan,nan,0,0,0,nan,nan,nan,nan,nan
161,dem,session_20260517_082843_bea015,30,1779006523.7991269,1779006643.7991269,data\session_20260517_082843_bea015\raw\dual_task.csv,false,0,nan,nan,nan,nan,nan,0,0,0,nan,nan,nan,nan,nan
162,dem,session_20260517_082843_bea015,31,1779006643.7991269,1779006763.7991269,data\session_20260517_082843_bea015\raw\dual_task.csv,false,0,nan,nan,nan,nan,nan,0,0,0,nan,nan,nan,nan,nan
163,dem,session_20260517_082843_bea015,32,1779006763.7991269,1779006883.7991269,data\session_20260517_082843_bea015\raw\dual_task.csv,true,1,1219.4,1219.4,0.0,1219.4,1219.4,0,0,1,0.0,0.0,1.0,0.20209482896882333,0.22782668633003894
164,dem,session_20260517_082843_bea015,33,1779006883.7991269,1779006951.2934897,data\session_20260517_082843_bea015\raw\dual_task.csv,false,0,nan,nan,nan,nan,nan,0,0,0,nan,nan,nan,nan,nan
165,dem,session_20260517_094738_ce576d,0,1779007658.0434892,1779007778.0434892,data\session_20260517_094738_ce576d\raw\dual_task.csv,false,0,nan,nan,nan,nan,nan,0,0,0,nan,nan,nan,nan,nan
166,dem,session_20260517_094738_ce576d,1,1779007778.0434892,1779007898.0434892,data\session_20260517_094738_ce576d\raw\dual_task.csv,false,0,nan,nan,nan,nan,nan,0,0,0,nan,nan,nan,nan,nan
167,dem,session_20260517_094738_ce576d,2,1779007898.0434892,1779008018.0434892,data\session_20260517_094738_ce576d\raw\dual_task.csv,true,1,1203.13,1203.13,0.0,1203.13,1203.13,0,0,1,0.0,0.0,1.0,0.19925048743180737,0.22470032790894345
168,dem,session_20260517_094738_ce576d,3,1779008018.0434892,1779008138.0434892,data\session_20260517_094738_ce576d\raw\dual_task.csv,false,0,nan,nan,nan,nan,nan,0,0,0,nan,nan,nan,nan,nan
169,dem,session_20260517_094738_ce576d,4,1779008138.0434892,1779008258.0434892,data\session_20260517_094738_ce576d\raw\dual_task.csv,false,0,nan,nan,nan,nan,nan,0,0,0,nan,nan,nan,nan,nan
170,dem,session_20260517_094738_ce576d,5,1779008258.0434892,1779008378.0434892,data\session_20260517_094738_ce576d\raw\dual_task.csv,true,1,960.29,960.29,0.0,960.29,960.29,0,0,1,0.0,0.0,1.0,0.15940862583840987,0.1804096709132037
171,dem,session_20260517_094738_ce576d,6,1779008378.0434892,1779008498.0434892,data\session_20260517_094738_ce576d\raw\dual_task.csv,false,0,nan,nan,nan,nan,nan,0,0,0,nan,nan,nan,nan,nan
172,dem,session_20260517_094738_ce576d,7,1779008498.0434892,1779008618.0434892,data\session_20260517_094738_ce576d\raw\dual_task.csv,false,0,nan,nan,nan,nan,nan,0,0,0,nan,nan,nan,nan,nan
173,dem,session_20260517_094738_ce576d,8,1779008618.0434892,1779008738.0434892,data\session_20260517_094738_ce576d\raw\dual_task.csv,false,0,nan,nan,nan,nan,nan,0,0,0,nan,nan,nan,nan,nan
174,dem,session_20260517_094738_ce576d,9,1779008738.0434892,1779008858.0434892,data\session_20260517_094738_ce576d\raw\dual_task.csv,false,0,nan,nan,nan,nan,nan,0,0,0,nan,nan,nan,nan,nan
175,dem,session_20260517_094738_ce576d,10,1779008858.0434892,1779008978.0434892,data\session_20260517_094738_ce576d\raw\dual_task.csv,false,0,nan,nan,nan,nan,nan,0,0,0,nan,nan,nan,nan,nan
176,dem,session_20260517_094738_ce576d,11,1779008978.0434892,1779009098.0434892,data\session_20260517_094738_ce576d\raw\dual_task.csv,true,1,1579.36,1579.36,0.0,1579.36,1579.36,0,0,1,0.0,0.0,1.0,0.26916494638166133,0.3
177,dem,session_20260517_094738_ce576d,12,1779009098.0434892,1779009218.0434892,data\session_20260517_094738_ce576d\raw\dual_task.csv,false,0,nan,nan,nan,nan,nan,0,0,0,nan,nan,nan,nan,nan
178,dem,session_20260517_094738_ce576d,13,1779009218.0434892,1779009338.0434892,data\session_20260517_094738_ce576d\raw\dual_task.csv,true,1,2479.15,2479.15,0.0,2479.15,2479.15,0,0,1,0.0,0.0,1.0,0.4352526144378014,0.4639533483189147
179,dem,session_20260517_094738_ce576d,14,1779009338.0434892,1779009458.0434892,data\session_20260517_094738_ce576d\raw\dual_task.csv,false,0,nan,nan,nan,nan,nan,0,0,0,nan,nan,nan,nan,nan
180,dem,session_20260517_094738_ce576d,15,1779009458.0434892,1779009458.2277896,data\session_20260517_094738_ce576d\raw\dual_task.csv,false,0,nan,nan,nan,nan,nan,0,0,0,nan,nan,nan,nan,nan
181,browser_mp835qq4j4kymt,session_20260517_095040_ccf2be,0,1779007840.1985314,1779007960.1985314,data\session_20260517_095040_ccf2be\raw\dual_task.csv,false,0,nan,nan,nan,nan,nan,0,0,0,nan,nan,nan,nan,nan
182,browser_mp835qq4j4kymt,session_20260517_095040_ccf2be,1,1779007960.1985314,1779008080.1985314,data\session_20260517_095040_ccf2be\raw\dual_task.csv,false,0,nan,nan,nan,nan,nan,0,0,0,nan,nan,nan,nan,nan
183,browser_mp835qq4j4kymt,session_20260517_095040_ccf2be,2,1779008080.1985314,1779008200.1985314,data\session_20260517_095040_ccf2be\raw\dual_task.csv,true,1,2356.19,2356.19,0.0,2356.19,2356.19,0,0,1,0.0,0.0,1.0,0.4153374051418173,0.40359932690548556
184,browser_mp835qq4j4kymt,session_20260517_095040_ccf2be,3,1779008200.1985314,1779008320.1985314,data\session_20260517_095040_ccf2be\raw\dual_task.csv,false,0,nan,nan,nan,nan,nan,0,0,0,nan,nan,nan,nan,nan
185,browser_mp835qq4j4kymt,session_20260517_095040_ccf2be,4,1779008320.1985314,1779008440.1985314,data\session_20260517_095040_ccf2be\raw\dual_task.csv,true,1,1995.17,1995.17,0.0,1995.17,1995.17,0,0,1,0.0,0.0,1.0,0.350221635849182,0.3417232053243161
186,browser_mp835qq4j4kymt,session_20260517_095040_ccf2be,5,1779008440.1985314,1779008560.1985314,data\session_20260517_095040_ccf2be\raw\dual_task.csv,false,0,nan,nan,nan,nan,nan,0,0,0,nan,nan,nan,nan,nan
187,browser_mp835qq4j4kymt,session_20260517_095040_ccf2be,6,1779008560.1985314,1779008680.1985314,data\session_20260517_095040_ccf2be\raw\dual_task.csv,true,1,1145.87,1145.87,0.0,1145.87,1145.87,0,0,1,0.0,0.0,1.0,0.18940417467882745,0.19173150414264384
188,browser_mp835qq4j4kymt,session_20260517_095040_ccf2be,7,1779008680.1985314,1779008800.1985314,data\session_20260517_095040_ccf2be\raw\dual_task.csv,false,0,nan,nan,nan,nan,nan,0,0,0,nan,nan,nan,nan,nan
189,browser_mp835qq4j4kymt,session_20260517_095040_ccf2be,8,1779008800.1985314,1779008920.1985314,data\session_20260517_095040_ccf2be\raw\dual_task.csv,false,0,nan,nan,nan,nan,nan,0,0,0,nan,nan,nan,nan,nan
190,browser_mp835qq4j4kymt,session_20260517_095040_ccf2be,9,1779008920.1985314,1779009040.1985314,data\session_20260517_095040_ccf2be\raw\dual_task.csv,false,0,nan,nan,nan,nan,nan,0,0,0,nan,nan,nan,nan,nan
191,browser_mp835qq4j4kymt,session_20260517_095040_ccf2be,10,1779009040.1985314,1779009160.1985314,data\session_20260517_095040_ccf2be\raw\dual_task.csv,false,0,nan,nan,nan,nan,nan,0,0,0,nan,nan,nan,nan,nan
192,browser_mp835qq4j4kymt,session_20260517_095040_ccf2be,11,1779009160.1985314,1779009280.1985314,data\session_20260517_095040_ccf2be\raw\dual_task.csv,false,0,nan,nan,nan,nan,nan,0,0,0,nan,nan,nan,nan,nan
193,browser_mp835qq4j4kymt,session_20260517_095040_ccf2be,12,1779009280.1985314,1779009400.1985314,data\session_20260517_095040_ccf2be\raw\dual_task.csv,false,0,nan,nan,nan,nan,nan,0,0,0,nan,nan,nan,nan,nan
194,browser_mp835qq4j4kymt,session_20260517_095040_ccf2be,13,1779009400.1985314,1779009520.1985314,data\session_20260517_095040_ccf2be\raw\dual_task.csv,false,0,nan,nan,nan,nan,nan,0,0,0,nan,nan,nan,nan,nan
195,browser_mp835qq4j4kymt,session_20260517_095040_ccf2be,14,1779009520.1985314,1779009640.1985314,data\session_20260517_095040_ccf2be\raw\dual_task.csv,true,1,2281.92,2281.92,0.0,2281.92,2281.92,0,0,1,0.0,0.0,1.0,0.4026836224609924,0.39145106583315686
196,browser_mp835qq4j4kymt,session_20260517_095040_ccf2be,15,1779009640.1985314,1779009640.2027934,data\session_20260517_095040_ccf2be\raw\dual_task.csv,false,0,nan,nan,nan,nan,nan,0,0,0,nan,nan,nan,nan,nan
197,dem,session_20260517_105229_cb660e,0,1779011549.8247652,1779011669.8247652,data\session_20260517_105229_cb660e\raw\dual_task.csv,false,0,nan,nan,nan,nan,nan,0,0,0,nan,nan,nan,nan,nan
198,dem,session_20260517_105229_cb660e,1,1779011669.8247652,1779011789.8247652,data\session_20260517_105229_cb660e\raw\dual_task.csv,false,0,nan,nan,nan,nan,nan,0,0,0,nan,nan,nan,nan,nan
199,dem,session_20260517_105229_cb660e,2,1779011789.8247652,1779011789.9627109,data\session_20260517_105229_cb660e\raw\dual_task.csv,false,0,nan,nan,nan,nan,nan,0,0,0,nan,nan,nan,nan,nan
200,dem,session_20260517_113407_c4efba,0,1779014047.2487798,1779014167.2487798,data\session_20260517_113407_c4efba\raw\dual_task.csv,false,0,nan,nan,nan,nan,nan,0,0,0,nan,nan,nan,nan,nan
201,dem,session_20260517_113407_c4efba,1,1779014167.2487798,1779014287.2487798,data\session_20260517_113407_c4efba\raw\dual_task.csv,false,0,nan,nan,nan,nan,nan,0,0,0,nan,nan,nan,nan,nan
202,dem,session_20260517_113407_c4efba,2,1779014287.2487798,1779014407.2487798,data\session_20260517_113407_c4efba\raw\dual_task.csv,true,1,2485.55,2485.55,0.0,2485.55,2485.55,0,0,1,0.0,0.0,1.0,0.43625192476828584,0.4648691080754773
203,dem,session_20260517_113407_c4efba,3,1779014407.2487798,1779014527.2487798,data\session_20260517_113407_c4efba\raw\dual_task.csv,false,0,nan,nan,nan,nan,nan,0,0,0,nan,nan,nan,nan,nan
204,dem,session_20260517_113407_c4efba,4,1779014527.2487798,1779014647.2487798,data\session_20260517_113407_c4efba\raw\dual_task.csv,true,1,1779.5,1779.5,0.0,1779.5,1779.5,0,0,1,0.0,0.0,1.0,0.30835045595669136,0.34067894700927875
205,dem,session_20260517_113407_c4efba,5,1779014647.2487798,1779014767.2487798,data\session_20260517_113407_c4efba\raw\dual_task.csv,false,0,nan,nan,nan,nan,nan,0,0,0,nan,nan,nan,nan,nan
206,dem,session_20260517_113407_c4efba,6,1779014767.2487798,1779014887.2487798,data\session_20260517_113407_c4efba\raw\dual_task.csv,true,1,2044.6,2044.6,0.0,2044.6,2044.6,0,0,1,0.0,0.0,1.0,0.3596010220726685,0.3920802922118704
207,dem,session_20260517_113407_c4efba,7,1779014887.2487798,1779015007.2487798,data\session_20260517_113407_c4efba\raw\dual_task.csv,false,0,nan,nan,nan,nan,nan,0,0,0,nan,nan,nan,nan,nan
208,dem,session_20260517_113407_c4efba,8,1779015007.2487798,1779015127.2487798,data\session_20260517_113407_c4efba\raw\dual_task.csv,true,1,2941.35,2941.35,0.0,2941.35,2941.35,0,0,1,0.0,0.0,1.0,0.49722706207218187,0.5189650525831764
209,dem,session_20260517_113407_c4efba,9,1779015127.2487798,1779015247.2487798,data\session_20260517_113407_c4efba\raw\dual_task.csv,false,0,nan,nan,nan,nan,nan,0,0,0,nan,nan,nan,nan,nan
210,dem,session_20260517_113407_c4efba,10,1779015247.2487798,1779015367.2487798,data\session_20260517_113407_c4efba\raw\dual_task.csv,true,1,2220.45,2220.45,0.0,2220.45,2220.45,0,0,1,0.0,0.0,1.0,0.3918852778572279,0.42335524744335346
211,dem,session_20260517_113407_c4efba,11,1779015367.2487798,1779015487.2487798,data\session_20260517_113407_c4efba\raw\dual_task.csv,false,0,nan,nan,nan,nan,nan,0,0,0,nan,nan,nan,nan,nan
212,dem,session_20260517_113407_c4efba,12,1779015487.2487798,1779015607.2487798,data\session_20260517_113407_c4efba\raw\dual_task.csv,true,1,1533.36,1533.36,0.0,1533.36,1533.36,0,0,1,0.0,0.0,1.0,0.26025864004027033,0.29059552686289214
213,dem,session_20260517_113407_c4efba,13,1779015607.2487798,1779015727.2487798,data\session_20260517_113407_c4efba\raw\dual_task.csv,false,0,nan,nan,nan,nan,nan,0,0,0,nan,nan,nan,nan,nan
214,dem,session_20260517_113407_c4efba,14,1779015727.2487798,1779015847.2487798,data\session_20260517_113407_c4efba\raw\dual_task.csv,false,0,nan,nan,nan,nan,nan,0,0,0,nan,nan,nan,nan,nan
215,dem,session_20260517_113407_c4efba,15,1779015847.2487798,1779015847.5199397,data\session_20260517_113407_c4efba\raw\dual_task.csv,false,0,nan,nan,nan,nan,nan,0,0,0,nan,nan,nan,nan,nan
216,dem,session_20260517_121410_2c55a5,0,1779016451.0911162,1779016571.0911162,data\session_20260517_121410_2c55a5\raw\dual_task.csv,false,0,nan,nan,nan,nan,nan,0,0,0,nan,nan,nan,nan,nan
217,dem,session_20260517_121410_2c55a5,1,1779016571.0911162,1779016691.0911162,data\session_20260517_121410_2c55a5\raw\dual_task.csv,false,0,nan,nan,nan,nan,nan,0,0,0,nan,nan,nan,nan,nan
218,dem,session_20260517_121410_2c55a5,2,1779016691.0911162,1779016811.0911162,data\session_20260517_121410_2c55a5\raw\dual_task.csv,true,1,1266.48,1266.48,0.0,1266.48,1266.48,0,0,1,0.0,0.0,1.0,0.21043556124395993,0.23696526827751013
219,dem,session_20260517_121410_2c55a5,3,1779016811.0911162,1779016931.0911162,data\session_20260517_121410_2c55a5\raw\dual_task.csv,false,0,nan,nan,nan,nan,nan,0,0,0,nan,nan,nan,nan,nan
220,dem,session_20260517_121410_2c55a5,4,1779016931.0911162,1779017051.0911162,data\session_20260517_121410_2c55a5\raw\dual_task.csv,true,1,915.77,915.77,0.0,915.77,915.77,0,0,1,0.0,0.0,1.0,0.15268081300880837,0.17284548079008222
221,dem,session_20260517_121410_2c55a5,5,1779017051.0911162,1779017171.0911162,data\session_20260517_121410_2c55a5\raw\dual_task.csv,false,0,nan,nan,nan,nan,nan,0,0,0,nan,nan,nan,nan,nan
222,dem,session_20260517_121410_2c55a5,6,1779017171.0911162,1779017291.0911162,data\session_20260517_121410_2c55a5\raw\dual_task.csv,true,1,900.13,900.13,0.0,900.13,900.13,0,0,1,0.0,0.0,1.0,0.1503621989582524,0.17023342958876617
223,dem,session_20260517_121410_2c55a5,7,1779017291.0911162,1779017411.0911162,data\session_20260517_121410_2c55a5\raw\dual_task.csv,false,0,nan,nan,nan,nan,nan,0,0,0,nan,nan,nan,nan,nan
224,dem,session_20260517_121410_2c55a5,8,1779017411.0911162,1779017531.0911162,data\session_20260517_121410_2c55a5\raw\dual_task.csv,false,0,nan,nan,nan,nan,nan,0,0,0,nan,nan,nan,nan,nan
225,dem,session_20260517_121410_2c55a5,9,1779017531.0911162,1779017651.0911162,data\session_20260517_121410_2c55a5\raw\dual_task.csv,true,1,1636.84,1636.84,0.0,1636.84,1636.84,0,0,1,0.0,0.0,1.0,0.2803697982044946,0.3117493414404908
226,dem,session_20260517_121410_2c55a5,10,1779017651.0911162,1779017771.0911162,data\session_20260517_121410_2c55a5\raw\dual_task.csv,false,0,nan,nan,nan,nan,nan,0,0,0,nan,nan,nan,nan,nan
227,dem,session_20260517_121410_2c55a5,11,1779017771.0911162,1779017891.0911162,data\session_20260517_121410_2c55a5\raw\dual_task.csv,false,0,nan,nan,nan,nan,nan,0,0,0,nan,nan,nan,nan,nan
228,dem,session_20260517_121410_2c55a5,12,1779017891.0911162,1779018011.0911162,data\session_20260517_121410_2c55a5\raw\dual_task.csv,true,1,1463.45,1463.45,0.0,1463.45,1463.45,0,0,1,0.0,0.0,1.0,0.24686342360161376,0.2763442172238273
229,dem,session_20260517_121410_2c55a5,13,1779018011.0911162,1779018131.0911162,data\session_20260517_121410_2c55a5\raw\dual_task.csv,false,0,nan,nan,nan,nan,nan,0,0,0,nan,nan,nan,nan,nan
230,dem,session_20260517_121410_2c55a5,14,1779018131.0911162,1779018250.99784,data\session_20260517_121410_2c55a5\raw\dual_task.csv,true,1,nan,nan,nan,nan,nan,1,0,0,1.0,0.0,0.0,0.25,0.25
231,browser_mp8quvqu5u5czy,session_20260517_134333_aeb7dc,0,1779021813.3752756,1779021933.3752756,data\session_20260517_134333_aeb7dc\raw\dual_task.csv,false,0,nan,nan,nan,nan,nan,0,0,0,nan,nan,nan,nan,nan
232,browser_mp8quvqu5u5czy,session_20260517_134333_aeb7dc,1,1779021933.3752756,1779022053.3752756,data\session_20260517_134333_aeb7dc\raw\dual_task.csv,false,0,nan,nan,nan,nan,nan,0,0,0,nan,nan,nan,nan,nan
233,browser_mp8quvqu5u5czy,session_20260517_134333_aeb7dc,2,1779022053.3752756,1779022173.3752756,data\session_20260517_134333_aeb7dc\raw\dual_task.csv,false,0,nan,nan,nan,nan,nan,0,0,0,nan,nan,nan,nan,nan
234,browser_mp8quvqu5u5czy,session_20260517_134333_aeb7dc,3,1779022173.3752756,1779022293.3752756,data\session_20260517_134333_aeb7dc\raw\dual_task.csv,false,0,nan,nan,nan,nan,nan,0,0,0,nan,nan,nan,nan,nan
235,browser_mp8quvqu5u5czy,session_20260517_134333_aeb7dc,4,1779022293.3752756,1779022413.3752756,data\session_20260517_134333_aeb7dc\raw\dual_task.csv,false,0,nan,nan,nan,nan,nan,0,0,0,nan,nan,nan,nan,nan
236,browser_mp8quvqu5u5czy,session_20260517_134333_aeb7dc,5,1779022413.3752756,1779022533.3752756,data\session_20260517_134333_aeb7dc\raw\dual_task.csv,false,0,nan,nan,nan,nan,nan,0,0,0,nan,nan,nan,nan,nan
237,browser_mp8quvqu5u5czy,session_20260517_134333_aeb7dc,6,1779022533.3752756,1779022653.3752756,data\session_20260517_134333_aeb7dc\raw\dual_task.csv,false,0,nan,nan,nan,nan,nan,0,0,0,nan,nan,nan,nan,nan
238,browser_mp8quvqu5u5czy,session_20260517_134333_aeb7dc,7,1779022653.3752756,1779022773.3752756,data\session_20260517_134333_aeb7dc\raw\dual_task.csv,false,0,nan,nan,nan,nan,nan,0,0,0,nan,nan,nan,nan,nan
239,browser_mp8quvqu5u5czy,session_20260517_134333_aeb7dc,8,1779022773.3752756,1779022893.3752756,data\session_20260517_134333_aeb7dc\raw\dual_task.csv,false,0,nan,nan,nan,nan,nan,0,0,0,nan,nan,nan,nan,nan
240,browser_mp8quvqu5u5czy,session_20260517_134333_aeb7dc,9,1779022893.3752756,1779023013.3752756,data\session_20260517_134333_aeb7dc\raw\dual_task.csv,false,0,nan,nan,nan,nan,nan,0,0,0,nan,nan,nan,nan,nan
241,browser_mp8quvqu5u5czy,session_20260517_134333_aeb7dc,10,1779023013.3752756,1779023133.3752756,data\session_20260517_134333_aeb7dc\raw\dual_task.csv,false,0,nan,nan,nan,nan,nan,0,0,0,nan,nan,nan,nan,nan
242,browser_mp8quvqu5u5czy,session_20260517_134333_aeb7dc,11,1779023133.3752756,1779023253.3752756,data\session_20260517_134333_aeb7dc\raw\dual_task.csv,false,0,nan,nan,nan,nan,nan,0,0,0,nan,nan,nan,nan,nan
243,browser_mp8quvqu5u5czy,session_20260517_134333_aeb7dc,12,1779023253.3752756,1779023373.3752756,data\session_20260517_134333_aeb7dc\raw\dual_task.csv,false,0,nan,nan,nan,nan,nan,0,0,0,nan,nan,nan,nan,nan
244,browser_mp8quvqu5u5czy,session_20260517_134333_aeb7dc,13,1779023373.3752756,1779023493.3752756,data\session_20260517_134333_aeb7dc\raw\dual_task.csv,false,0,nan,nan,nan,nan,nan,0,0,0,nan,nan,nan,nan,nan
245,browser_mp8quvqu5u5czy,session_20260517_134333_aeb7dc,14,1779023493.3752756,1779023613.3752756,data\session_20260517_134333_aeb7dc\raw\dual_task.csv,false,0,nan,nan,nan,nan,nan,0,0,0,nan,nan,nan,nan,nan
246,browser_mp8quvqu5u5czy,session_20260517_134333_aeb7dc,15,1779023613.3752756,1779023613.6599777,data\session_20260517_134333_aeb7dc\raw\dual_task.csv,false,0,nan,nan,nan,nan,nan,0,0,0,nan,nan,nan,nan,nan
247,dem,session_20260518_171548_c29868,0,1779120948.3052857,1779121068.3052857,data\session_20260518_171548_c29868\raw\dual_task.csv,false,0,nan,nan,nan,nan,nan,0,0,0,nan,nan,nan,nan,nan
248,dem,session_20260518_171548_c29868,1,1779121068.3052857,1779121188.3052857,data\session_20260518_171548_c29868\raw\dual_task.csv,false,0,nan,nan,nan,nan,nan,0,0,0,nan,nan,nan,nan,nan
249,dem,session_20260518_171548_c29868,2,1779121188.3052857,1779121308.3052857,data\session_20260518_171548_c29868\raw\dual_task.csv,true,1,2074.05,2074.05,0.0,2074.05,2074.05,0,0,1,0.0,0.0,1.0,0.36513334826184235,0.39750163018074103
250,dem,session_20260518_171548_c29868,3,1779121308.3052857,1779121428.3052857,data\session_20260518_171548_c29868\raw\dual_task.csv,false,0,nan,nan,nan,nan,nan,0,0,0,nan,nan,nan,nan,nan
251,dem,session_20260518_171548_c29868,4,1779121428.3052857,1779121548.3052857,data\session_20260518_171548_c29868\raw\dual_task.csv,false,0,nan,nan,nan,nan,nan,0,0,0,nan,nan,nan,nan,nan
252,dem,session_20260518_171548_c29868,5,1779121548.3052857,1779121668.3052857,data\session_20260518_171548_c29868\raw\dual_task.csv,true,1,1913.45,1913.45,0.0,1913.45,1913.45,0,0,1,0.0,0.0,1.0,0.33450002631819126,0.36716808386677874
253,dem,session_20260518_171548_c29868,6,1779121668.3052857,1779121788.3052857,data\session_20260518_171548_c29868\raw\dual_task.csv,false,0,nan,nan,nan,nan,nan,0,0,0,nan,nan,nan,nan,nan
254,dem,session_20260518_171548_c29868,7,1779121788.3052857,1779121908.3052857,data\session_20260518_171548_c29868\raw\dual_task.csv,false,0,nan,nan,nan,nan,nan,0,0,0,nan,nan,nan,nan,nan
255,dem,session_20260518_171548_c29868,8,1779121908.3052857,1779122028.3052857,data\session_20260518_171548_c29868\raw\dual_task.csv,false,0,nan,nan,nan,nan,nan,0,0,0,nan,nan,nan,nan,nan
256,dem,session_20260518_171548_c29868,9,1779122028.3052857,1779122148.3052857,data\session_20260518_171548_c29868\raw\dual_task.csv,false,0,nan,nan,nan,nan,nan,0,0,0,nan,nan,nan,nan,nan
257,dem,session_20260518_171548_c29868,10,1779122148.3052857,1779122268.3052857,data\session_20260518_171548_c29868\raw\dual_task.csv,true,1,1701.45,1701.45,0.0,1701.45,1701.45,0,0,1,0.0,0.0,1.0,0.29302896294803754,0.3249113843775005
258,dem,session_20260518_171548_c29868,11,1779122268.3052857,1779122388.3052857,data\session_20260518_171548_c29868\raw\dual_task.csv,false,0,nan,nan,nan,nan,nan,0,0,0,nan,nan,nan,nan,nan
259,dem,session_20260518_171548_c29868,12,1779122388.3052857,1779122508.3052857,data\session_20260518_171548_c29868\raw\dual_task.csv,true,1,1085.34,1085.34,0.0,1085.34,1085.34,0,0,1,0.0,0.0,1.0,0.17928753142261902,0.20262093754933097
260,dem,session_20260518_171548_c29868,13,1779122508.3052857,1779122628.3052857,data\session_20260518_171548_c29868\raw\dual_task.csv,false,0,nan,nan,nan,nan,nan,0,0,0,nan,nan,nan,nan,nan
261,dem,session_20260518_171548_c29868,14,1779122628.3052857,1779122748.3052857,data\session_20260518_171548_c29868\raw\dual_task.csv,true,1,2069.68,2069.68,0.0,2069.68,2069.68,0,0,1,0.0,0.0,1.0,0.36431525038259766,0.39670154221071785
262,dem,session_20260518_171548_c29868,15,1779122748.3052857,1779122748.3654711,data\session_20260518_171548_c29868\raw\dual_task.csv,false,0,nan,nan,nan,nan,nan,0,0,0,nan,nan,nan,nan,nan
263,dem,session_20260518_184628_9851e6,0,1779126388.7612658,1779126508.7612658,data\session_20260518_184628_9851e6\raw\dual_task.csv,false,0,nan,nan,nan,nan,nan,0,0,0,nan,nan,nan,nan,nan
264,dem,session_20260518_184628_9851e6,1,1779126508.7612658,1779126628.7612658,data\session_20260518_184628_9851e6\raw\dual_task.csv,true,1,2009.82,2009.82,0.0,2009.82,2009.82,0,0,1,0.0,0.0,1.0,0.35301294525113874,0.38559145620504676
265,dem,session_20260518_184628_9851e6,2,1779126628.7612658,1779126748.7612658,data\session_20260518_184628_9851e6\raw\dual_task.csv,false,0,nan,nan,nan,nan,nan,0,0,0,nan,nan,nan,nan,nan
266,dem,session_20260518_184628_9851e6,3,1779126748.7612658,1779126868.7612658,data\session_20260518_184628_9851e6\raw\dual_task.csv,true,1,2852.83,2852.83,0.0,2852.83,2852.83,0,0,1,0.0,0.0,1.0,0.4869795761865997,0.5101273429088777
267,dem,session_20260518_184628_9851e6,4,1779126868.7612658,1779126988.7612658,data\session_20260518_184628_9851e6\raw\dual_task.csv,false,0,nan,nan,nan,nan,nan,0,0,0,nan,nan,nan,nan,nan
268,dem,session_20260518_184628_9851e6,5,1779126988.7612658,1779127108.7612658,data\session_20260518_184628_9851e6\raw\dual_task.csv,true,1,1145.91,1145.91,0.0,1145.91,1145.91,0,0,1,0.0,0.0,1.0,0.18941096125381912,0.21384715460780437
269,dem,session_20260518_184628_9851e6,6,1779127108.7612658,1779127228.7612658,data\session_20260518_184628_9851e6\raw\dual_task.csv,false,0,nan,nan,nan,nan,nan,0,0,0,nan,nan,nan,nan,nan
270,dem,session_20260518_184628_9851e6,7,1779127228.7612658,1779127348.7612658,data\session_20260518_184628_9851e6\raw\dual_task.csv,false,0,nan,nan,nan,nan,nan,0,0,0,nan,nan,nan,nan,nan
271,dem,session_20260518_184628_9851e6,8,1779127348.7612658,1779127468.7612658,data\session_20260518_184628_9851e6\raw\dual_task.csv,false,0,nan,nan,nan,nan,nan,0,0,0,nan,nan,nan,nan,nan
272,dem,session_20260518_184628_9851e6,9,1779127468.7612658,1779127588.7612658,data\session_20260518_184628_9851e6\raw\dual_task.csv,false,0,nan,nan,nan,nan,nan,0,0,0,nan,nan,nan,nan,nan
273,dem,session_20260518_184628_9851e6,10,1779127588.7612658,1779127708.7612658,data\session_20260518_184628_9851e6\raw\dual_task.csv,true,1,1247.39,1247.39,0.0,1247.39,1247.39,0,0,1,0.0,0.0,1.0,0.20703424287091118,0.23324388082486103
274,dem,session_20260518_184628_9851e6,11,1779127708.7612658,1779127828.7612658,data\session_20260518_184628_9851e6\raw\dual_task.csv,false,0,nan,nan,nan,nan,nan,0,0,0,nan,nan,nan,nan,nan
275,dem,session_20260518_184628_9851e6,12,1779127828.7612658,1779127948.7612658,data\session_20260518_184628_9851e6\raw\dual_task.csv,true,1,nan,nan,nan,nan,nan,1,0,0,1.0,0.0,0.0,0.25,0.25
276,dem,session_20260518_184628_9851e6,13,1779127948.7612658,1779128068.7612658,data\session_20260518_184628_9851e6\raw\dual_task.csv,false,0,nan,nan,nan,nan,nan,0,0,0,nan,nan,nan,nan,nan
277,dem,session_20260518_184628_9851e6,14,1779128068.7612658,1779128188.7612658,data\session_20260518_184628_9851e6\raw\dual_task.csv,false,0,nan,nan,nan,nan,nan,0,0,0,nan,nan,nan,nan,nan
278,dem,session_20260518_184628_9851e6,15,1779128188.7612658,1779128308.7612658,data\session_20260518_184628_9851e6\raw\dual_task.csv,true,1,1346.05,1346.05,0.0,1346.05,1346.05,0,0,1,0.0,0.0,1.0,0.22487788138978837,0.2526835971946397
279,dem,session_20260518_184628_9851e6,16,1779128308.7612658,1779128428.7612658,data\session_20260518_184628_9851e6\raw\dual_task.csv,false,0,nan,nan,nan,nan,nan,0,0,0,nan,nan,nan,nan,nan
280,dem,session_20260518_184628_9851e6,17,1779128428.7612658,1779128548.7612658,data\session_20260518_184628_9851e6\raw\dual_task.csv,false,0,nan,nan,nan,nan,nan,0,0,0,nan,nan,nan,nan,nan
281,dem,session_20260518_184628_9851e6,18,1779128548.7612658,1779128668.7612658,data\session_20260518_184628_9851e6\raw\dual_task.csv,true,1,1351.23,1351.23,0.0,1351.23,1351.23,0,0,1,0.0,0.0,1.0,0.22583199205451793,0.2537171881478589
282,dem,session_20260518_184628_9851e6,19,1779128668.7612658,1779128788.7612658,data\session_20260518_184628_9851e6\raw\dual_task.csv,false,0,nan,nan,nan,nan,nan,0,0,0,nan,nan,nan,nan,nan
283,dem,session_20260518_184628_9851e6,20,1779128788.7612658,1779128908.7612658,data\session_20260518_184628_9851e6\raw\dual_task.csv,true,1,1080.47,1080.47,0.0,1080.47,1080.47,0,0,1,0.0,0.0,1.0,0.1784871652540204,0.2017308650916969
284,dem,session_20260518_184628_9851e6,21,1779128908.7612658,1779129028.7612658,data\session_20260518_184628_9851e6\raw\dual_task.csv,false,0,nan,nan,nan,nan,nan,0,0,0,nan,nan,nan,nan,nan
285,dem,session_20260518_184628_9851e6,22,1779129028.7612658,1779129148.7612658,data\session_20260518_184628_9851e6\raw\dual_task.csv,true,1,1318.73,1318.73,0.0,1318.73,1318.73,0,0,1,0.0,0.0,1.0,0.21987297181730964,0.24725189955842156
286,dem,session_20260518_184628_9851e6,23,1779129148.7612658,1779129268.7612658,data\session_20260518_184628_9851e6\raw\dual_task.csv,false,0,nan,nan,nan,nan,nan,0,0,0,nan,nan,nan,nan,nan
287,dem,session_20260518_184628_9851e6,24,1779129268.7612658,1779129388.7612658,data\session_20260518_184628_9851e6\raw\dual_task.csv,false,0,nan,nan,nan,nan,nan,0,0,0,nan,nan,nan,nan,nan
288,dem,session_20260518_184628_9851e6,25,1779129388.7612658,1779129508.7612658,data\session_20260518_184628_9851e6\raw\dual_task.csv,true,1,1353.29,1353.29,0.0,1353.29,1353.29,0,0,1,0.0,0.0,1.0,0.22621187189966377,0.2541285445993089
289,dem,session_20260518_184628_9851e6,26,1779129508.7612658,1779129628.7612658,data\session_20260518_184628_9851e6\raw\dual_task.csv,false,0,nan,nan,nan,nan,nan,0,0,0,nan,nan,nan,nan,nan
290,dem,session_20260518_184628_9851e6,27,1779129628.7612658,1779129748.7612658,data\session_20260518_184628_9851e6\raw\dual_task.csv,true,1,1973.67,1973.67,0.0,1973.67,1973.67,0,0,1,0.0,0.0,1.0,0.34610905767671224,0.3787534417908347
291,dem,session_20260518_184628_9851e6,28,1779129748.7612658,1779129868.7612658,data\session_20260518_184628_9851e6\raw\dual_task.csv,false,0,nan,nan,nan,nan,nan,0,0,0,nan,nan,nan,nan,nan
292,dem,session_20260518_184628_9851e6,29,1779129868.7612658,1779129988.7612658,data\session_20260518_184628_9851e6\raw\dual_task.csv,true,1,1296.09,1296.09,0.0,1296.09,1296.09,0,0,1,0.0,0.0,1.0,0.21576135759994697,0.24277738563475837
293,dem,session_20260518_184628_9851e6,30,1779129988.7612658,1779129989.029703,data\session_20260518_184628_9851e6\raw\dual_task.csv,false,0,nan,nan,nan,nan,nan,0,0,0,nan,nan,nan,nan,nan
294,dem,session_20260518_212527_225c72,0,1779135927.5924158,1779136047.5924158,data\session_20260518_212527_225c72\raw\dual_task.csv,false,0,nan,nan,nan,nan,nan,0,0,0,nan,nan,nan,nan,nan
295,dem,session_20260518_212527_225c72,1,1779136047.5924158,1779136167.5924158,data\session_20260518_212527_225c72\raw\dual_task.csv,false,0,nan,nan,nan,nan,nan,0,0,0,nan,nan,nan,nan,nan
296,dem,session_20260518_212527_225c72,2,1779136167.5924158,1779136287.5924158,data\session_20260518_212527_225c72\raw\dual_task.csv,true,1,2926.44,2926.44,0.0,2926.44,2926.44,0,0,1,0.0,0.0,1.0,0.4955541432862586,0.5175296179674341
297,dem,session_20260518_212527_225c72,3,1779136287.5924158,1779136407.5924158,data\session_20260518_212527_225c72\raw\dual_task.csv,true,1,1878.78,1878.78,0.0,1878.78,1878.78,0,0,1,0.0,0.0,1.0,0.32776627741536857,0.36039851998065997
298,dem,session_20260518_212527_225c72,4,1779136407.5924158,1779136527.5924158,data\session_20260518_212527_225c72\raw\dual_task.csv,false,0,nan,nan,nan,nan,nan,0,0,0,nan,nan,nan,nan,nan
299,dem,session_20260518_212527_225c72,5,1779136527.5924158,1779136647.5924158,data\session_20260518_212527_225c72\raw\dual_task.csv,false,0,nan,nan,nan,nan,nan,0,0,0,nan,nan,nan,nan,nan
300,dem,session_20260518_212527_225c72,6,1779136647.5924158,1779136767.5924158,data\session_20260518_212527_225c72\raw\dual_task.csv,true,1,2134.36,2134.36,0.0,2134.36,2134.36,0,0,1,0.0,0.0,1.0,0.37631523333802946,0.4083814110604211
301,dem,session_20260518_212527_225c72,7,1779136767.5924158,1779136887.5924158,data\session_20260518_212527_225c72\raw\dual_task.csv,false,0,nan,nan,nan,nan,nan,0,0,0,nan,nan,nan,nan,nan
302,dem,session_20260518_212527_225c72,8,1779136887.5924158,1779137007.5924158,data\session_20260518_212527_225c72\raw\dual_task.csv,false,0,nan,nan,nan,nan,nan,0,0,0,nan,nan,nan,nan,nan
303,dem,session_20260518_212527_225c72,9,1779137007.5924158,1779137127.5924158,data\session_20260518_212527_225c72\raw\dual_task.csv,true,1,nan,nan,nan,nan,nan,1,0,0,1.0,0.0,0.0,0.25,0.25
304,dem,session_20260518_212527_225c72,10,1779137127.5924158,1779137247.5924158,data\session_20260518_212527_225c72\raw\dual_task.csv,false,0,nan,nan,nan,nan,nan,0,0,0,nan,nan,nan,nan,nan
305,dem,session_20260518_212527_225c72,11,1779137247.5924158,1779137367.5924158,data\session_20260518_212527_225c72\raw\dual_task.csv,true,1,nan,nan,nan,nan,nan,1,0,0,1.0,0.0,0.0,0.25,0.25
306,dem,session_20260518_212527_225c72,12,1779137367.5924158,1779137487.5924158,data\session_20260518_212527_225c72\raw\dual_task.csv,false,0,nan,nan,nan,nan,nan,0,0,0,nan,nan,nan,nan,nan
307,dem,session_20260518_212527_225c72,13,1779137487.5924158,1779137607.5924158,data\session_20260518_212527_225c72\raw\dual_task.csv,false,0,nan,nan,nan,nan,nan,0,0,0,nan,nan,nan,nan,nan
308,dem,session_20260518_212527_225c72,14,1779137607.5924158,1779137727.5924158,data\session_20260518_212527_225c72\raw\dual_task.csv,false,0,nan,nan,nan,nan,nan,0,0,0,nan,nan,nan,nan,nan
309,dem,session_20260518_212527_225c72,15,1779137727.5924158,1779137727.6504517,data\session_20260518_212527_225c72\raw\dual_task.csv,false,0,nan,nan,nan,nan,nan,0,0,0,nan,nan,nan,nan,nan
310,dem,session_20260519_173652_663f90,0,1779208612.5524266,1779208732.5524266,data\session_20260519_173652_663f90\raw\dual_task.csv,false,0,nan,nan,nan,nan,nan,0,0,0,nan,nan,nan,nan,nan
311,dem,session_20260519_173652_663f90,1,1779208732.5524266,1779208852.5524266,data\session_20260519_173652_663f90\raw\dual_task.csv,false,0,nan,nan,nan,nan,nan,0,0,0,nan,nan,nan,nan,nan
312,dem,session_20260519_173652_663f90,2,1779208852.5524266,1779208972.5524266,data\session_20260519_173652_663f90\raw\dual_task.csv,true,1,nan,nan,nan,nan,nan,1,0,0,1.0,0.0,0.0,0.25,0.25
313,dem,session_20260519_173652_663f90,3,1779208972.5524266,1779209092.5524266,data\session_20260519_173652_663f90\raw\dual_task.csv,false,0,nan,nan,nan,nan,nan,0,0,0,nan,nan,nan,nan,nan
314,dem,session_20260519_173652_663f90,4,1779209092.5524266,1779209212.5524266,data\session_20260519_173652_663f90\raw\dual_task.csv,false,0,nan,nan,nan,nan,nan,0,0,0,nan,nan,nan,nan,nan
315,dem,session_20260519_173652_663f90,5,1779209212.5524266,1779209332.5524266,data\session_20260519_173652_663f90\raw\dual_task.csv,true,1,2275.5,2275.5,0.0,2275.5,2275.5,0,0,1,0.0,0.0,1.0,0.40156915597448417,0.43256373636740036
316,dem,session_20260519_173652_663f90,6,1779209332.5524266,1779209452.5524266,data\session_20260519_173652_663f90\raw\dual_task.csv,true,1,1824.72,1824.72,0.0,1824.72,1824.72,0,0,1,0.0,0.0,1.0,0.3172125131595572,0.34971630628254263
317,dem,session_20260519_173652_663f90,7,1779209452.5524266,1779209572.5524266,data\session_20260519_173652_663f90\raw\dual_task.csv,false,0,nan,nan,nan,nan,nan,0,0,0,nan,nan,nan,nan,nan
318,dem,session_20260519_173652_663f90,8,1779209572.5524266,1779209692.5524266,data\session_20260519_173652_663f90\raw\dual_task.csv,true,1,2007.07,2007.07,0.0,2007.07,2007.07,0,0,1,0.0,0.0,1.0,0.3524896851863541,0.385074551512303
319,dem,session_20260519_173652_663f90,9,1779209692.5524266,1779209812.5524266,data\session_20260519_173652_663f90\raw\dual_task.csv,false,0,nan,nan,nan,nan,nan,0,0,0,nan,nan,nan,nan,nan
320,dem,session_20260519_173652_663f90,10,1779209812.5524266,1779209932.5524266,data\session_20260519_173652_663f90\raw\dual_task.csv,false,0,nan,nan,nan,nan,nan,0,0,0,nan,nan,nan,nan,nan
321,dem,session_20260519_173652_663f90,11,1779209932.5524266,1779210052.5524266,data\session_20260519_173652_663f90\raw\dual_task.csv,false,0,nan,nan,nan,nan,nan,0,0,0,nan,nan,nan,nan,nan
322,dem,session_20260519_173652_663f90,12,1779210052.5524266,1779210172.5524266,data\session_20260519_173652_663f90\raw\dual_task.csv,false,0,nan,nan,nan,nan,nan,0,0,0,nan,nan,nan,nan,nan
323,dem,session_20260519_173652_663f90,13,1779210172.5524266,1779210292.5524266,data\session_20260519_173652_663f90\raw\dual_task.csv,false,0,nan,nan,nan,nan,nan,0,0,0,nan,nan,nan,nan,nan
324,dem,session_20260519_173652_663f90,14,1779210292.5524266,1779210412.5524266,data\session_20260519_173652_663f90\raw\dual_task.csv,false,0,nan,nan,nan,nan,nan,0,0,0,nan,nan,nan,nan,nan
325,dem,session_20260519_173652_663f90,15,1779210412.5524266,1779210412.7157,data\session_20260519_173652_663f90\raw\dual_task.csv,false,0,nan,nan,nan,nan,nan,0,0,0,nan,nan,nan,nan,nan
326,dem,session_20260519_182012_30aa98,0,1779211212.477189,1779211332.477189,data\session_20260519_182012_30aa98\raw\dual_task.csv,false,0,nan,nan,nan,nan,nan,0,0,0,nan,nan,nan,nan,nan
327,dem,session_20260519_182012_30aa98,1,1779211332.477189,1779211452.477189,data\session_20260519_182012_30aa98\raw\dual_task.csv,true,1,1977.27,1977.27,0.0,1977.27,1977.27,0,0,1,0.0,0.0,1.0,0.3467989590635962,0.37943850633737064
328,dem,session_20260519_182012_30aa98,2,1779211452.477189,1779211572.477189,data\session_20260519_182012_30aa98\raw\dual_task.csv,false,0,nan,nan,nan,nan,nan,0,0,0,nan,nan,nan,nan,nan
329,dem,session_20260519_182012_30aa98,3,1779211572.477189,1779211692.477189,data\session_20260519_182012_30aa98\raw\dual_task.csv,false,0,nan,nan,nan,nan,nan,0,0,0,nan,nan,nan,nan,nan
330,dem,session_20260519_182012_30aa98,4,1779211692.477189,1779211812.477189,data\session_20260519_182012_30aa98\raw\dual_task.csv,true,1,2085.16,2085.16,0.0,2085.16,2085.16,0,0,1,0.0,0.0,1.0,0.36720862771274915,0.39952872920331706
331,dem,session_20260519_182012_30aa98,5,1779211812.477189,1779211932.477189,data\session_20260519_182012_30aa98\raw\dual_task.csv,false,0,nan,nan,nan,nan,nan,0,0,0,nan,nan,nan,nan,nan
332,dem,session_20260519_182012_30aa98,6,1779211932.477189,1779212052.477189,data\session_20260519_182012_30aa98\raw\dual_task.csv,false,0,nan,nan,nan,nan,nan,0,0,0,nan,nan,nan,nan,nan
333,dem,session_20260519_182012_30aa98,7,1779212052.477189,1779212172.477189,data\session_20260519_182012_30aa98\raw\dual_task.csv,true,1,1749.87,1749.87,0.0,1749.87,1749.87,0,0,1,0.0,0.0,1.0,0.3025347831398797,0.33471514686435955
334,dem,session_20260519_182012_30aa98,8,1779212172.477189,1779212292.477189,data\session_20260519_182012_30aa98\raw\dual_task.csv,false,0,nan,nan,nan,nan,nan,0,0,0,nan,nan,nan,nan,nan
335,dem,session_20260519_182012_30aa98,9,1779212292.477189,1779212412.477189,data\session_20260519_182012_30aa98\raw\dual_task.csv,false,0,nan,nan,nan,nan,nan,0,0,0,nan,nan,nan,nan,nan
336,dem,session_20260519_182012_30aa98,10,1779212412.477189,1779212532.477189,data\session_20260519_182012_30aa98\raw\dual_task.csv,true,1,1391.94,1391.94,0.0,1391.94,1391.94,0,0,1,0.0,0.0,1.0,0.23338469529159628,0.26187755819912545
337,dem,session_20260519_182012_30aa98,11,1779212532.477189,1779212652.477189,data\session_20260519_182012_30aa98\raw\dual_task.csv,true,1,1069.86,1069.86,0.0,1069.86,1069.86,0,0,1,0.0,0.0,1.0,0.17675060924327632,0.19979842716961338
338,dem,session_20260519_182012_30aa98,12,1779212652.477189,1779212772.477189,data\session_20260519_182012_30aa98\raw\dual_task.csv,false,0,nan,nan,nan,nan,nan,0,0,0,nan,nan,nan,nan,nan
339,dem,session_20260519_182012_30aa98,13,1779212772.477189,1779212892.477189,data\session_20260519_182012_30aa98\raw\dual_task.csv,false,0,nan,nan,nan,nan,nan,0,0,0,nan,nan,nan,nan,nan
340,dem,session_20260519_182012_30aa98,14,1779212892.477189,1779213012.477189,data\session_20260519_182012_30aa98\raw\dual_task.csv,true,1,nan,nan,nan,nan,nan,1,0,0,1.0,0.0,0.0,0.25,0.25
341,dem,session_20260519_182012_30aa98,15,1779213012.477189,1779213012.606699,data\session_20260519_182012_30aa98\raw\dual_task.csv,false,0,nan,nan,nan,nan,nan,0,0,0,nan,nan,nan,nan,nan
342,dem,session_20260519_190457_ea6bb1,0,1779213897.9431384,1779214017.9431384,data\session_20260519_190457_ea6bb1\raw\dual_task.csv,false,0,nan,nan,nan,nan,nan,0,0,0,nan,nan,nan,nan,nan
343,dem,session_20260519_190457_ea6bb1,1,1779214017.9431384,1779214137.9431384,data\session_20260519_190457_ea6bb1\raw\dual_task.csv,false,0,nan,nan,nan,nan,nan,0,0,0,nan,nan,nan,nan,nan
344,dem,session_20260519_190457_ea6bb1,2,1779214137.9431384,1779214257.9431384,data\session_20260519_190457_ea6bb1\raw\dual_task.csv,true,1,2911.74,2911.74,0.0,2911.74,2911.74,0,0,1,0.0,0.0,1.0,0.49388381899616196,0.5160935348212256
345,dem,session_20260519_190457_ea6bb1,3,1779214257.9431384,1779214377.9431384,data\session_20260519_190457_ea6bb1\raw\dual_task.csv,false,0,nan,nan,nan,nan,nan,0,0,0,nan,nan,nan,nan,nan
346,dem,session_20260519_190457_ea6bb1,4,1779214377.9431384,1779214497.9431384,data\session_20260519_190457_ea6bb1\raw\dual_task.csv,true,1,nan,nan,nan,nan,nan,1,0,0,1.0,0.0,0.0,0.25,0.25
347,dem,session_20260519_190457_ea6bb1,5,1779214497.9431384,1779214617.9431384,data\session_20260519_190457_ea6bb1\raw\dual_task.csv,false,0,nan,nan,nan,nan,nan,0,0,0,nan,nan,nan,nan,nan
348,dem,session_20260519_190457_ea6bb1,6,1779214617.9431384,1779214737.9431384,data\session_20260519_190457_ea6bb1\raw\dual_task.csv,true,1,2145.26,2145.26,0.0,2145.26,2145.26,0,0,1,0.0,0.0,1.0,0.37831326477545285,0.41031442192585965
349,dem,session_20260519_190457_ea6bb1,7,1779214737.9431384,1779214857.9431384,data\session_20260519_190457_ea6bb1\raw\dual_task.csv,false,0,nan,nan,nan,nan,nan,0,0,0,nan,nan,nan,nan,nan
350,dem,session_20260519_190457_ea6bb1,8,1779214857.9431384,1779214977.9431384,data\session_20260519_190457_ea6bb1\raw\dual_task.csv,false,0,nan,nan,nan,nan,nan,0,0,0,nan,nan,nan,nan,nan
351,dem,session_20260519_190457_ea6bb1,9,1779214977.9431384,1779215097.9431384,data\session_20260519_190457_ea6bb1\raw\dual_task.csv,true,1,1475.4,1475.4,0.0,1475.4,1475.4,0,0,1,0.0,0.0,1.0,0.249139269889489,0.27877444825013276
352,dem,session_20260519_190457_ea6bb1,10,1779215097.9431384,1779215217.9431384,data\session_20260519_190457_ea6bb1\raw\dual_task.csv,false,0,nan,nan,nan,nan,nan,0,0,0,nan,nan,nan,nan,nan
353,dem,session_20260519_190457_ea6bb1,11,1779215217.9431384,1779215337.9431384,data\session_20260519_190457_ea6bb1\raw\dual_task.csv,true,1,1941.85,1941.85,0.0,1941.85,1941.85,0,0,1,0.0,0.0,1.0,0.33999017521636316,0.37266057977417405
354,dem,session_20260519_190457_ea6bb1,12,1779215337.9431384,1779215457.9431384,data\session_20260519_190457_ea6bb1\raw\dual_task.csv,false,0,nan,nan,nan,nan,nan,0,0,0,nan,nan,nan,nan,nan
355,dem,session_20260519_190457_ea6bb1,13,1779215457.9431384,1779215577.9431384,data\session_20260519_190457_ea6bb1\raw\dual_task.csv,true,1,1287.1,1287.1,0.0,1287.1,1287.1,0,0,1,0.0,0.0,1.0,0.21413807231192653,0.2410078043906938
356,dem,session_20260519_190457_ea6bb1,14,1779215577.9431384,1779215697.9431384,data\session_20260519_190457_ea6bb1\raw\dual_task.csv,false,0,nan,nan,nan,nan,nan,0,0,0,nan,nan,nan,nan,nan
357,dem,session_20260519_190457_ea6bb1,15,1779215697.9431384,1779215697.9992476,data\session_20260519_190457_ea6bb1\raw\dual_task.csv,false,0,nan,nan,nan,nan,nan,0,0,0,nan,nan,nan,nan,nan
358,ignorant,session_20260520_170354_7f6034,0,1779293034.9197156,1779293154.9197156,data\session_20260520_170354_7f6034\raw\dual_task.csv,false,0,nan,nan,nan,nan,nan,0,0,0,nan,nan,nan,nan,nan
359,ignorant,session_20260520_170354_7f6034,1,1779293154.9197156,1779293274.9197156,data\session_20260520_170354_7f6034\raw\dual_task.csv,false,0,nan,nan,nan,nan,nan,0,0,0,nan,nan,nan,nan,nan
360,ignorant,session_20260520_170354_7f6034,2,1779293274.9197156,1779293394.9197156,data\session_20260520_170354_7f6034\raw\dual_task.csv,false,0,nan,nan,nan,nan,nan,0,0,0,nan,nan,nan,nan,nan
361,ignorant,session_20260520_170354_7f6034,3,1779293394.9197156,1779293514.9197156,data\session_20260520_170354_7f6034\raw\dual_task.csv,false,0,nan,nan,nan,nan,nan,0,0,0,nan,nan,nan,nan,nan
362,ignorant,session_20260520_170354_7f6034,4,1779293514.9197156,1779293634.9197156,data\session_20260520_170354_7f6034\raw\dual_task.csv,true,1,nan,nan,nan,nan,nan,1,0,0,1.0,0.0,0.0,0.25,0.25
363,ignorant,session_20260520_170354_7f6034,5,1779293634.9197156,1779293754.9197156,data\session_20260520_170354_7f6034\raw\dual_task.csv,false,0,nan,nan,nan,nan,nan,0,0,0,nan,nan,nan,nan,nan
364,ignorant,session_20260520_170354_7f6034,6,1779293754.9197156,1779293874.9197156,data\session_20260520_170354_7f6034\raw\dual_task.csv,false,0,nan,nan,nan,nan,nan,0,0,0,nan,nan,nan,nan,nan
365,ignorant,session_20260520_170354_7f6034,7,1779293874.9197156,1779293994.9197156,data\session_20260520_170354_7f6034\raw\dual_task.csv,false,0,nan,nan,nan,nan,nan,0,0,0,nan,nan,nan,nan,nan
366,ignorant,session_20260520_170354_7f6034,8,1779293994.9197156,1779294114.9197156,data\session_20260520_170354_7f6034\raw\dual_task.csv,true,1,1815.6,1815.6,0.0,1815.6,1815.6,0,0,1,0.0,0.0,1.0,0.31542713043176707,0.3033512530042575
367,ignorant,session_20260520_170354_7f6034,9,1779294114.9197156,1779294234.9197156,data\session_20260520_170354_7f6034\raw\dual_task.csv,false,0,nan,nan,nan,nan,nan,0,0,0,nan,nan,nan,nan,nan
368,ignorant,session_20260520_170354_7f6034,10,1779294234.9197156,1779294354.9197156,data\session_20260520_170354_7f6034\raw\dual_task.csv,true,1,2102.24,2102.24,0.0,2102.24,2102.24,0,0,1,0.0,0.0,1.0,0.37038583613802983,0.35427031507786727
369,ignorant,session_20260520_170354_7f6034,11,1779294354.9197156,1779294474.9197156,data\session_20260520_170354_7f6034\raw\dual_task.csv,false,0,nan,nan,nan,nan,nan,0,0,0,nan,nan,nan,nan,nan
370,ignorant,session_20260520_170354_7f6034,12,1779294474.9197156,1779294594.9197156,data\session_20260520_170354_7f6034\raw\dual_task.csv,true,1,1778.31,1778.31,0.0,1778.31,1778.31,0,0,1,0.0,0.0,1.0,0.30811697870167803,0.29664874699574256
371,ignorant,session_20260520_170354_7f6034,13,1779294594.9197156,1779294714.9197156,data\session_20260520_170354_7f6034\raw\dual_task.csv,false,0,nan,nan,nan,nan,nan,0,0,0,nan,nan,nan,nan,nan
372,ignorant,session_20260520_170354_7f6034,14,1779294714.9197156,1779294834.9197156,data\session_20260520_170354_7f6034\raw\dual_task.csv,true,1,1569.18,1569.18,0.0,1569.18,1569.18,0,0,1,0.0,0.0,1.0,0.26718863005616167,0.25931031134511645
373,ignorant,session_20260520_170354_7f6034,15,1779294834.9197156,1779294834.9347138,data\session_20260520_170354_7f6034\raw\dual_task.csv,false,0,nan,nan,nan,nan,nan,0,0,0,nan,nan,nan,nan,nan
374,dem,session_20260520_181016_d6e98d,0,1779297016.9046645,1779297136.9046645,data\session_20260520_181016_d6e98d\raw\dual_task.csv,false,0,nan,nan,nan,nan,nan,0,0,0,nan,nan,nan,nan,nan
375,dem,session_20260520_181016_d6e98d,1,1779297136.9046645,1779297256.9046645,data\session_20260520_181016_d6e98d\raw\dual_task.csv,false,0,nan,nan,nan,nan,nan,0,0,0,nan,nan,nan,nan,nan
376,dem,session_20260520_181016_d6e98d,2,1779297256.9046645,1779297376.9046645,data\session_20260520_181016_d6e98d\raw\dual_task.csv,true,1,974.69,974.69,0.0,974.69,974.69,0,0,1,0.0,0.0,1.0,0.16162479139175434,0.18289631168433088
377,dem,session_20260520_181016_d6e98d,3,1779297376.9046645,1779297496.9046645,data\session_20260520_181016_d6e98d\raw\dual_task.csv,false,0,nan,nan,nan,nan,nan,0,0,0,nan,nan,nan,nan,nan
378,dem,session_20260520_181016_d6e98d,4,1779297496.9046645,1779297616.9046645,data\session_20260520_181016_d6e98d\raw\dual_task.csv,true,1,nan,nan,nan,nan,nan,1,0,0,1.0,0.0,0.0,0.25,0.25
379,dem,session_20260520_181016_d6e98d,5,1779297616.9046645,1779297736.9046645,data\session_20260520_181016_d6e98d\raw\dual_task.csv,false,0,nan,nan,nan,nan,nan,0,0,0,nan,nan,nan,nan,nan
380,dem,session_20260520_181016_d6e98d,6,1779297736.9046645,1779297856.9046645,data\session_20260520_181016_d6e98d\raw\dual_task.csv,true,1,2771.2,2771.2,0.0,2771.2,2771.2,0,0,1,0.0,0.0,1.0,0.47685025404049786,0.5012877443294812
381,dem,session_20260520_181016_d6e98d,7,1779297856.9046645,1779297976.9046645,data\session_20260520_181016_d6e98d\raw\dual_task.csv,false,0,nan,nan,nan,nan,nan,0,0,0,nan,nan,nan,nan,nan
382,dem,session_20260520_181016_d6e98d,8,1779297976.9046645,1779298096.9046645,data\session_20260520_181016_d6e98d\raw\dual_task.csv,false,0,nan,nan,nan,nan,nan,0,0,0,nan,nan,nan,nan,nan
383,dem,session_20260520_181016_d6e98d,9,1779298096.9046645,1779298216.9046645,data\session_20260520_181016_d6e98d\raw\dual_task.csv,true,1,1978.7,1978.7,0.0,1978.7,1978.7,0,0,1,0.0,0.0,1.0,0.3470728629366131,0.37971038264107504
384,dem,session_20260520_181016_d6e98d,10,1779298216.9046645,1779298336.9046645,data\session_20260520_181016_d6e98d\raw\dual_task.csv,false,0,nan,nan,nan,nan,nan,0,0,0,nan,nan,nan,nan,nan
385,dem,session_20260520_181016_d6e98d,11,1779298336.9046645,1779298456.9046645,data\session_20260520_181016_d6e98d\raw\dual_task.csv,true,1,1161.72,1161.72,0.0,1161.72,1161.72,0,0,1,0.0,0.0,1.0,0.19210355544181468,0.2168229320615054
386,dem,session_20260520_181016_d6e98d,12,1779298456.9046645,1779298576.9046645,data\session_20260520_181016_d6e98d\raw\dual_task.csv,false,0,nan,nan,nan,nan,nan,0,0,0,nan,nan,nan,nan,nan
387,dem,session_20260520_181016_d6e98d,13,1779298576.9046645,1779298696.9046645,data\session_20260520_181016_d6e98d\raw\dual_task.csv,true,1,2103.29,2103.29,0.0,2103.29,2103.29,0,0,1,0.0,0.0,1.0,0.3705806207529905,0.4028147875116453
388,dem,session_20260520_181016_d6e98d,14,1779298696.9046645,1779298816.8457136,data\session_20260520_181016_d6e98d\raw\dual_task.csv,false,0,nan,nan,nan,nan,nan,0,0,0,nan,nan,nan,nan,nan
389,dem,session_20260520_185932_829e70,0,1779299972.7809308,1779300092.7809308,data\session_20260520_185932_829e70\raw\dual_task.csv,false,0,nan,nan,nan,nan,nan,0,0,0,nan,nan,nan,nan,nan
390,dem,session_20260520_185932_829e70,1,1779300092.7809308,1779300212.7809308,data\session_20260520_185932_829e70\raw\dual_task.csv,true,1,2527.6,2527.6,0.0,2527.6,2527.6,0,0,1,0.0,0.0,1.0,0.44272273822133446,0.4707768605711099
391,dem,session_20260520_185932_829e70,2,1779300212.7809308,1779300332.7809308,data\session_20260520_185932_829e70\raw\dual_task.csv,false,0,nan,nan,nan,nan,nan,0,0,0,nan,nan,nan,nan,nan
392,dem,session_20260520_185932_829e70,3,1779300332.7809308,1779300452.7809308,data\session_20260520_185932_829e70\raw\dual_task.csv,true,1,1493.45,1493.45,0.0,1493.45,1493.45,0,0,1,0.0,0.0,1.0,0.2525882206385965,0.28245042728795833
393,dem,session_20260520_185932_829e70,4,1779300452.7809308,1779300572.7809308,data\session_20260520_185932_829e70\raw\dual_task.csv,false,0,nan,nan,nan,nan,nan,0,0,0,nan,nan,nan,nan,nan
394,dem,session_20260520_185932_829e70,5,1779300572.7809308,1779300692.7809308,data\session_20260520_185932_829e70\raw\dual_task.csv,true,1,2014.52,2014.52,0.0,2014.52,2014.52,0,0,1,0.0,0.0,1.0,0.3539064722834702,0.38647361241854067
395,dem,session_20260520_185932_829e70,6,1779300692.7809308,1779300812.7809308,data\session_20260520_185932_829e70\raw\dual_task.csv,false,0,nan,nan,nan,nan,nan,0,0,0,nan,nan,nan,nan,nan
396,dem,session_20260520_185932_829e70,7,1779300812.7809308,1779300932.7809308,data\session_20260520_185932_829e70\raw\dual_task.csv,false,0,nan,nan,nan,nan,nan,0,0,0,nan,nan,nan,nan,nan
397,dem,session_20260520_185932_829e70,8,1779300932.7809308,1779301052.7809308,data\session_20260520_185932_829e70\raw\dual_task.csv,true,1,2338.24,2338.24,0.0,2338.24,2338.24,0,0,1,0.0,0.0,1.0,0.41232042287738063,0.44269187268906
398,dem,session_20260520_185932_829e70,9,1779301052.7809308,1779301172.7809308,data\session_20260520_185932_829e70\raw\dual_task.csv,false,0,nan,nan,nan,nan,nan,0,0,0,nan,nan,nan,nan,nan
399,dem,session_20260520_185932_829e70,10,1779301172.7809308,1779301292.7809308,data\session_20260520_185932_829e70\raw\dual_task.csv,true,1,1007.42,1007.42,0.0,1007.42,1007.42,0,0,1,0.0,0.0,1.0,0.16673369536311122,0.18861896972261902
400,dem,session_20260520_185932_829e70,11,1779301292.7809308,1779301412.7809308,data\session_20260520_185932_829e70\raw\dual_task.csv,false,0,nan,nan,nan,nan,nan,0,0,0,nan,nan,nan,nan,nan
401,dem,session_20260520_185932_829e70,12,1779301412.7809308,1779301532.7809308,data\session_20260520_185932_829e70\raw\dual_task.csv,true,1,1530.26,1530.26,0.0,1530.26,1530.26,0,0,1,0.0,0.0,1.0,0.2596608063894065,0.28996220534764294
402,dem,session_20260520_185932_829e70,13,1779301532.7809308,1779301652.7809308,data\session_20260520_185932_829e70\raw\dual_task.csv,false,0,nan,nan,nan,nan,nan,0,0,0,nan,nan,nan,nan,nan
403,dem,session_20260520_185932_829e70,14,1779301652.7809308,1779301772.592416,data\session_20260520_185932_829e70\raw\dual_task.csv,false,0,nan,nan,nan,nan,nan,0,0,0,nan,nan,nan,nan,nan
404,dem,session_20260520_205609_c34357,0,1779306969.8284686,1779307089.8284686,data\session_20260520_205609_c34357\raw\dual_task.csv,false,0,nan,nan,nan,nan,nan,0,0,0,nan,nan,nan,nan,nan
405,dem,session_20260520_205609_c34357,1,1779307089.8284686,1779307209.8284686,data\session_20260520_205609_c34357\raw\dual_task.csv,false,0,nan,nan,nan,nan,nan,0,0,0,nan,nan,nan,nan,nan
406,dem,session_20260520_205609_c34357,2,1779307209.8284686,1779307329.8284686,data\session_20260520_205609_c34357\raw\dual_task.csv,false,0,nan,nan,nan,nan,nan,0,0,0,nan,nan,nan,nan,nan
407,dem,session_20260520_205609_c34357,3,1779307329.8284686,1779307449.8284686,data\session_20260520_205609_c34357\raw\dual_task.csv,true,1,1913.28,1913.28,0.0,1913.28,1913.28,0,0,1,0.0,0.0,1.0,0.3344670882967165,0.3671350587717812
408,dem,session_20260520_205609_c34357,4,1779307449.8284686,1779307569.8284686,data\session_20260520_205609_c34357\raw\dual_task.csv,false,0,nan,nan,nan,nan,nan,0,0,0,nan,nan,nan,nan,nan
409,dem,session_20260520_205609_c34357,5,1779307569.8284686,1779307689.8284686,data\session_20260520_205609_c34357\raw\dual_task.csv,true,1,1303.54,1303.54,0.0,1303.54,1303.54,0,0,1,0.0,0.0,1.0,0.21711064649193063,0.2442469786454773
410,dem,session_20260520_205609_c34357,6,1779307689.8284686,1779307809.8284686,data\session_20260520_205609_c34357\raw\dual_task.csv,false,0,nan,nan,nan,nan,nan,0,0,0,nan,nan,nan,nan,nan
411,dem,session_20260520_205609_c34357,7,1779307809.8284686,1779307869.8854408,data\session_20260520_205609_c34357\raw\dual_task.csv,false,0,nan,nan,nan,nan,nan,0,0,0,nan,nan,nan,nan,nan
412,hffz,session_20260520_220220_20835b,0,1779310941.0458922,1779311061.0458922,data\session_20260520_220220_20835b\raw\dual_task.csv,false,0,nan,nan,nan,nan,nan,0,0,0,nan,nan,nan,nan,nan
413,hffz,session_20260520_220220_20835b,1,1779311061.0458922,1779311159.8388383,data\session_20260520_220220_20835b\raw\dual_task.csv,false,0,nan,nan,nan,nan,nan,0,0,0,nan,nan,nan,nan,nan
414,hffz,session_20260520_222844_7c414b,0,1779312524.471316,1779312644.471316,data\session_20260520_222844_7c414b\raw\dual_task.csv,false,0,nan,nan,nan,nan,nan,0,0,0,nan,nan,nan,nan,nan
415,hffz,session_20260520_222844_7c414b,1,1779312644.471316,1779312764.471316,data\session_20260520_222844_7c414b\raw\dual_task.csv,false,0,nan,nan,nan,nan,nan,0,0,0,nan,nan,nan,nan,nan
416,hffz,session_20260520_222844_7c414b,2,1779312764.471316,1779312884.471316,data\session_20260520_222844_7c414b\raw\dual_task.csv,true,1,1964.22,1964.22,0.0,1964.22,1964.22,0,0,1,0.0,0.0,1.0,0.34429570670100385,0.3142740576625152
417,hffz,session_20260520_222844_7c414b,3,1779312884.471316,1779313004.471316,data\session_20260520_222844_7c414b\raw\dual_task.csv,false,0,nan,nan,nan,nan,nan,0,0,0,nan,nan,nan,nan,nan
418,hffz,session_20260520_222844_7c414b,4,1779313004.471316,1779313124.471316,data\session_20260520_222844_7c414b\raw\dual_task.csv,true,1,1336.75,1336.75,0.0,1336.75,1336.75,0,0,1,0.0,0.0,1.0,0.22316897621111867,0.20945039422149125
419,hffz,session_20260520_222844_7c414b,5,1779313124.471316,1779313244.471316,data\session_20260520_222844_7c414b\raw\dual_task.csv,false,0,nan,nan,nan,nan,nan,0,0,0,nan,nan,nan,nan,nan
420,hffz,session_20260520_222844_7c414b,6,1779313244.471316,1779313364.471316,data\session_20260520_222844_7c414b\raw\dual_task.csv,true,1,nan,nan,nan,nan,nan,1,0,0,1.0,0.0,0.0,0.25,0.25
421,hffz,session_20260520_222844_7c414b,7,1779313364.471316,1779313484.471316,data\session_20260520_222844_7c414b\raw\dual_task.csv,false,0,nan,nan,nan,nan,nan,0,0,0,nan,nan,nan,nan,nan
422,hffz,session_20260520_222844_7c414b,8,1779313484.471316,1779313604.471316,data\session_20260520_222844_7c414b\raw\dual_task.csv,true,1,nan,nan,nan,nan,nan,1,0,0,1.0,0.0,0.0,0.25,0.25
423,hffz,session_20260520_222844_7c414b,9,1779313604.471316,1779313724.471316,data\session_20260520_222844_7c414b\raw\dual_task.csv,false,0,nan,nan,nan,nan,nan,0,0,0,nan,nan,nan,nan,nan
424,hffz,session_20260520_222844_7c414b,10,1779313724.471316,1779313844.471316,data\session_20260520_222844_7c414b\raw\dual_task.csv,true,1,nan,nan,nan,nan,nan,1,0,0,1.0,0.0,0.0,0.25,0.25
425,hffz,session_20260520_222844_7c414b,11,1779313844.471316,1779313964.471316,data\session_20260520_222844_7c414b\raw\dual_task.csv,false,0,nan,nan,nan,nan,nan,0,0,0,nan,nan,nan,nan,nan
426,hffz,session_20260520_222844_7c414b,12,1779313964.471316,1779314084.471316,data\session_20260520_222844_7c414b\raw\dual_task.csv,true,1,1797.84,1797.84,0.0,1797.84,1797.84,0,0,1,0.0,0.0,1.0,0.31194730070292803,0.2857259423374848
427,hffz,session_20260520_222844_7c414b,13,1779314084.471316,1779314204.471316,data\session_20260520_222844_7c414b\raw\dual_task.csv,false,0,nan,nan,nan,nan,nan,0,0,0,nan,nan,nan,nan,nan
428,hffz,session_20260520_222844_7c414b,14,1779314204.471316,1779314324.471316,data\session_20260520_222844_7c414b\raw\dual_task.csv,true,1,1975.55,1975.55,0.0,1975.55,1975.55,0,0,1,0.0,0.0,1.0,0.3464694023211334,0.3162145409626025
429,hffz,session_20260520_222844_7c414b,15,1779314324.471316,1779314444.471316,data\session_20260520_222844_7c414b\raw\dual_task.csv,false,0,nan,nan,nan,nan,nan,0,0,0,nan,nan,nan,nan,nan
430,hffz,session_20260520_222844_7c414b,16,1779314444.471316,1779314564.471316,data\session_20260520_222844_7c414b\raw\dual_task.csv,true,1,2612.78,2612.78,0.0,2612.78,2612.78,0,0,1,0.0,0.0,1.0,0.45531522088916476,0.41878526212666517
431,hffz,session_20260520_222844_7c414b,17,1779314564.471316,1779314684.471316,data\session_20260520_222844_7c414b\raw\dual_task.csv,false,0,nan,nan,nan,nan,nan,0,0,0,nan,nan,nan,nan,nan
432,hffz,session_20260520_222844_7c414b,18,1779314684.471316,1779314804.471316,data\session_20260520_222844_7c414b\raw\dual_task.csv,true,1,1449.74,1449.74,0.0,1449.74,1449.74,0,0,1,0.0,0.0,1.0,0.24426016104127832,0.22741028759231086
433,hffz,session_20260520_222844_7c414b,19,1779314804.471316,1779314924.471316,data\session_20260520_222844_7c414b\raw\dual_task.csv,false,0,nan,nan,nan,nan,nan,0,0,0,nan,nan,nan,nan,nan
434,hffz,session_20260520_222844_7c414b,20,1779314924.471316,1779315044.471316,data\session_20260520_222844_7c414b\raw\dual_task.csv,true,1,2741.74,2741.74,0.0,2741.74,2741.74,0,0,1,0.0,0.0,1.0,0.47303308976580183,0.436895550267795
435,hffz,session_20260520_222844_7c414b,21,1779315044.471316,1779315164.471316,data\session_20260520_222844_7c414b\raw\dual_task.csv,false,0,nan,nan,nan,nan,nan,0,0,0,nan,nan,nan,nan,nan
436,hffz,session_20260520_222844_7c414b,22,1779315164.471316,1779315284.471316,data\session_20260520_222844_7c414b\raw\dual_task.csv,true,1,nan,nan,nan,nan,nan,1,0,0,1.0,0.0,0.0,0.25,0.25
437,hffz,session_20260520_222844_7c414b,23,1779315284.471316,1779315404.471316,data\session_20260520_222844_7c414b\raw\dual_task.csv,false,0,nan,nan,nan,nan,nan,0,0,0,nan,nan,nan,nan,nan
438,hffz,session_20260520_222844_7c414b,24,1779315404.471316,1779315524.471316,data\session_20260520_222844_7c414b\raw\dual_task.csv,true,1,nan,nan,nan,nan,nan,1,0,0,1.0,0.0,0.0,0.25,0.25
439,hffz,session_20260520_222844_7c414b,25,1779315524.471316,1779315644.471316,data\session_20260520_222844_7c414b\raw\dual_task.csv,false,0,nan,nan,nan,nan,nan,0,0,0,nan,nan,nan,nan,nan
440,hffz,session_20260520_222844_7c414b,26,1779315644.471316,1779315764.471316,data\session_20260520_222844_7c414b\raw\dual_task.csv,false,0,nan,nan,nan,nan,nan,0,0,0,nan,nan,nan,nan,nan
441,hffz,session_20260520_222844_7c414b,27,1779315764.471316,1779315884.471316,data\session_20260520_222844_7c414b\raw\dual_task.csv,false,0,nan,nan,nan,nan,nan,0,0,0,nan,nan,nan,nan,nan
442,hffz,session_20260520_222844_7c414b,28,1779315884.471316,1779316004.471316,data\session_20260520_222844_7c414b\raw\dual_task.csv,false,0,nan,nan,nan,nan,nan,0,0,0,nan,nan,nan,nan,nan
443,hffz,session_20260520_222844_7c414b,29,1779316004.471316,1779316124.471316,data\session_20260520_222844_7c414b\raw\dual_task.csv,false,0,nan,nan,nan,nan,nan,0,0,0,nan,nan,nan,nan,nan
444,hffz,session_20260520_222844_7c414b,30,1779316124.471316,1779316124.496487,data\session_20260520_222844_7c414b\raw\dual_task.csv,false,0,nan,nan,nan,nan,nan,0,0,0,nan,nan,nan,nan,nan
445,dem,session_20260521_174609_da1dd3,0,1779381969.6096494,1779382089.6096494,data\session_20260521_174609_da1dd3\raw\dual_task.csv,false,0,nan,nan,nan,nan,nan,0,0,0,nan,nan,nan,nan,nan
446,dem,session_20260521_174609_da1dd3,1,1779382089.6096494,1779382209.6096494,data\session_20260521_174609_da1dd3\raw\dual_task.csv,true,1,1053.99,1053.99,0.0,1053.99,1053.99,0,0,1,0.0,0.0,1.0,0.1741716068418798,0.19692539255464211
447,dem,session_20260521_174609_da1dd3,2,1779382209.6096494,1779382329.6096494,data\session_20260521_174609_da1dd3\raw\dual_task.csv,false,0,nan,nan,nan,nan,nan,0,0,0,nan,nan,nan,nan,nan
448,dem,session_20260521_174609_da1dd3,3,1779382329.6096494,1779382449.6096494,data\session_20260521_174609_da1dd3\raw\dual_task.csv,false,0,nan,nan,nan,nan,nan,0,0,0,nan,nan,nan,nan,nan
449,dem,session_20260521_174609_da1dd3,4,1779382449.6096494,1779382569.6096494,data\session_20260521_174609_da1dd3\raw\dual_task.csv,true,1,1368.43,1368.43,0.0,1368.43,1368.43,0,0,1,0.0,0.0,1.0,0.22901146348907211,0.25715713799274953
450,dem,session_20260521_174609_da1dd3,5,1779382569.6096494,1779382689.6096494,data\session_20260521_174609_da1dd3\raw\dual_task.csv,false,0,nan,nan,nan,nan,nan,0,0,0,nan,nan,nan,nan,nan
451,dem,session_20260521_174609_da1dd3,6,1779382689.6096494,1779382809.6096494,data\session_20260521_174609_da1dd3\raw\dual_task.csv,true,1,1270.48,1270.48,0.0,1270.48,1270.48,0,0,1,0.0,0.0,1.0,0.21115150581775272,0.2377476471951348
452,dem,session_20260521_174609_da1dd3,7,1779382809.6096494,1779382929.6096494,data\session_20260521_174609_da1dd3\raw\dual_task.csv,false,0,nan,nan,nan,nan,nan,0,0,0,nan,nan,nan,nan,nan
453,dem,session_20260521_174609_da1dd3,8,1779382929.6096494,1779383049.6096494,data\session_20260521_174609_da1dd3\raw\dual_task.csv,true,1,1237.62,1237.62,0.0,1237.62,1237.62,0,0,1,0.0,0.0,1.0,0.20530359694219713,0.23134757201600975
454,dem,session_20260521_174609_da1dd3,9,1779383049.6096494,1779383169.6096494,data\session_20260521_174609_da1dd3\raw\dual_task.csv,false,0,nan,nan,nan,nan,nan,0,0,0,nan,nan,nan,nan,nan
455,dem,session_20260521_174609_da1dd3,10,1779383169.6096494,1779383289.6096494,data\session_20260521_174609_da1dd3\raw\dual_task.csv,false,0,nan,nan,nan,nan,nan,0,0,0,nan,nan,nan,nan,nan
456,dem,session_20260521_174609_da1dd3,11,1779383289.6096494,1779383409.6096494,data\session_20260521_174609_da1dd3\raw\dual_task.csv,true,1,1243.38,1243.38,0.0,1243.38,1243.38,0,0,1,0.0,0.0,1.0,0.20632307915196246,0.23246487039299776
457,dem,session_20260521_174609_da1dd3,12,1779383409.6096494,1779383529.6096494,data\session_20260521_174609_da1dd3\raw\dual_task.csv,false,0,nan,nan,nan,nan,nan,0,0,0,nan,nan,nan,nan,nan
458,dem,session_20260521_174609_da1dd3,13,1779383529.6096494,1779383649.6096494,data\session_20260521_174609_da1dd3\raw\dual_task.csv,false,0,nan,nan,nan,nan,nan,0,0,0,nan,nan,nan,nan,nan
459,dem,session_20260521_174609_da1dd3,14,1779383649.6096494,1779383769.5169623,data\session_20260521_174609_da1dd3\raw\dual_task.csv,false,0,nan,nan,nan,nan,nan,0,0,0,nan,nan,nan,nan,nan
460,dem,session_20260521_185046_ac3461,0,1779385847.06295,1779385967.06295,data\session_20260521_185046_ac3461\raw\dual_task.csv,false,0,nan,nan,nan,nan,nan,0,0,0,nan,nan,nan,nan,nan
461,dem,session_20260521_185046_ac3461,1,1779385967.06295,1779386087.06295,data\session_20260521_185046_ac3461\raw\dual_task.csv,false,0,nan,nan,nan,nan,nan,0,0,0,nan,nan,nan,nan,nan
462,dem,session_20260521_185046_ac3461,2,1779386087.06295,1779386207.06295,data\session_20260521_185046_ac3461\raw\dual_task.csv,true,1,1246.92,1246.92,0.0,1246.92,1246.92,0,0,1,0.0,0.0,1.0,0.2069508294887578,0.2331525261113346
463,dem,session_20260521_185046_ac3461,3,1779386207.06295,1779386327.06295,data\session_20260521_185046_ac3461\raw\dual_task.csv,false,0,nan,nan,nan,nan,nan,0,0,0,nan,nan,nan,nan,nan
464,dem,session_20260521_185046_ac3461,4,1779386327.06295,1779386447.06295,data\session_20260521_185046_ac3461\raw\dual_task.csv,true,1,1085.7,1085.7,0.0,1085.7,1085.7,0,0,1,0.0,0.0,1.0,0.17934677776343608,0.20268680985166748
465,dem,session_20260521_185046_ac3461,5,1779386447.06295,1779386567.06295,data\session_20260521_185046_ac3461\raw\dual_task.csv,false,0,nan,nan,nan,nan,nan,0,0,0,nan,nan,nan,nan,nan
466,dem,session_20260521_185046_ac3461,6,1779386567.06295,1779386687.06295,data\session_20260521_185046_ac3461\raw\dual_task.csv,false,0,nan,nan,nan,nan,nan,0,0,0,nan,nan,nan,nan,nan
467,dem,session_20260521_185046_ac3461,7,1779386687.06295,1779386807.06295,data\session_20260521_185046_ac3461\raw\dual_task.csv,false,0,nan,nan,nan,nan,nan,0,0,0,nan,nan,nan,nan,nan
468,dem,session_20260521_185046_ac3461,8,1779386807.06295,1779386927.06295,data\session_20260521_185046_ac3461\raw\dual_task.csv,true,1,1122.01,1122.01,0.0,1122.01,1122.01,0,0,1,0.0,0.0,1.0,0.18537951861275934,0.2093836957234567
469,dem,session_20260521_185046_ac3461,9,1779386927.06295,1779387047.06295,data\session_20260521_185046_ac3461\raw\dual_task.csv,false,0,nan,nan,nan,nan,nan,0,0,0,nan,nan,nan,nan,nan
470,dem,session_20260521_185046_ac3461,10,1779387047.06295,1779387167.06295,data\session_20260521_185046_ac3461\raw\dual_task.csv,false,0,nan,nan,nan,nan,nan,0,0,0,nan,nan,nan,nan,nan
471,dem,session_20260521_185046_ac3461,11,1779387167.06295,1779387287.06295,data\session_20260521_185046_ac3461\raw\dual_task.csv,true,1,1586.85,1586.85,0.0,1586.85,1586.85,0,0,1,0.0,0.0,1.0,0.2706207729075708,0.30153178215210696
472,dem,session_20260521_185046_ac3461,12,1779387287.06295,1779387407.06295,data\session_20260521_185046_ac3461\raw\dual_task.csv,false,0,nan,nan,nan,nan,nan,0,0,0,nan,nan,nan,nan,nan
473,dem,session_20260521_185046_ac3461,13,1779387407.06295,1779387527.06295,data\session_20260521_185046_ac3461\raw\dual_task.csv,true,1,1300.29,1300.29,0.0,1300.29,1300.29,0,0,1,0.0,0.0,1.0,0.21652157996423807,0.24360553557437192
474,dem,session_20260521_185046_ac3461,14,1779387527.06295,1779387647.06295,data\session_20260521_185046_ac3461\raw\dual_task.csv,false,0,nan,nan,nan,nan,nan,0,0,0,nan,nan,nan,nan,nan
475,dem,session_20260521_185046_ac3461,15,1779387647.06295,1779387647.3488348,data\session_20260521_185046_ac3461\raw\dual_task.csv,false,0,nan,nan,nan,nan,nan,0,0,0,nan,nan,nan,nan,nan
476,dem,session_20260521_203934_557784,0,1779392374.540182,1779392494.540182,data\session_20260521_203934_557784\raw\dual_task.csv,false,0,nan,nan,nan,nan,nan,0,0,0,nan,nan,nan,nan,nan
477,dem,session_20260521_203934_557784,1,1779392494.540182,1779392614.540182,data\session_20260521_203934_557784\raw\dual_task.csv,false,0,nan,nan,nan,nan,nan,0,0,0,nan,nan,nan,nan,nan
478,dem,session_20260521_203934_557784,2,1779392614.540182,1779392734.540182,data\session_20260521_203934_557784\raw\dual_task.csv,true,1,2358.24,2358.24,0.0,2358.24,2358.24,0,0,1,0.0,0.0,1.0,0.4156802455540933,0.44583618113747625
479,dem,session_20260521_203934_557784,3,1779392734.540182,1779392854.540182,data\session_20260521_203934_557784\raw\dual_task.csv,false,0,nan,nan,nan,nan,nan,0,0,0,nan,nan,nan,nan,nan
480,dem,session_20260521_203934_557784,4,1779392854.540182,1779392974.540182,data\session_20260521_203934_557784\raw\dual_task.csv,true,1,1398.56,1398.56,0.0,1398.56,1398.56,0,0,1,0.0,0.0,1.0,0.2346216068747737,0.26321032111411563
481,dem,session_20260521_203934_557784,5,1779392974.540182,1779393094.540182,data\session_20260521_203934_557784\raw\dual_task.csv,false,0,nan,nan,nan,nan,nan,0,0,0,nan,nan,nan,nan,nan
482,dem,session_20260521_203934_557784,6,1779393094.540182,1779393214.540182,data\session_20260521_203934_557784\raw\dual_task.csv,true,1,1380.84,1380.84,0.0,1380.84,1380.84,0,0,1,0.0,0.0,1.0,0.23131607546575764,0.25964631953989614
483,dem,session_20260521_203934_557784,7,1779393214.540182,1779393334.540182,data\session_20260521_203934_557784\raw\dual_task.csv,false,0,nan,nan,nan,nan,nan,0,0,0,nan,nan,nan,nan,nan
484,dem,session_20260521_203934_557784,8,1779393334.540182,1779393454.540182,data\session_20260521_203934_557784\raw\dual_task.csv,false,0,nan,nan,nan,nan,nan,0,0,0,nan,nan,nan,nan,nan
485,dem,session_20260521_203934_557784,9,1779393454.540182,1779393574.540182,data\session_20260521_203934_557784\raw\dual_task.csv,true,1,1461.19,1461.19,0.0,1461.19,1461.19,0,0,1,0.0,0.0,1.0,0.24643371287011034,0.2758849499049132
486,dem,session_20260521_203934_557784,10,1779393574.540182,1779393694.540182,data\session_20260521_203934_557784\raw\dual_task.csv,false,0,nan,nan,nan,nan,nan,0,0,0,nan,nan,nan,nan,nan
487,dem,session_20260521_203934_557784,11,1779393694.540182,1779393814.540182,data\session_20260521_203934_557784\raw\dual_task.csv,false,0,nan,nan,nan,nan,nan,0,0,0,nan,nan,nan,nan,nan
488,dem,session_20260521_203934_557784,12,1779393814.540182,1779393934.540182,data\session_20260521_203934_557784\raw\dual_task.csv,true,1,1305.39,1305.39,0.0,1305.39,1305.39,0,0,1,0.0,0.0,1.0,0.21744627097588212,0.24461234415562624
489,dem,session_20260521_203934_557784,13,1779393934.540182,1779394054.540182,data\session_20260521_203934_557784\raw\dual_task.csv,false,0,nan,nan,nan,nan,nan,0,0,0,nan,nan,nan,nan,nan
490,dem,session_20260521_203934_557784,14,1779394054.540182,1779394174.540182,data\session_20260521_203934_557784\raw\dual_task.csv,true,1,1566.89,1566.89,0.0,1566.89,1566.89,0,0,1,0.0,0.0,1.0,0.26674444648338796,0.2974497958179177
491,dem,session_20260521_203934_557784,15,1779394174.540182,1779394174.6973438,data\session_20260521_203934_557784\raw\dual_task.csv,false,0,nan,nan,nan,nan,nan,0,0,0,nan,nan,nan,nan,nan
492,browser_mp835qq4j4kymt,session_20260523_164010_9f2f78,0,1779550810.8720748,1779550930.8720748,data\session_20260523_164010_9f2f78\raw\dual_task.csv,false,0,nan,nan,nan,nan,nan,0,0,0,nan,nan,nan,nan,nan
493,browser_mp835qq4j4kymt,session_20260523_164010_9f2f78,1,1779550930.8720748,1779551050.8720748,data\session_20260523_164010_9f2f78\raw\dual_task.csv,false,0,nan,nan,nan,nan,nan,0,0,0,nan,nan,nan,nan,nan
494,browser_mp835qq4j4kymt,session_20260523_164010_9f2f78,2,1779551050.8720748,1779551170.8720748,data\session_20260523_164010_9f2f78\raw\dual_task.csv,true,1,nan,nan,nan,nan,nan,1,0,0,1.0,0.0,0.0,0.25,0.25
495,browser_mp835qq4j4kymt,session_20260523_164010_9f2f78,3,1779551170.8720748,1779551290.8720748,data\session_20260523_164010_9f2f78\raw\dual_task.csv,false,0,nan,nan,nan,nan,nan,0,0,0,nan,nan,nan,nan,nan
496,browser_mp835qq4j4kymt,session_20260523_164010_9f2f78,4,1779551290.8720748,1779551410.8720748,data\session_20260523_164010_9f2f78\raw\dual_task.csv,false,0,nan,nan,nan,nan,nan,0,0,0,nan,nan,nan,nan,nan
497,browser_mp835qq4j4kymt,session_20260523_164010_9f2f78,5,1779551410.8720748,1779551530.8720748,data\session_20260523_164010_9f2f78\raw\dual_task.csv,true,1,2032.21,2032.21,0.0,2032.21,2032.21,0,0,1,0.0,0.0,1.0,0.3572605798147773,0.3483462534799047
498,browser_mp835qq4j4kymt,session_20260523_164010_9f2f78,6,1779551530.8720748,1779551650.8720748,data\session_20260523_164010_9f2f78\raw\dual_task.csv,false,0,nan,nan,nan,nan,nan,0,0,0,nan,nan,nan,nan,nan
499,browser_mp835qq4j4kymt,session_20260523_164010_9f2f78,7,1779551650.8720748,1779551770.8720748,data\session_20260523_164010_9f2f78\raw\dual_task.csv,true,1,nan,nan,nan,nan,nan,1,0,0,1.0,0.0,0.0,0.25,0.25
500,browser_mp835qq4j4kymt,session_20260523_164010_9f2f78,8,1779551770.8720748,1779551890.8720748,data\session_20260523_164010_9f2f78\raw\dual_task.csv,true,1,nan,nan,nan,nan,nan,1,0,0,1.0,0.0,0.0,0.25,0.25
501,browser_mp835qq4j4kymt,session_20260523_164010_9f2f78,9,1779551890.8720748,1779552010.8720748,data\session_20260523_164010_9f2f78\raw\dual_task.csv,false,0,nan,nan,nan,nan,nan,0,0,0,nan,nan,nan,nan,nan
502,browser_mp835qq4j4kymt,session_20260523_164010_9f2f78,10,1779552010.8720748,1779552130.8720748,data\session_20260523_164010_9f2f78\raw\dual_task.csv,false,0,nan,nan,nan,nan,nan,0,0,0,nan,nan,nan,nan,nan
503,browser_mp835qq4j4kymt,session_20260523_164010_9f2f78,11,1779552130.8720748,1779552250.8720748,data\session_20260523_164010_9f2f78\raw\dual_task.csv,true,1,1835.18,1835.18,0.0,1835.18,1835.18,0,0,1,0.0,0.0,1.0,0.3192587092119497,0.31271940770446416
504,browser_mp835qq4j4kymt,session_20260523_164010_9f2f78,12,1779552250.8720748,1779552370.8720748,data\session_20260523_164010_9f2f78\raw\dual_task.csv,false,0,nan,nan,nan,nan,nan,0,0,0,nan,nan,nan,nan,nan
505,browser_mp835qq4j4kymt,session_20260523_164010_9f2f78,13,1779552370.8720748,1779552490.8720748,data\session_20260523_164010_9f2f78\raw\dual_task.csv,true,1,1276.68,1276.68,0.0,1276.68,1276.68,0,0,1,0.0,0.0,1.0,0.21226341301100163,0.2131151578521064
506,browser_mp835qq4j4kymt,session_20260523_164010_9f2f78,14,1779552490.8720748,1779552610.8720748,data\session_20260523_164010_9f2f78\raw\dual_task.csv,false,0,nan,nan,nan,nan,nan,0,0,0,nan,nan,nan,nan,nan
507,browser_mp835qq4j4kymt,session_20260523_164010_9f2f78,15,1779552610.8720748,1779552611.294453,data\session_20260523_164010_9f2f78\raw\dual_task.csv,false,0,nan,nan,nan,nan,nan,0,0,0,nan,nan,nan,nan,nan
508,browser_mp835qq4j4kymt,session_20260524_101641_ea7d5a,0,1779614201.1941133,1779614321.1941133,data\session_20260524_101641_ea7d5a\raw\dual_task.csv,false,0,nan,nan,nan,nan,nan,0,0,0,nan,nan,nan,nan,nan
509,browser_mp835qq4j4kymt,session_20260524_101641_ea7d5a,1,1779614321.1941133,1779614441.1941133,data\session_20260524_101641_ea7d5a\raw\dual_task.csv,true,1,1665.0,1665.0,0.0,1665.0,1665.0,0,0,1,0.0,0.0,1.0,0.2858812868667778,0.28161760697552896
510,browser_mp835qq4j4kymt,session_20260524_101641_ea7d5a,2,1779614441.1941133,1779614561.1941133,data\session_20260524_101641_ea7d5a\raw\dual_task.csv,false,0,nan,nan,nan,nan,nan,0,0,0,nan,nan,nan,nan,nan
511,browser_mp835qq4j4kymt,session_20260524_101641_ea7d5a,3,1779614561.1941133,1779614681.1941133,data\session_20260524_101641_ea7d5a\raw\dual_task.csv,true,1,nan,nan,nan,nan,nan,1,0,0,1.0,0.0,0.0,0.25,0.25
512,browser_mp835qq4j4kymt,session_20260524_101641_ea7d5a,4,1779614681.1941133,1779614801.1941133,data\session_20260524_101641_ea7d5a\raw\dual_task.csv,false,0,nan,nan,nan,nan,nan,0,0,0,nan,nan,nan,nan,nan
513,browser_mp835qq4j4kymt,session_20260524_101641_ea7d5a,5,1779614801.1941133,1779614921.1941133,data\session_20260524_101641_ea7d5a\raw\dual_task.csv,false,0,nan,nan,nan,nan,nan,0,0,0,nan,nan,nan,nan,nan
514,browser_mp835qq4j4kymt,session_20260524_101641_ea7d5a,6,1779614921.1941133,1779615041.1941133,data\session_20260524_101641_ea7d5a\raw\dual_task.csv,false,0,nan,nan,nan,nan,nan,0,0,0,nan,nan,nan,nan,nan
515,browser_mp835qq4j4kymt,session_20260524_101641_ea7d5a,7,1779615041.1941133,1779615161.1941133,data\session_20260524_101641_ea7d5a\raw\dual_task.csv,true,1,1640.96,1640.96,0.0,1640.96,1640.96,0,0,1,0.0,0.0,1.0,0.2811754256062352,0.2772405207291094
516,browser_mp835qq4j4kymt,session_20260524_101641_ea7d5a,8,1779615161.1941133,1779615281.1941133,data\session_20260524_101641_ea7d5a\raw\dual_task.csv,false,0,nan,nan,nan,nan,nan,0,0,0,nan,nan,nan,nan,nan
517,browser_mp835qq4j4kymt,session_20260524_101641_ea7d5a,9,1779615281.1941133,1779615401.1941133,data\session_20260524_101641_ea7d5a\raw\dual_task.csv,false,0,nan,nan,nan,nan,nan,0,0,0,nan,nan,nan,nan,nan
518,browser_mp835qq4j4kymt,session_20260524_101641_ea7d5a,10,1779615401.1941133,1779615521.1941133,data\session_20260524_101641_ea7d5a\raw\dual_task.csv,true,1,nan,nan,nan,nan,nan,1,0,0,1.0,0.0,0.0,0.25,0.25
519,browser_mp835qq4j4kymt,session_20260524_101641_ea7d5a,11,1779615521.1941133,1779615641.1941133,data\session_20260524_101641_ea7d5a\raw\dual_task.csv,false,0,nan,nan,nan,nan,nan,0,0,0,nan,nan,nan,nan,nan
520,browser_mp835qq4j4kymt,session_20260524_101641_ea7d5a,12,1779615641.1941133,1779615761.1941133,data\session_20260524_101641_ea7d5a\raw\dual_task.csv,false,0,nan,nan,nan,nan,nan,0,0,0,nan,nan,nan,nan,nan
521,browser_mp835qq4j4kymt,session_20260524_101641_ea7d5a,13,1779615761.1941133,1779615881.1941133,data\session_20260524_101641_ea7d5a\raw\dual_task.csv,true,1,1698.6,1698.6,0.0,1698.6,1698.6,0,0,1,0.0,0.0,1.0,0.2924697002216454,0.2877481037833108
522,browser_mp835qq4j4kymt,session_20260524_101641_ea7d5a,14,1779615881.1941133,1779616001.1941133,data\session_20260524_101641_ea7d5a\raw\dual_task.csv,false,0,nan,nan,nan,nan,nan,0,0,0,nan,nan,nan,nan,nan
523,browser_mp835qq4j4kymt,session_20260524_101641_ea7d5a,15,1779616001.1941133,1779616001.3047216,data\session_20260524_101641_ea7d5a\raw\dual_task.csv,false,0,nan,nan,nan,nan,nan,0,0,0,nan,nan,nan,nan,nan
524,browser_mp835qq4j4kymt,session_20260524_111728_f646d7,0,1779617848.8636005,1779617968.8636005,data\session_20260524_111728_f646d7\raw\dual_task.csv,false,0,nan,nan,nan,nan,nan,0,0,0,nan,nan,nan,nan,nan
525,browser_mp835qq4j4kymt,session_20260524_111728_f646d7,1,1779617968.8636005,1779618088.8636005,data\session_20260524_111728_f646d7\raw\dual_task.csv,true,1,nan,nan,nan,nan,nan,1,0,0,1.0,0.0,0.0,0.25,0.25
526,browser_mp835qq4j4kymt,session_20260524_111728_f646d7,2,1779618088.8636005,1779618208.8636005,data\session_20260524_111728_f646d7\raw\dual_task.csv,false,0,nan,nan,nan,nan,nan,0,0,0,nan,nan,nan,nan,nan
527,browser_mp835qq4j4kymt,session_20260524_111728_f646d7,3,1779618208.8636005,1779618328.8636005,data\session_20260524_111728_f646d7\raw\dual_task.csv,false,0,nan,nan,nan,nan,nan,0,0,0,nan,nan,nan,nan,nan
528,browser_mp835qq4j4kymt,session_20260524_111728_f646d7,4,1779618328.8636005,1779618448.8636005,data\session_20260524_111728_f646d7\raw\dual_task.csv,false,0,nan,nan,nan,nan,nan,0,0,0,nan,nan,nan,nan,nan
529,browser_mp835qq4j4kymt,session_20260524_111728_f646d7,5,1779618448.8636005,1779618568.8636005,data\session_20260524_111728_f646d7\raw\dual_task.csv,false,0,nan,nan,nan,nan,nan,0,0,0,nan,nan,nan,nan,nan
530,browser_mp835qq4j4kymt,session_20260524_111728_f646d7,6,1779618568.8636005,1779618688.8636005,data\session_20260524_111728_f646d7\raw\dual_task.csv,false,0,nan,nan,nan,nan,nan,0,0,0,nan,nan,nan,nan,nan
531,browser_mp835qq4j4kymt,session_20260524_111728_f646d7,7,1779618688.8636005,1779618808.8636005,data\session_20260524_111728_f646d7\raw\dual_task.csv,false,0,nan,nan,nan,nan,nan,0,0,0,nan,nan,nan,nan,nan
532,browser_mp835qq4j4kymt,session_20260524_111728_f646d7,8,1779618808.8636005,1779618928.8636005,data\session_20260524_111728_f646d7\raw\dual_task.csv,false,0,nan,nan,nan,nan,nan,0,0,0,nan,nan,nan,nan,nan
533,browser_mp835qq4j4kymt,session_20260524_111728_f646d7,9,1779618928.8636005,1779619048.8636005,data\session_20260524_111728_f646d7\raw\dual_task.csv,true,1,nan,nan,nan,nan,nan,1,0,0,1.0,0.0,0.0,0.25,0.25
534,browser_mp835qq4j4kymt,session_20260524_111728_f646d7,10,1779619048.8636005,1779619168.8636005,data\session_20260524_111728_f646d7\raw\dual_task.csv,false,0,nan,nan,nan,nan,nan,0,0,0,nan,nan,nan,nan,nan
535,browser_mp835qq4j4kymt,session_20260524_111728_f646d7,11,1779619168.8636005,1779619288.8636005,data\session_20260524_111728_f646d7\raw\dual_task.csv,true,1,nan,nan,nan,nan,nan,1,0,0,1.0,0.0,0.0,0.25,0.25
536,browser_mp835qq4j4kymt,session_20260524_111728_f646d7,12,1779619288.8636005,1779619408.8636005,data\session_20260524_111728_f646d7\raw\dual_task.csv,false,0,nan,nan,nan,nan,nan,0,0,0,nan,nan,nan,nan,nan
537,browser_mp835qq4j4kymt,session_20260524_111728_f646d7,13,1779619408.8636005,1779619528.8636005,data\session_20260524_111728_f646d7\raw\dual_task.csv,false,0,nan,nan,nan,nan,nan,0,0,0,nan,nan,nan,nan,nan
538,browser_mp835qq4j4kymt,session_20260524_111728_f646d7,14,1779619528.8636005,1779619648.8636005,data\session_20260524_111728_f646d7\raw\dual_task.csv,false,0,nan,nan,nan,nan,nan,0,0,0,nan,nan,nan,nan,nan
539,browser_mp835qq4j4kymt,session_20260524_111728_f646d7,15,1779619648.8636005,1779619648.9015017,data\session_20260524_111728_f646d7\raw\dual_task.csv,false,0,nan,nan,nan,nan,nan,0,0,0,nan,nan,nan,nan,nan
540,browser_mp835qq4j4kymt,session_20260524_210800_bf6b4a,0,1779653280.4969704,1779653400.4969704,data\session_20260524_210800_bf6b4a\raw\dual_task.csv,false,0,nan,nan,nan,nan,nan,0,0,0,nan,nan,nan,nan,nan
541,browser_mp835qq4j4kymt,session_20260524_210800_bf6b4a,1,1779653400.4969704,1779653520.4969704,data\session_20260524_210800_bf6b4a\raw\dual_task.csv,false,0,nan,nan,nan,nan,nan,0,0,0,nan,nan,nan,nan,nan
542,browser_mp835qq4j4kymt,session_20260524_210800_bf6b4a,2,1779653520.4969704,1779653640.4969704,data\session_20260524_210800_bf6b4a\raw\dual_task.csv,true,1,1352.85,1352.85,0.0,1352.85,1352.85,0,0,1,0.0,0.0,1.0,0.2261307113098473,0.22604544687970202
543,browser_mp835qq4j4kymt,session_20260524_210800_bf6b4a,3,1779653640.4969704,1779653760.4969704,data\session_20260524_210800_bf6b4a\raw\dual_task.csv,false,0,nan,nan,nan,nan,nan,0,0,0,nan,nan,nan,nan,nan
544,browser_mp835qq4j4kymt,session_20260524_210800_bf6b4a,4,1779653760.4969704,1779653880.4969704,data\session_20260524_210800_bf6b4a\raw\dual_task.csv,true,1,nan,nan,nan,nan,nan,1,0,0,1.0,0.0,0.0,0.25,0.25
545,browser_mp835qq4j4kymt,session_20260524_210800_bf6b4a,5,1779653880.4969704,1779654000.4969704,data\session_20260524_210800_bf6b4a\raw\dual_task.csv,false,0,nan,nan,nan,nan,nan,0,0,0,nan,nan,nan,nan,nan
546,browser_mp835qq4j4kymt,session_20260524_210800_bf6b4a,6,1779654000.4969704,1779654120.4969704,data\session_20260524_210800_bf6b4a\raw\dual_task.csv,true,1,nan,nan,nan,nan,nan,1,0,0,1.0,0.0,0.0,0.25,0.25
547,browser_mp835qq4j4kymt,session_20260524_210800_bf6b4a,7,1779654120.4969704,1779654240.4969704,data\session_20260524_210800_bf6b4a\raw\dual_task.csv,false,0,nan,nan,nan,nan,nan,0,0,0,nan,nan,nan,nan,nan
548,browser_mp835qq4j4kymt,session_20260524_210800_bf6b4a,8,1779654240.4969704,1779654360.4969704,data\session_20260524_210800_bf6b4a\raw\dual_task.csv,false,0,nan,nan,nan,nan,nan,0,0,0,nan,nan,nan,nan,nan
549,browser_mp835qq4j4kymt,session_20260524_210800_bf6b4a,9,1779654360.4969704,1779654480.4969704,data\session_20260524_210800_bf6b4a\raw\dual_task.csv,false,0,nan,nan,nan,nan,nan,0,0,0,nan,nan,nan,nan,nan
550,browser_mp835qq4j4kymt,session_20260524_210800_bf6b4a,10,1779654480.4969704,1779654600.4969704,data\session_20260524_210800_bf6b4a\raw\dual_task.csv,false,0,nan,nan,nan,nan,nan,0,0,0,nan,nan,nan,nan,nan
551,browser_mp835qq4j4kymt,session_20260524_210800_bf6b4a,11,1779654600.4969704,1779654720.4969704,data\session_20260524_210800_bf6b4a\raw\dual_task.csv,true,1,2661.33,2661.33,0.0,2661.33,2661.33,0,0,1,0.0,0.0,1.0,0.46217762887492875,0.4493013489008498
552,browser_mp835qq4j4kymt,session_20260524_210800_bf6b4a,12,1779654720.4969704,1779654840.4969704,data\session_20260524_210800_bf6b4a\raw\dual_task.csv,false,0,nan,nan,nan,nan,nan,0,0,0,nan,nan,nan,nan,nan
553,browser_mp835qq4j4kymt,session_20260524_210800_bf6b4a,13,1779654840.4969704,1779654960.4969704,data\session_20260524_210800_bf6b4a\raw\dual_task.csv,false,0,nan,nan,nan,nan,nan,0,0,0,nan,nan,nan,nan,nan
554,browser_mp835qq4j4kymt,session_20260524_210800_bf6b4a,14,1779654960.4969704,1779655080.4969704,data\session_20260524_210800_bf6b4a\raw\dual_task.csv,true,1,1436.27,1436.27,0.0,1436.27,1436.27,0,0,1,0.0,0.0,1.0,0.2417109070730155,0.24054814957948303
555,browser_mp835qq4j4kymt,session_20260524_210800_bf6b4a,15,1779655080.4969704,1779655080.879281,data\session_20260524_210800_bf6b4a\raw\dual_task.csv,false,0,nan,nan,nan,nan,nan,0,0,0,nan,nan,nan,nan,nan
556,browser_mp835qq4j4kymt,session_20260524_224534_09f1ab,0,1779659134.2441795,1779659254.2441795,data\session_20260524_224534_09f1ab\raw\dual_task.csv,false,0,nan,nan,nan,nan,nan,0,0,0,nan,nan,nan,nan,nan
557,browser_mp835qq4j4kymt,session_20260524_224534_09f1ab,1,1779659254.2441795,1779659374.2441795,data\session_20260524_224534_09f1ab\raw\dual_task.csv,true,1,2264.43,2264.43,0.0,2264.43,2264.43,0,0,1,0.0,0.0,1.0,0.399640039086894,0.38853943827338516
558,browser_mp835qq4j4kymt,session_20260524_224534_09f1ab,2,1779659374.2441795,1779659494.2441795,data\session_20260524_224534_09f1ab\raw\dual_task.csv,false,0,nan,nan,nan,nan,nan,0,0,0,nan,nan,nan,nan,nan
559,browser_mp835qq4j4kymt,session_20260524_224534_09f1ab,3,1779659494.2441795,1779659614.2441795,data\session_20260524_224534_09f1ab\raw\dual_task.csv,false,0,nan,nan,nan,nan,nan,0,0,0,nan,nan,nan,nan,nan
560,browser_mp835qq4j4kymt,session_20260524_224534_09f1ab,4,1779659614.2441795,1779659734.2441795,data\session_20260524_224534_09f1ab\raw\dual_task.csv,true,1,1303.09,1303.09,0.0,1303.09,1303.09,0,0,1,0.0,0.0,1.0,0.2170290420186206,0.2175616743556322
561,browser_mp835qq4j4kymt,session_20260524_224534_09f1ab,5,1779659734.2441795,1779659854.2441795,data\session_20260524_224534_09f1ab\raw\dual_task.csv,false,0,nan,nan,nan,nan,nan,0,0,0,nan,nan,nan,nan,nan
562,browser_mp835qq4j4kymt,session_20260524_224534_09f1ab,6,1779659854.2441795,1779659974.2441795,data\session_20260524_224534_09f1ab\raw\dual_task.csv,false,0,nan,nan,nan,nan,nan,0,0,0,nan,nan,nan,nan,nan
563,browser_mp835qq4j4kymt,session_20260524_224534_09f1ab,7,1779659974.2441795,1779660094.2441795,data\session_20260524_224534_09f1ab\raw\dual_task.csv,false,0,nan,nan,nan,nan,nan,0,0,0,nan,nan,nan,nan,nan
564,browser_mp835qq4j4kymt,session_20260524_224534_09f1ab,8,1779660094.2441795,1779660214.2441795,data\session_20260524_224534_09f1ab\raw\dual_task.csv,false,0,nan,nan,nan,nan,nan,0,0,0,nan,nan,nan,nan,nan
565,browser_mp835qq4j4kymt,session_20260524_224534_09f1ab,9,1779660214.2441795,1779660334.2441795,data\session_20260524_224534_09f1ab\raw\dual_task.csv,false,0,nan,nan,nan,nan,nan,0,0,0,nan,nan,nan,nan,nan
566,browser_mp835qq4j4kymt,session_20260524_224534_09f1ab,10,1779660334.2441795,1779660454.2441795,data\session_20260524_224534_09f1ab\raw\dual_task.csv,true,1,1307.43,1307.43,0.0,1307.43,1307.43,0,0,1,0.0,0.0,1.0,0.217816624344515,0.21829620729520505
567,browser_mp835qq4j4kymt,session_20260524_224534_09f1ab,11,1779660454.2441795,1779660574.2441795,data\session_20260524_224534_09f1ab\raw\dual_task.csv,false,0,nan,nan,nan,nan,nan,0,0,0,nan,nan,nan,nan,nan
568,browser_mp835qq4j4kymt,session_20260524_224534_09f1ab,12,1779660574.2441795,1779660694.2441795,data\session_20260524_224534_09f1ab\raw\dual_task.csv,true,1,2414.57,2414.57,0.0,2414.57,2414.57,0,0,1,0.0,0.0,1.0,0.4249598390932524,0.4128875484808839
569,browser_mp835qq4j4kymt,session_20260524_224534_09f1ab,13,1779660694.2441795,1779660814.2441795,data\session_20260524_224534_09f1ab\raw\dual_task.csv,true,1,2469.86,2469.86,0.0,2469.86,2469.86,0,0,1,0.0,0.0,1.0,0.4337953284415264,0.42145804977099
570,browser_mp835qq4j4kymt,session_20260524_224534_09f1ab,14,1779660814.2441795,1779660934.2441795,data\session_20260524_224534_09f1ab\raw\dual_task.csv,false,0,nan,nan,nan,nan,nan,0,0,0,nan,nan,nan,nan,nan
571,browser_mp835qq4j4kymt,session_20260524_224534_09f1ab,15,1779660934.2441795,1779660934.5237615,data\session_20260524_224534_09f1ab\raw\dual_task.csv,false,0,nan,nan,nan,nan,nan,0,0,0,nan,nan,nan,nan,nan
572,layss,session_20260525_111948_83ef24,0,1779704388.398384,1779704508.398384,data\session_20260525_111948_83ef24\raw\dual_task.csv,false,0,nan,nan,nan,nan,nan,0,0,0,nan,nan,nan,nan,nan
573,layss,session_20260525_111948_83ef24,1,1779704508.398384,1779704628.398384,data\session_20260525_111948_83ef24\raw\dual_task.csv,false,0,nan,nan,nan,nan,nan,0,0,0,nan,nan,nan,nan,nan
574,layss,session_20260525_111948_83ef24,2,1779704628.398384,1779704748.398384,data\session_20260525_111948_83ef24\raw\dual_task.csv,false,0,nan,nan,nan,nan,nan,0,0,0,nan,nan,nan,nan,nan
575,layss,session_20260525_111948_83ef24,3,1779704748.398384,1779704868.398384,data\session_20260525_111948_83ef24\raw\dual_task.csv,false,0,nan,nan,nan,nan,nan,0,0,0,nan,nan,nan,nan,nan
576,layss,session_20260525_111948_83ef24,4,1779704868.398384,1779704988.398384,data\session_20260525_111948_83ef24\raw\dual_task.csv,false,0,nan,nan,nan,nan,nan,0,0,0,nan,nan,nan,nan,nan
577,layss,session_20260525_111948_83ef24,5,1779704988.398384,1779705108.398384,data\session_20260525_111948_83ef24\raw\dual_task.csv,false,0,nan,nan,nan,nan,nan,0,0,0,nan,nan,nan,nan,nan
578,layss,session_20260525_111948_83ef24,6,1779705108.398384,1779705228.398384,data\session_20260525_111948_83ef24\raw\dual_task.csv,false,0,nan,nan,nan,nan,nan,0,0,0,nan,nan,nan,nan,nan
579,layss,session_20260525_111948_83ef24,7,1779705228.398384,1779705348.398384,data\session_20260525_111948_83ef24\raw\dual_task.csv,false,0,nan,nan,nan,nan,nan,0,0,0,nan,nan,nan,nan,nan
580,layss,session_20260525_111948_83ef24,8,1779705348.398384,1779705468.398384,data\session_20260525_111948_83ef24\raw\dual_task.csv,false,0,nan,nan,nan,nan,nan,0,0,0,nan,nan,nan,nan,nan
581,layss,session_20260525_111948_83ef24,9,1779705468.398384,1779705588.398384,data\session_20260525_111948_83ef24\raw\dual_task.csv,false,0,nan,nan,nan,nan,nan,0,0,0,nan,nan,nan,nan,nan
582,layss,session_20260525_111948_83ef24,10,1779705588.398384,1779705708.398384,data\session_20260525_111948_83ef24\raw\dual_task.csv,false,0,nan,nan,nan,nan,nan,0,0,0,nan,nan,nan,nan,nan
583,layss,session_20260525_111948_83ef24,11,1779705708.398384,1779705828.398384,data\session_20260525_111948_83ef24\raw\dual_task.csv,false,0,nan,nan,nan,nan,nan,0,0,0,nan,nan,nan,nan,nan
584,layss,session_20260525_111948_83ef24,12,1779705828.398384,1779705948.398384,data\session_20260525_111948_83ef24\raw\dual_task.csv,false,0,nan,nan,nan,nan,nan,0,0,0,nan,nan,nan,nan,nan
585,layss,session_20260525_111948_83ef24,13,1779705948.398384,1779706068.398384,data\session_20260525_111948_83ef24\raw\dual_task.csv,false,0,nan,nan,nan,nan,nan,0,0,0,nan,nan,nan,nan,nan
586,layss,session_20260525_111948_83ef24,14,1779706068.398384,1779706188.224082,data\session_20260525_111948_83ef24\raw\dual_task.csv,false,0,nan,nan,nan,nan,nan,0,0,0,nan,nan,nan,nan,nan
587,layss,session_20260525_115401_a789a3,0,1779706442.0533864,1779706562.0533864,data\session_20260525_115401_a789a3\raw\dual_task.csv,false,0,nan,nan,nan,nan,nan,0,0,0,nan,nan,nan,nan,nan
588,layss,session_20260525_115401_a789a3,1,1779706562.0533864,1779706682.0533864,data\session_20260525_115401_a789a3\raw\dual_task.csv,false,0,nan,nan,nan,nan,nan,0,0,0,nan,nan,nan,nan,nan
589,layss,session_20260525_115401_a789a3,2,1779706682.0533864,1779706802.0533864,data\session_20260525_115401_a789a3\raw\dual_task.csv,false,0,nan,nan,nan,nan,nan,0,0,0,nan,nan,nan,nan,nan
590,layss,session_20260525_115401_a789a3,3,1779706802.0533864,1779706922.0533864,data\session_20260525_115401_a789a3\raw\dual_task.csv,false,0,nan,nan,nan,nan,nan,0,0,0,nan,nan,nan,nan,nan
591,layss,session_20260525_115401_a789a3,4,1779706922.0533864,1779707042.0533864,data\session_20260525_115401_a789a3\raw\dual_task.csv,false,0,nan,nan,nan,nan,nan,0,0,0,nan,nan,nan,nan,nan
592,layss,session_20260525_115401_a789a3,5,1779707042.0533864,1779707162.0533864,data\session_20260525_115401_a789a3\raw\dual_task.csv,false,0,nan,nan,nan,nan,nan,0,0,0,nan,nan,nan,nan,nan
593,layss,session_20260525_115401_a789a3,6,1779707162.0533864,1779707282.0533864,data\session_20260525_115401_a789a3\raw\dual_task.csv,false,0,nan,nan,nan,nan,nan,0,0,0,nan,nan,nan,nan,nan
594,layss,session_20260525_115401_a789a3,7,1779707282.0533864,1779707402.0533864,data\session_20260525_115401_a789a3\raw\dual_task.csv,false,0,nan,nan,nan,nan,nan,0,0,0,nan,nan,nan,nan,nan
595,layss,session_20260525_115401_a789a3,8,1779707402.0533864,1779707522.0533864,data\session_20260525_115401_a789a3\raw\dual_task.csv,false,0,nan,nan,nan,nan,nan,0,0,0,nan,nan,nan,nan,nan
596,layss,session_20260525_115401_a789a3,9,1779707522.0533864,1779707642.0533864,data\session_20260525_115401_a789a3\raw\dual_task.csv,false,0,nan,nan,nan,nan,nan,0,0,0,nan,nan,nan,nan,nan
597,layss,session_20260525_115401_a789a3,10,1779707642.0533864,1779707762.0533864,data\session_20260525_115401_a789a3\raw\dual_task.csv,false,0,nan,nan,nan,nan,nan,0,0,0,nan,nan,nan,nan,nan
598,layss,session_20260525_115401_a789a3,11,1779707762.0533864,1779707882.0533864,data\session_20260525_115401_a789a3\raw\dual_task.csv,false,0,nan,nan,nan,nan,nan,0,0,0,nan,nan,nan,nan,nan
599,layss,session_20260525_115401_a789a3,12,1779707882.0533864,1779708002.0533864,data\session_20260525_115401_a789a3\raw\dual_task.csv,false,0,nan,nan,nan,nan,nan,0,0,0,nan,nan,nan,nan,nan
600,layss,session_20260525_115401_a789a3,13,1779708002.0533864,1779708122.0533864,data\session_20260525_115401_a789a3\raw\dual_task.csv,false,0,nan,nan,nan,nan,nan,0,0,0,nan,nan,nan,nan,nan
601,layss,session_20260525_115401_a789a3,14,1779708122.0533864,1779708242.0533864,data\session_20260525_115401_a789a3\raw\dual_task.csv,false,0,nan,nan,nan,nan,nan,0,0,0,nan,nan,nan,nan,nan
602,layss,session_20260525_115401_a789a3,15,1779708242.0533864,1779708242.2170038,data\session_20260525_115401_a789a3\raw\dual_task.csv,false,0,nan,nan,nan,nan,nan,0,0,0,nan,nan,nan,nan,nan
603,layss,session_20260525_133940_df428b,0,1779712780.9629884,1779712900.9629884,data\session_20260525_133940_df428b\raw\dual_task.csv,false,0,nan,nan,nan,nan,nan,0,0,0,nan,nan,nan,nan,nan
604,layss,session_20260525_133940_df428b,1,1779712900.9629884,1779713020.9629884,data\session_20260525_133940_df428b\raw\dual_task.csv,false,0,nan,nan,nan,nan,nan,0,0,0,nan,nan,nan,nan,nan
605,layss,session_20260525_133940_df428b,2,1779713020.9629884,1779713140.9629884,data\session_20260525_133940_df428b\raw\dual_task.csv,false,0,nan,nan,nan,nan,nan,0,0,0,nan,nan,nan,nan,nan
606,layss,session_20260525_133940_df428b,3,1779713140.9629884,1779713260.9629884,data\session_20260525_133940_df428b\raw\dual_task.csv,false,0,nan,nan,nan,nan,nan,0,0,0,nan,nan,nan,nan,nan
607,layss,session_20260525_133940_df428b,4,1779713260.9629884,1779713380.9629884,data\session_20260525_133940_df428b\raw\dual_task.csv,false,0,nan,nan,nan,nan,nan,0,0,0,nan,nan,nan,nan,nan
608,layss,session_20260525_133940_df428b,5,1779713380.9629884,1779713500.9629884,data\session_20260525_133940_df428b\raw\dual_task.csv,false,0,nan,nan,nan,nan,nan,0,0,0,nan,nan,nan,nan,nan
609,layss,session_20260525_133940_df428b,6,1779713500.9629884,1779713620.9629884,data\session_20260525_133940_df428b\raw\dual_task.csv,false,0,nan,nan,nan,nan,nan,0,0,0,nan,nan,nan,nan,nan
610,layss,session_20260525_133940_df428b,7,1779713620.9629884,1779713740.9629884,data\session_20260525_133940_df428b\raw\dual_task.csv,false,0,nan,nan,nan,nan,nan,0,0,0,nan,nan,nan,nan,nan
611,layss,session_20260525_133940_df428b,8,1779713740.9629884,1779713860.9629884,data\session_20260525_133940_df428b\raw\dual_task.csv,false,0,nan,nan,nan,nan,nan,0,0,0,nan,nan,nan,nan,nan
612,layss,session_20260525_133940_df428b,9,1779713860.9629884,1779713980.9629884,data\session_20260525_133940_df428b\raw\dual_task.csv,false,0,nan,nan,nan,nan,nan,0,0,0,nan,nan,nan,nan,nan
613,layss,session_20260525_133940_df428b,10,1779713980.9629884,1779713981.1186187,data\session_20260525_133940_df428b\raw\dual_task.csv,false,0,nan,nan,nan,nan,nan,0,0,0,nan,nan,nan,nan,nan
614,browser_mp835qq4j4kymt,session_20260525_144151_ee5291,0,1779716511.9682658,1779716631.9682658,data\session_20260525_144151_ee5291\raw\dual_task.csv,false,0,nan,nan,nan,nan,nan,0,0,0,nan,nan,nan,nan,nan
615,browser_mp835qq4j4kymt,session_20260525_144151_ee5291,1,1779716631.9682658,1779716751.9682658,data\session_20260525_144151_ee5291\raw\dual_task.csv,false,0,nan,nan,nan,nan,nan,0,0,0,nan,nan,nan,nan,nan
616,browser_mp835qq4j4kymt,session_20260525_144151_ee5291,2,1779716751.9682658,1779716871.9682658,data\session_20260525_144151_ee5291\raw\dual_task.csv,false,0,nan,nan,nan,nan,nan,0,0,0,nan,nan,nan,nan,nan
617,browser_mp835qq4j4kymt,session_20260525_144151_ee5291,3,1779716871.9682658,1779716991.9682658,data\session_20260525_144151_ee5291\raw\dual_task.csv,false,0,nan,nan,nan,nan,nan,0,0,0,nan,nan,nan,nan,nan
618,browser_mp835qq4j4kymt,session_20260525_144151_ee5291,4,1779716991.9682658,1779717111.9682658,data\session_20260525_144151_ee5291\raw\dual_task.csv,false,0,nan,nan,nan,nan,nan,0,0,0,nan,nan,nan,nan,nan
619,browser_mp835qq4j4kymt,session_20260525_144151_ee5291,5,1779717111.9682658,1779717231.9682658,data\session_20260525_144151_ee5291\raw\dual_task.csv,false,0,nan,nan,nan,nan,nan,0,0,0,nan,nan,nan,nan,nan
620,browser_mp835qq4j4kymt,session_20260525_144151_ee5291,6,1779717231.9682658,1779717351.9682658,data\session_20260525_144151_ee5291\raw\dual_task.csv,true,1,2037.52,2037.52,0.0,2037.52,2037.52,0,0,1,0.0,0.0,1.0,0.35826453098169153,0.34929193257967484
621,browser_mp835qq4j4kymt,session_20260525_144151_ee5291,7,1779717351.9682658,1779717471.9682658,data\session_20260525_144151_ee5291\raw\dual_task.csv,false,0,nan,nan,nan,nan,nan,0,0,0,nan,nan,nan,nan,nan
622,browser_mp835qq4j4kymt,session_20260525_144151_ee5291,8,1779717471.9682658,1779717591.9682658,data\session_20260525_144151_ee5291\raw\dual_task.csv,true,1,nan,nan,nan,nan,nan,1,0,0,1.0,0.0,0.0,0.25,0.25
623,browser_mp835qq4j4kymt,session_20260525_144151_ee5291,9,1779717591.9682658,1779717711.9682658,data\session_20260525_144151_ee5291\raw\dual_task.csv,false,0,nan,nan,nan,nan,nan,0,0,0,nan,nan,nan,nan,nan
624,browser_mp835qq4j4kymt,session_20260525_144151_ee5291,10,1779717711.9682658,1779717831.9682658,data\session_20260525_144151_ee5291\raw\dual_task.csv,false,0,nan,nan,nan,nan,nan,0,0,0,nan,nan,nan,nan,nan
625,browser_mp835qq4j4kymt,session_20260525_144151_ee5291,11,1779717831.9682658,1779717951.9682658,data\session_20260525_144151_ee5291\raw\dual_task.csv,false,0,nan,nan,nan,nan,nan,0,0,0,nan,nan,nan,nan,nan
626,browser_mp835qq4j4kymt,session_20260525_144151_ee5291,12,1779717951.9682658,1779718071.9682658,data\session_20260525_144151_ee5291\raw\dual_task.csv,false,0,nan,nan,nan,nan,nan,0,0,0,nan,nan,nan,nan,nan
627,browser_mp835qq4j4kymt,session_20260525_144151_ee5291,13,1779718071.9682658,1779718191.9682658,data\session_20260525_144151_ee5291\raw\dual_task.csv,false,0,nan,nan,nan,nan,nan,0,0,0,nan,nan,nan,nan,nan
628,browser_mp835qq4j4kymt,session_20260525_144151_ee5291,14,1779718191.9682658,1779718311.9682658,data\session_20260525_144151_ee5291\raw\dual_task.csv,false,0,nan,nan,nan,nan,nan,0,0,0,nan,nan,nan,nan,nan
629,browser_mp835qq4j4kymt,session_20260525_144151_ee5291,15,1779718311.9682658,1779718312.3256676,data\session_20260525_144151_ee5291\raw\dual_task.csv,false,0,nan,nan,nan,nan,nan,0,0,0,nan,nan,nan,nan,nan
630,browser_mp835qq4j4kymt,session_20260525_192812_b8cdc6,0,1779733692.4297931,1779733812.4297931,data\session_20260525_192812_b8cdc6\raw\dual_task.csv,false,0,nan,nan,nan,nan,nan,0,0,0,nan,nan,nan,nan,nan
631,browser_mp835qq4j4kymt,session_20260525_192812_b8cdc6,1,1779733812.4297931,1779733932.4297931,data\session_20260525_192812_b8cdc6\raw\dual_task.csv,false,0,nan,nan,nan,nan,nan,0,0,0,nan,nan,nan,nan,nan
632,browser_mp835qq4j4kymt,session_20260525_192812_b8cdc6,2,1779733932.4297931,1779734052.4297931,data\session_20260525_192812_b8cdc6\raw\dual_task.csv,true,1,nan,nan,nan,nan,nan,1,0,0,1.0,0.0,0.0,0.25,0.25
633,browser_mp835qq4j4kymt,session_20260525_192812_b8cdc6,3,1779734052.4297931,1779734172.4297931,data\session_20260525_192812_b8cdc6\raw\dual_task.csv,false,0,nan,nan,nan,nan,nan,0,0,0,nan,nan,nan,nan,nan
634,browser_mp835qq4j4kymt,session_20260525_192812_b8cdc6,4,1779734172.4297931,1779734292.4297931,data\session_20260525_192812_b8cdc6\raw\dual_task.csv,false,0,nan,nan,nan,nan,nan,0,0,0,nan,nan,nan,nan,nan
635,browser_mp835qq4j4kymt,session_20260525_192812_b8cdc6,5,1779734292.4297931,1779734412.4297931,data\session_20260525_192812_b8cdc6\raw\dual_task.csv,true,1,nan,nan,nan,nan,nan,1,0,0,1.0,0.0,0.0,0.25,0.25
636,browser_mp835qq4j4kymt,session_20260525_192812_b8cdc6,6,1779734412.4297931,1779734532.4297931,data\session_20260525_192812_b8cdc6\raw\dual_task.csv,false,0,nan,nan,nan,nan,nan,0,0,0,nan,nan,nan,nan,nan
637,browser_mp835qq4j4kymt,session_20260525_192812_b8cdc6,7,1779734532.4297931,1779734652.4297931,data\session_20260525_192812_b8cdc6\raw\dual_task.csv,true,1,nan,nan,nan,nan,nan,1,0,0,1.0,0.0,0.0,0.25,0.25
638,browser_mp835qq4j4kymt,session_20260525_192812_b8cdc6,8,1779734652.4297931,1779734772.4297931,data\session_20260525_192812_b8cdc6\raw\dual_task.csv,false,0,nan,nan,nan,nan,nan,0,0,0,nan,nan,nan,nan,nan
639,browser_mp835qq4j4kymt,session_20260525_192812_b8cdc6,9,1779734772.4297931,1779734892.4297931,data\session_20260525_192812_b8cdc6\raw\dual_task.csv,true,1,nan,nan,nan,nan,nan,1,0,0,1.0,0.0,0.0,0.25,0.25
640,browser_mp835qq4j4kymt,session_20260525_192812_b8cdc6,10,1779734892.4297931,1779735012.4297931,data\session_20260525_192812_b8cdc6\raw\dual_task.csv,false,0,nan,nan,nan,nan,nan,0,0,0,nan,nan,nan,nan,nan
641,browser_mp835qq4j4kymt,session_20260525_192812_b8cdc6,11,1779735012.4297931,1779735132.4297931,data\session_20260525_192812_b8cdc6\raw\dual_task.csv,false,0,nan,nan,nan,nan,nan,0,0,0,nan,nan,nan,nan,nan
642,browser_mp835qq4j4kymt,session_20260525_192812_b8cdc6,12,1779735132.4297931,1779735252.4297931,data\session_20260525_192812_b8cdc6\raw\dual_task.csv,true,1,1458.0,1458.0,0.0,1458.0,1458.0,0,0,1,0.0,0.0,1.0,0.24582756086921004,0.24437711753727817
643,browser_mp835qq4j4kymt,session_20260525_192812_b8cdc6,13,1779735252.4297931,1779735372.4297931,data\session_20260525_192812_b8cdc6\raw\dual_task.csv,false,0,nan,nan,nan,nan,nan,0,0,0,nan,nan,nan,nan,nan
644,browser_mp835qq4j4kymt,session_20260525_192812_b8cdc6,14,1779735372.4297931,1779735492.4297931,data\session_20260525_192812_b8cdc6\raw\dual_task.csv,true,1,1419.39,1419.39,0.0,1419.39,1419.39,0,0,1,0.0,0.0,1.0,0.23852864602998464,0.23758756353128002
645,browser_mp835qq4j4kymt,session_20260525_192812_b8cdc6,15,1779735492.4297931,1779735492.6649978,data\session_20260525_192812_b8cdc6\raw\dual_task.csv,false,0,nan,nan,nan,nan,nan,0,0,0,nan,nan,nan,nan,nan
646,browser_mp835qq4j4kymt,session_20260525_200307_b0bbbd,0,1779735787.6840775,1779735907.6840775,data\session_20260525_200307_b0bbbd\raw\dual_task.csv,false,0,nan,nan,nan,nan,nan,0,0,0,nan,nan,nan,nan,nan
647,browser_mp835qq4j4kymt,session_20260525_200307_b0bbbd,1,1779735907.6840775,1779736027.6840775,data\session_20260525_200307_b0bbbd\raw\dual_task.csv,false,0,nan,nan,nan,nan,nan,0,0,0,nan,nan,nan,nan,nan
648,browser_mp835qq4j4kymt,session_20260525_200307_b0bbbd,2,1779736027.6840775,1779736147.6840775,data\session_20260525_200307_b0bbbd\raw\dual_task.csv,false,0,nan,nan,nan,nan,nan,0,0,0,nan,nan,nan,nan,nan
649,browser_mp835qq4j4kymt,session_20260525_200307_b0bbbd,3,1779736147.6840775,1779736267.6840775,data\session_20260525_200307_b0bbbd\raw\dual_task.csv,false,0,nan,nan,nan,nan,nan,0,0,0,nan,nan,nan,nan,nan
650,browser_mp835qq4j4kymt,session_20260525_200307_b0bbbd,4,1779736267.6840775,1779736387.6840775,data\session_20260525_200307_b0bbbd\raw\dual_task.csv,false,0,nan,nan,nan,nan,nan,0,0,0,nan,nan,nan,nan,nan
651,browser_mp835qq4j4kymt,session_20260525_200307_b0bbbd,5,1779736387.6840775,1779736507.6840775,data\session_20260525_200307_b0bbbd\raw\dual_task.csv,false,0,nan,nan,nan,nan,nan,0,0,0,nan,nan,nan,nan,nan
652,browser_mp835qq4j4kymt,session_20260525_200307_b0bbbd,6,1779736507.6840775,1779736627.6840775,data\session_20260525_200307_b0bbbd\raw\dual_task.csv,true,1,1935.66,1935.66,0.0,1935.66,1935.66,0,0,1,0.0,0.0,1.0,0.3387957433243573,0.3309976820637446
653,browser_mp835qq4j4kymt,session_20260525_200307_b0bbbd,7,1779736627.6840775,1779736747.6840775,data\session_20260525_200307_b0bbbd\raw\dual_task.csv,false,0,nan,nan,nan,nan,nan,0,0,0,nan,nan,nan,nan,nan
654,browser_mp835qq4j4kymt,session_20260525_200307_b0bbbd,8,1779736747.6840775,1779736867.6840775,data\session_20260525_200307_b0bbbd\raw\dual_task.csv,false,0,nan,nan,nan,nan,nan,0,0,0,nan,nan,nan,nan,nan
655,browser_mp835qq4j4kymt,session_20260525_200307_b0bbbd,9,1779736867.6840775,1779736987.6840775,data\session_20260525_200307_b0bbbd\raw\dual_task.csv,false,0,nan,nan,nan,nan,nan,0,0,0,nan,nan,nan,nan,nan
656,browser_mp835qq4j4kymt,session_20260525_200307_b0bbbd,10,1779736987.6840775,1779737107.6840775,data\session_20260525_200307_b0bbbd\raw\dual_task.csv,false,0,nan,nan,nan,nan,nan,0,0,0,nan,nan,nan,nan,nan
657,browser_mp835qq4j4kymt,session_20260525_200307_b0bbbd,11,1779737107.6840775,1779737227.6840775,data\session_20260525_200307_b0bbbd\raw\dual_task.csv,true,1,nan,nan,nan,nan,nan,1,0,0,1.0,0.0,0.0,0.25,0.25
658,browser_mp835qq4j4kymt,session_20260525_200307_b0bbbd,12,1779737227.6840775,1779737347.6840775,data\session_20260525_200307_b0bbbd\raw\dual_task.csv,false,0,nan,nan,nan,nan,nan,0,0,0,nan,nan,nan,nan,nan
659,browser_mp835qq4j4kymt,session_20260525_200307_b0bbbd,13,1779737347.6840775,1779737467.6840775,data\session_20260525_200307_b0bbbd\raw\dual_task.csv,true,1,nan,nan,nan,nan,nan,1,0,0,1.0,0.0,0.0,0.25,0.25
660,browser_mp835qq4j4kymt,session_20260525_200307_b0bbbd,14,1779737467.6840775,1779737587.6840775,data\session_20260525_200307_b0bbbd\raw\dual_task.csv,false,0,nan,nan,nan,nan,nan,0,0,0,nan,nan,nan,nan,nan
661,browser_mp835qq4j4kymt,session_20260525_200307_b0bbbd,15,1779737587.6840775,1779737587.9093888,data\session_20260525_200307_b0bbbd\raw\dual_task.csv,false,0,nan,nan,nan,nan,nan,0,0,0,nan,nan,nan,nan,nan
662,browser_mp835qq4j4kymt,session_20260525_204344_7b89ac,0,1779738224.6544056,1779738344.6544056,data\session_20260525_204344_7b89ac\raw\dual_task.csv,false,0,nan,nan,nan,nan,nan,0,0,0,nan,nan,nan,nan,nan
663,browser_mp835qq4j4kymt,session_20260525_204344_7b89ac,1,1779738344.6544056,1779738464.6544056,data\session_20260525_204344_7b89ac\raw\dual_task.csv,false,0,nan,nan,nan,nan,nan,0,0,0,nan,nan,nan,nan,nan
664,browser_mp835qq4j4kymt,session_20260525_204344_7b89ac,2,1779738464.6544056,1779738584.6544056,data\session_20260525_204344_7b89ac\raw\dual_task.csv,true,1,2418.18,2418.18,0.0,2418.18,2418.18,0,0,1,0.0,0.0,1.0,0.4255450968535843,0.41345397578727966
665,browser_mp835qq4j4kymt,session_20260525_204344_7b89ac,3,1779738584.6544056,1779738704.6544056,data\session_20260525_204344_7b89ac\raw\dual_task.csv,false,0,nan,nan,nan,nan,nan,0,0,0,nan,nan,nan,nan,nan
666,browser_mp835qq4j4kymt,session_20260525_204344_7b89ac,4,1779738704.6544056,1779738824.6544056,data\session_20260525_204344_7b89ac\raw\dual_task.csv,true,1,1146.74,1146.74,0.0,1146.74,1146.74,0,0,1,0.0,0.0,1.0,0.18955181223549683,0.19186995782974545
667,browser_mp835qq4j4kymt,session_20260525_204344_7b89ac,5,1779738824.6544056,1779738944.6544056,data\session_20260525_204344_7b89ac\raw\dual_task.csv,false,0,nan,nan,nan,nan,nan,0,0,0,nan,nan,nan,nan,nan
668,browser_mp835qq4j4kymt,session_20260525_204344_7b89ac,6,1779738944.6544056,1779739064.6544056,data\session_20260525_204344_7b89ac\raw\dual_task.csv,true,1,nan,nan,nan,nan,nan,1,0,0,1.0,0.0,0.0,0.25,0.25
669,browser_mp835qq4j4kymt,session_20260525_204344_7b89ac,7,1779739064.6544056,1779739184.6544056,data\session_20260525_204344_7b89ac\raw\dual_task.csv,false,0,nan,nan,nan,nan,nan,0,0,0,nan,nan,nan,nan,nan
670,browser_mp835qq4j4kymt,session_20260525_204344_7b89ac,8,1779739184.6544056,1779739304.6544056,data\session_20260525_204344_7b89ac\raw\dual_task.csv,true,1,nan,nan,nan,nan,nan,1,0,0,1.0,0.0,0.0,0.25,0.25
671,browser_mp835qq4j4kymt,session_20260525_204344_7b89ac,9,1779739304.6544056,1779739424.6544056,data\session_20260525_204344_7b89ac\raw\dual_task.csv,false,0,nan,nan,nan,nan,nan,0,0,0,nan,nan,nan,nan,nan
672,browser_mp835qq4j4kymt,session_20260525_204344_7b89ac,10,1779739424.6544056,1779739544.6544056,data\session_20260525_204344_7b89ac\raw\dual_task.csv,true,1,nan,nan,nan,nan,nan,1,0,0,1.0,0.0,0.0,0.25,0.25
673,browser_mp835qq4j4kymt,session_20260525_204344_7b89ac,11,1779739544.6544056,1779739664.6544056,data\session_20260525_204344_7b89ac\raw\dual_task.csv,false,0,nan,nan,nan,nan,nan,0,0,0,nan,nan,nan,nan,nan
674,browser_mp835qq4j4kymt,session_20260525_204344_7b89ac,12,1779739664.6544056,1779739784.6544056,data\session_20260525_204344_7b89ac\raw\dual_task.csv,false,0,nan,nan,nan,nan,nan,0,0,0,nan,nan,nan,nan,nan
675,browser_mp835qq4j4kymt,session_20260525_204344_7b89ac,13,1779739784.6544056,1779739904.6544056,data\session_20260525_204344_7b89ac\raw\dual_task.csv,false,0,nan,nan,nan,nan,nan,0,0,0,nan,nan,nan,nan,nan
676,browser_mp835qq4j4kymt,session_20260525_204344_7b89ac,14,1779739904.6544056,1779740024.6544056,data\session_20260525_204344_7b89ac\raw\dual_task.csv,false,0,nan,nan,nan,nan,nan,0,0,0,nan,nan,nan,nan,nan
677,browser_mp835qq4j4kymt,session_20260525_204344_7b89ac,15,1779740024.6544056,1779740024.8759503,data\session_20260525_204344_7b89ac\raw\dual_task.csv,false,0,nan,nan,nan,nan,nan,0,0,0,nan,nan,nan,nan,nan
678,Makki,session_20260525_214154_0a4103,0,1779741714.4227812,1779741834.4227812,data\session_20260525_214154_0a4103\raw\dual_task.csv,false,0,nan,nan,nan,nan,nan,0,0,0,nan,nan,nan,nan,nan
679,Makki,session_20260525_214154_0a4103,1,1779741834.4227812,1779741954.4227812,data\session_20260525_214154_0a4103\raw\dual_task.csv,false,0,nan,nan,nan,nan,nan,0,0,0,nan,nan,nan,nan,nan
680,Makki,session_20260525_214154_0a4103,2,1779741954.4227812,1779742074.4227812,data\session_20260525_214154_0a4103\raw\dual_task.csv,true,1,nan,nan,nan,nan,nan,1,0,0,1.0,0.0,0.0,0.25,0.25
681,Makki,session_20260525_214154_0a4103,3,1779742074.4227812,1779742194.4227812,data\session_20260525_214154_0a4103\raw\dual_task.csv,false,0,nan,nan,nan,nan,nan,0,0,0,nan,nan,nan,nan,nan
682,Makki,session_20260525_214154_0a4103,4,1779742194.4227812,1779742314.4227812,data\session_20260525_214154_0a4103\raw\dual_task.csv,true,1,nan,nan,nan,nan,nan,0,0,0,0.0,0.0,0.0,0.0,0.0
683,Makki,session_20260525_214154_0a4103,5,1779742314.4227812,1779742434.4227812,data\session_20260525_214154_0a4103\raw\dual_task.csv,false,0,nan,nan,nan,nan,nan,0,0,0,nan,nan,nan,nan,nan
684,Makki,session_20260525_214154_0a4103,6,1779742434.4227812,1779742554.4227812,data\session_20260525_214154_0a4103\raw\dual_task.csv,true,1,1942.36,1942.36,0.0,1942.36,1942.36,0,0,1,0.0,0.0,1.0,0.34008852861139455,0.34682832205909075
685,Makki,session_20260525_214154_0a4103,7,1779742554.4227812,1779742674.4227812,data\session_20260525_214154_0a4103\raw\dual_task.csv,false,0,nan,nan,nan,nan,nan,0,0,0,nan,nan,nan,nan,nan
686,Makki,session_20260525_214154_0a4103,8,1779742674.4227812,1779742794.4227812,data\session_20260525_214154_0a4103\raw\dual_task.csv,false,0,nan,nan,nan,nan,nan,0,0,0,nan,nan,nan,nan,nan
687,Makki,session_20260525_214154_0a4103,9,1779742794.4227812,1779742914.4227812,data\session_20260525_214154_0a4103\raw\dual_task.csv,true,1,1446.93,1446.93,0.0,1446.93,1446.93,0,0,1,0.0,0.0,1.0,0.2437276544466373,0.2531716779409092
688,Makki,session_20260525_214154_0a4103,10,1779742914.4227812,1779743034.4227812,data\session_20260525_214154_0a4103\raw\dual_task.csv,false,0,nan,nan,nan,nan,nan,0,0,0,nan,nan,nan,nan,nan
689,Makki,session_20260525_214154_0a4103,11,1779743034.4227812,1779743154.4227812,data\session_20260525_214154_0a4103\raw\dual_task.csv,true,1,nan,nan,nan,nan,nan,1,0,0,1.0,0.0,0.0,0.25,0.25
690,Makki,session_20260525_214154_0a4103,12,1779743154.4227812,1779743274.4227812,data\session_20260525_214154_0a4103\raw\dual_task.csv,false,0,nan,nan,nan,nan,nan,0,0,0,nan,nan,nan,nan,nan
691,Makki,session_20260525_214154_0a4103,13,1779743274.4227812,1779743394.4227812,data\session_20260525_214154_0a4103\raw\dual_task.csv,false,0,nan,nan,nan,nan,nan,0,0,0,nan,nan,nan,nan,nan
692,Makki,session_20260525_214154_0a4103,14,1779743394.4227812,1779743514.327893,data\session_20260525_214154_0a4103\raw\dual_task.csv,false,0,nan,nan,nan,nan,nan,0,0,0,nan,nan,nan,nan,nan
693,layss,session_20260525_223533_1be900,0,1779744933.384817,1779745053.384817,data\session_20260525_223533_1be900\raw\dual_task.csv,false,0,nan,nan,nan,nan,nan,0,0,0,nan,nan,nan,nan,nan
694,layss,session_20260525_223533_1be900,1,1779745053.384817,1779745173.384817,data\session_20260525_223533_1be900\raw\dual_task.csv,true,1,nan,nan,nan,nan,nan,1,0,0,1.0,0.0,0.0,0.25,0.25
695,layss,session_20260525_223533_1be900,2,1779745173.384817,1779745293.384817,data\session_20260525_223533_1be900\raw\dual_task.csv,false,0,nan,nan,nan,nan,nan,0,0,0,nan,nan,nan,nan,nan
696,layss,session_20260525_223533_1be900,3,1779745293.384817,1779745413.384817,data\session_20260525_223533_1be900\raw\dual_task.csv,false,0,nan,nan,nan,nan,nan,0,0,0,nan,nan,nan,nan,nan
697,layss,session_20260525_223533_1be900,4,1779745413.384817,1779745533.384817,data\session_20260525_223533_1be900\raw\dual_task.csv,true,1,nan,nan,nan,nan,nan,1,0,0,1.0,0.0,0.0,0.25,0.25
698,layss,session_20260525_223533_1be900,5,1779745533.384817,1779745653.384817,data\session_20260525_223533_1be900\raw\dual_task.csv,false,0,nan,nan,nan,nan,nan,0,0,0,nan,nan,nan,nan,nan
699,layss,session_20260525_223533_1be900,6,1779745653.384817,1779745773.384817,data\session_20260525_223533_1be900\raw\dual_task.csv,true,1,1724.05,1724.05,0.0,1724.05,1724.05,0,0,1,0.0,0.0,1.0,0.2974652168601203,0.3
700,layss,session_20260525_223533_1be900,7,1779745773.384817,1779745893.384817,data\session_20260525_223533_1be900\raw\dual_task.csv,false,0,nan,nan,nan,nan,nan,0,0,0,nan,nan,nan,nan,nan
701,layss,session_20260525_223533_1be900,8,1779745893.384817,1779746013.384817,data\session_20260525_223533_1be900\raw\dual_task.csv,false,0,nan,nan,nan,nan,nan,0,0,0,nan,nan,nan,nan,nan
702,layss,session_20260525_223533_1be900,9,1779746013.384817,1779746133.384817,data\session_20260525_223533_1be900\raw\dual_task.csv,true,1,nan,nan,nan,nan,nan,1,0,0,1.0,0.0,0.0,0.25,0.25
703,layss,session_20260525_223533_1be900,10,1779746133.384817,1779746253.384817,data\session_20260525_223533_1be900\raw\dual_task.csv,false,0,nan,nan,nan,nan,nan,0,0,0,nan,nan,nan,nan,nan
704,layss,session_20260525_223533_1be900,11,1779746253.384817,1779746373.384817,data\session_20260525_223533_1be900\raw\dual_task.csv,true,1,nan,nan,nan,nan,nan,1,0,0,1.0,0.0,0.0,0.25,0.25
705,layss,session_20260525_223533_1be900,12,1779746373.384817,1779746493.384817,data\session_20260525_223533_1be900\raw\dual_task.csv,false,0,nan,nan,nan,nan,nan,0,0,0,nan,nan,nan,nan,nan
706,layss,session_20260525_223533_1be900,13,1779746493.384817,1779746613.384817,data\session_20260525_223533_1be900\raw\dual_task.csv,false,0,nan,nan,nan,nan,nan,0,0,0,nan,nan,nan,nan,nan
707,layss,session_20260525_223533_1be900,14,1779746613.384817,1779746733.3449056,data\session_20260525_223533_1be900\raw\dual_task.csv,true,1,nan,nan,nan,nan,nan,1,0,0,1.0,0.0,0.0,0.25,0.25
708,browser_mp835qq4j4kymt,session_20260525_232112_57c6bb,0,1779747672.448521,1779747792.448521,data\session_20260525_232112_57c6bb\raw\dual_task.csv,false,0,nan,nan,nan,nan,nan,0,0,0,nan,nan,nan,nan,nan
709,browser_mp835qq4j4kymt,session_20260525_232112_57c6bb,1,1779747792.448521,1779747912.448521,data\session_20260525_232112_57c6bb\raw\dual_task.csv,false,0,nan,nan,nan,nan,nan,0,0,0,nan,nan,nan,nan,nan
710,browser_mp835qq4j4kymt,session_20260525_232112_57c6bb,2,1779747912.448521,1779748032.448521,data\session_20260525_232112_57c6bb\raw\dual_task.csv,true,1,nan,nan,nan,nan,nan,1,0,0,1.0,0.0,0.0,0.25,0.25
711,browser_mp835qq4j4kymt,session_20260525_232112_57c6bb,3,1779748032.448521,1779748152.448521,data\session_20260525_232112_57c6bb\raw\dual_task.csv,true,1,2605.32,2605.32,0.0,2605.32,2605.32,0,0,1,0.0,0.0,1.0,0.4542403607544053,0.4414625554729326
712,browser_mp835qq4j4kymt,session_20260525_232112_57c6bb,4,1779748152.448521,1779748272.448521,data\session_20260525_232112_57c6bb\raw\dual_task.csv,false,0,nan,nan,nan,nan,nan,0,0,0,nan,nan,nan,nan,nan
713,browser_mp835qq4j4kymt,session_20260525_232112_57c6bb,5,1779748272.448521,1779748392.448521,data\session_20260525_232112_57c6bb\raw\dual_task.csv,false,0,nan,nan,nan,nan,nan,0,0,0,nan,nan,nan,nan,nan
714,browser_mp835qq4j4kymt,session_20260525_232112_57c6bb,6,1779748392.448521,1779748512.448521,data\session_20260525_232112_57c6bb\raw\dual_task.csv,true,1,2461.89,2461.89,0.0,2461.89,2461.89,0,0,1,0.0,0.0,1.0,0.4325387882715177,0.42023662222547625
715,browser_mp835qq4j4kymt,session_20260525_232112_57c6bb,7,1779748512.448521,1779748632.448521,data\session_20260525_232112_57c6bb\raw\dual_task.csv,false,0,nan,nan,nan,nan,nan,0,0,0,nan,nan,nan,nan,nan
716,browser_mp835qq4j4kymt,session_20260525_232112_57c6bb,8,1779748632.448521,1779748752.448521,data\session_20260525_232112_57c6bb\raw\dual_task.csv,false,0,nan,nan,nan,nan,nan,0,0,0,nan,nan,nan,nan,nan
717,browser_mp835qq4j4kymt,session_20260525_232112_57c6bb,9,1779748752.448521,1779748872.448521,data\session_20260525_232112_57c6bb\raw\dual_task.csv,false,0,nan,nan,nan,nan,nan,0,0,0,nan,nan,nan,nan,nan
718,browser_mp835qq4j4kymt,session_20260525_232112_57c6bb,10,1779748872.448521,1779748992.448521,data\session_20260525_232112_57c6bb\raw\dual_task.csv,true,1,nan,nan,nan,nan,nan,1,0,0,1.0,0.0,0.0,0.25,0.25
719,browser_mp835qq4j4kymt,session_20260525_232112_57c6bb,11,1779748992.448521,1779749112.448521,data\session_20260525_232112_57c6bb\raw\dual_task.csv,false,0,nan,nan,nan,nan,nan,0,0,0,nan,nan,nan,nan,nan
720,browser_mp835qq4j4kymt,session_20260525_232112_57c6bb,12,1779749112.448521,1779749232.448521,data\session_20260525_232112_57c6bb\raw\dual_task.csv,false,0,nan,nan,nan,nan,nan,0,0,0,nan,nan,nan,nan,nan
721,browser_mp835qq4j4kymt,session_20260525_232112_57c6bb,13,1779749232.448521,1779749352.448521,data\session_20260525_232112_57c6bb\raw\dual_task.csv,true,1,nan,nan,nan,nan,nan,1,0,0,1.0,0.0,0.0,0.25,0.25
722,browser_mp835qq4j4kymt,session_20260525_232112_57c6bb,14,1779749352.448521,1779749472.4137492,data\session_20260525_232112_57c6bb\raw\dual_task.csv,false,0,nan,nan,nan,nan,nan,0,0,0,nan,nan,nan,nan,nan
723,browser_mp835qq4j4kymt,session_20260526_102009_2fed19,0,1779787209.5562072,1779787329.5562072,data\session_20260526_102009_2fed19\raw\dual_task.csv,false,0,nan,nan,nan,nan,nan,0,0,0,nan,nan,nan,nan,nan
724,browser_mp835qq4j4kymt,session_20260526_102009_2fed19,1,1779787329.5562072,1779787449.5562072,data\session_20260526_102009_2fed19\raw\dual_task.csv,false,0,nan,nan,nan,nan,nan,0,0,0,nan,nan,nan,nan,nan
725,browser_mp835qq4j4kymt,session_20260526_102009_2fed19,2,1779787449.5562072,1779787569.5562072,data\session_20260526_102009_2fed19\raw\dual_task.csv,false,0,nan,nan,nan,nan,nan,0,0,0,nan,nan,nan,nan,nan
726,browser_mp835qq4j4kymt,session_20260526_102009_2fed19,3,1779787569.5562072,1779787689.5562072,data\session_20260526_102009_2fed19\raw\dual_task.csv,false,0,nan,nan,nan,nan,nan,0,0,0,nan,nan,nan,nan,nan
727,browser_mp835qq4j4kymt,session_20260526_102009_2fed19,4,1779787689.5562072,1779787809.5562072,data\session_20260526_102009_2fed19\raw\dual_task.csv,false,0,nan,nan,nan,nan,nan,0,0,0,nan,nan,nan,nan,nan
728,browser_mp835qq4j4kymt,session_20260526_102009_2fed19,5,1779787809.5562072,1779787929.5562072,data\session_20260526_102009_2fed19\raw\dual_task.csv,false,0,nan,nan,nan,nan,nan,0,0,0,nan,nan,nan,nan,nan
729,browser_mp835qq4j4kymt,session_20260526_102009_2fed19,6,1779787929.5562072,1779788049.5562072,data\session_20260526_102009_2fed19\raw\dual_task.csv,false,0,nan,nan,nan,nan,nan,0,0,0,nan,nan,nan,nan,nan
730,browser_mp835qq4j4kymt,session_20260526_102009_2fed19,7,1779788049.5562072,1779788169.5562072,data\session_20260526_102009_2fed19\raw\dual_task.csv,false,0,nan,nan,nan,nan,nan,0,0,0,nan,nan,nan,nan,nan
731,browser_mp835qq4j4kymt,session_20260526_102009_2fed19,8,1779788169.5562072,1779788289.5562072,data\session_20260526_102009_2fed19\raw\dual_task.csv,false,0,nan,nan,nan,nan,nan,0,0,0,nan,nan,nan,nan,nan
732,browser_mp835qq4j4kymt,session_20260526_102009_2fed19,9,1779788289.5562072,1779788409.5562072,data\session_20260526_102009_2fed19\raw\dual_task.csv,true,1,1849.91,1849.91,0.0,1849.91,1849.91,0,0,1,0.0,0.0,1.0,0.3221371151570649,0.31540815285007373
733,browser_mp835qq4j4kymt,session_20260526_102009_2fed19,10,1779788409.5562072,1779788529.5562072,data\session_20260526_102009_2fed19\raw\dual_task.csv,false,0,nan,nan,nan,nan,nan,0,0,0,nan,nan,nan,nan,nan
734,browser_mp835qq4j4kymt,session_20260526_102009_2fed19,11,1779788529.5562072,1779788649.5562072,data\session_20260526_102009_2fed19\raw\dual_task.csv,true,1,1272.84,1272.84,0.0,1272.84,1272.84,0,0,1,0.0,0.0,1.0,0.21157443472364945,0.2124720336293275
735,browser_mp835qq4j4kymt,session_20260526_102009_2fed19,12,1779788649.5562072,1779788769.5562072,data\session_20260526_102009_2fed19\raw\dual_task.csv,false,0,nan,nan,nan,nan,nan,0,0,0,nan,nan,nan,nan,nan
736,browser_mp835qq4j4kymt,session_20260526_102009_2fed19,13,1779788769.5562072,1779788889.5562072,data\session_20260526_102009_2fed19\raw\dual_task.csv,true,1,1354.23,1354.23,0.0,1354.23,1354.23,0,0,1,0.0,0.0,1.0,0.22638529893960221,0.22628260963209657
737,browser_mp835qq4j4kymt,session_20260526_102009_2fed19,14,1779788889.5562072,1779789009.5562072,data\session_20260526_102009_2fed19\raw\dual_task.csv,false,0,nan,nan,nan,nan,nan,0,0,0,nan,nan,nan,nan,nan
738,browser_mp835qq4j4kymt,session_20260526_102009_2fed19,15,1779789009.5562072,1779789009.583404,data\session_20260526_102009_2fed19\raw\dual_task.csv,false,0,nan,nan,nan,nan,nan,0,0,0,nan,nan,nan,nan,nan
739,browser_mp835qq4j4kymt,session_20260526_122927_1c6819,0,1779794967.5789597,1779795087.5789597,data\session_20260526_122927_1c6819\raw\dual_task.csv,false,0,nan,nan,nan,nan,nan,0,0,0,nan,nan,nan,nan,nan
740,browser_mp835qq4j4kymt,session_20260526_122927_1c6819,1,1779795087.5789597,1779795207.5789597,data\session_20260526_122927_1c6819\raw\dual_task.csv,false,0,nan,nan,nan,nan,nan,0,0,0,nan,nan,nan,nan,nan
741,browser_mp835qq4j4kymt,session_20260526_122927_1c6819,2,1779795207.5789597,1779795327.5789597,data\session_20260526_122927_1c6819\raw\dual_task.csv,false,0,nan,nan,nan,nan,nan,0,0,0,nan,nan,nan,nan,nan
742,browser_mp835qq4j4kymt,session_20260526_122927_1c6819,3,1779795327.5789597,1779795447.5789597,data\session_20260526_122927_1c6819\raw\dual_task.csv,false,0,nan,nan,nan,nan,nan,0,0,0,nan,nan,nan,nan,nan
743,browser_mp835qq4j4kymt,session_20260526_122927_1c6819,4,1779795447.5789597,1779795567.5789597,data\session_20260526_122927_1c6819\raw\dual_task.csv,true,1,1180.92,1180.92,0.0,1180.92,1180.92,0,0,1,0.0,0.0,1.0,0.1954005120104251,0.19735085911534925
744,browser_mp835qq4j4kymt,session_20260526_122927_1c6819,5,1779795567.5789597,1779795687.5789597,data\session_20260526_122927_1c6819\raw\dual_task.csv,false,0,nan,nan,nan,nan,nan,0,0,0,nan,nan,nan,nan,nan
745,browser_mp835qq4j4kymt,session_20260526_122927_1c6819,6,1779795687.5789597,1779795807.5789597,data\session_20260526_122927_1c6819\raw\dual_task.csv,false,0,nan,nan,nan,nan,nan,0,0,0,nan,nan,nan,nan,nan
746,browser_mp835qq4j4kymt,session_20260526_122927_1c6819,7,1779795807.5789597,1779795927.5789597,data\session_20260526_122927_1c6819\raw\dual_task.csv,false,0,nan,nan,nan,nan,nan,0,0,0,nan,nan,nan,nan,nan
747,browser_mp835qq4j4kymt,session_20260526_122927_1c6819,8,1779795927.5789597,1779796047.5789597,data\session_20260526_122927_1c6819\raw\dual_task.csv,true,1,2768.29,2768.29,0.0,2768.29,2768.29,0,0,1,0.0,0.0,1.0,0.47647702255710117,0.46353978082024505
748,browser_mp835qq4j4kymt,session_20260526_122927_1c6819,9,1779796047.5789597,1779796167.5789597,data\session_20260526_122927_1c6819\raw\dual_task.csv,false,0,nan,nan,nan,nan,nan,0,0,0,nan,nan,nan,nan,nan
749,browser_mp835qq4j4kymt,session_20260526_122927_1c6819,10,1779796167.5789597,1779796287.5789597,data\session_20260526_122927_1c6819\raw\dual_task.csv,false,0,nan,nan,nan,nan,nan,0,0,0,nan,nan,nan,nan,nan
750,browser_mp835qq4j4kymt,session_20260526_122927_1c6819,11,1779796287.5789597,1779796407.5789597,data\session_20260526_122927_1c6819\raw\dual_task.csv,true,1,1510.7,1510.7,0.0,1510.7,1510.7,0,0,1,0.0,0.0,1.0,0.2558963785101078,0.2537391192826262
751,browser_mp835qq4j4kymt,session_20260526_122927_1c6819,12,1779796407.5789597,1779796527.5789597,data\session_20260526_122927_1c6819\raw\dual_task.csv,false,0,nan,nan,nan,nan,nan,0,0,0,nan,nan,nan,nan,nan
752,browser_mp835qq4j4kymt,session_20260526_122927_1c6819,13,1779796527.5789597,1779796647.5789597,data\session_20260526_122927_1c6819\raw\dual_task.csv,true,1,nan,nan,nan,nan,nan,1,0,0,1.0,0.0,0.0,0.25,0.25
753,browser_mp835qq4j4kymt,session_20260526_122927_1c6819,14,1779796647.5789597,1779796767.5789597,data\session_20260526_122927_1c6819\raw\dual_task.csv,false,0,nan,nan,nan,nan,nan,0,0,0,nan,nan,nan,nan,nan
754,browser_mp835qq4j4kymt,session_20260526_122927_1c6819,15,1779796767.5789597,1779796768.005955,data\session_20260526_122927_1c6819\raw\dual_task.csv,false,0,nan,nan,nan,nan,nan,0,0,0,nan,nan,nan,nan,nan
755,ghoss,session_20260526_191020_35ca55,0,1779819020.2170625,1779819140.2170625,data\session_20260526_191020_35ca55\raw\dual_task.csv,false,0,nan,nan,nan,nan,nan,0,0,0,nan,nan,nan,nan,nan
756,ghoss,session_20260526_191020_35ca55,1,1779819140.2170625,1779819260.2170625,data\session_20260526_191020_35ca55\raw\dual_task.csv,false,0,nan,nan,nan,nan,nan,0,0,0,nan,nan,nan,nan,nan
757,ghoss,session_20260526_191020_35ca55,2,1779819260.2170625,1779819380.2170625,data\session_20260526_191020_35ca55\raw\dual_task.csv,true,1,nan,nan,nan,nan,nan,1,0,0,1.0,0.0,0.0,0.25,0.25
758,ghoss,session_20260526_191020_35ca55,3,1779819380.2170625,1779819500.2170625,data\session_20260526_191020_35ca55\raw\dual_task.csv,false,0,nan,nan,nan,nan,nan,0,0,0,nan,nan,nan,nan,nan
759,ghoss,session_20260526_191020_35ca55,4,1779819500.2170625,1779819620.2170625,data\session_20260526_191020_35ca55\raw\dual_task.csv,false,0,nan,nan,nan,nan,nan,0,0,0,nan,nan,nan,nan,nan
760,ghoss,session_20260526_191020_35ca55,5,1779819620.2170625,1779819740.2170625,data\session_20260526_191020_35ca55\raw\dual_task.csv,true,1,2455.28,2455.28,0.0,2455.28,2455.28,0,0,1,0.0,0.0,1.0,0.43149225923114254,0.321091715946949
761,ghoss,session_20260526_191020_35ca55,6,1779819740.2170625,1779819860.2170625,data\session_20260526_191020_35ca55\raw\dual_task.csv,false,0,nan,nan,nan,nan,nan,0,0,0,nan,nan,nan,nan,nan
762,ghoss,session_20260526_191020_35ca55,7,1779819860.2170625,1779819980.2170625,data\session_20260526_191020_35ca55\raw\dual_task.csv,true,1,2399.05,2399.05,0.0,2399.05,2399.05,0,0,1,0.0,0.0,1.0,0.4224306220023714,0.31323694047673273
763,ghoss,session_20260526_191020_35ca55,8,1779819980.2170625,1779820100.2170625,data\session_20260526_191020_35ca55\raw\dual_task.csv,false,0,nan,nan,nan,nan,nan,0,0,0,nan,nan,nan,nan,nan
764,ghoss,session_20260526_191020_35ca55,9,1779820100.2170625,1779820220.2170625,data\session_20260526_191020_35ca55\raw\dual_task.csv,false,0,nan,nan,nan,nan,nan,0,0,0,nan,nan,nan,nan,nan
765,ghoss,session_20260526_191020_35ca55,10,1779820220.2170625,1779820340.2170625,data\session_20260526_191020_35ca55\raw\dual_task.csv,true,1,2210.04,2210.04,0.0,2210.04,2210.04,0,0,1,0.0,0.0,1.0,0.39002920350505105,0.28676305952326725
766,ghoss,session_20260526_191020_35ca55,11,1779820340.2170625,1779820460.2170625,data\session_20260526_191020_35ca55\raw\dual_task.csv,false,0,nan,nan,nan,nan,nan,0,0,0,nan,nan,nan,nan,nan
767,ghoss,session_20260526_191020_35ca55,12,1779820460.2170625,1779820580.2170625,data\session_20260526_191020_35ca55\raw\dual_task.csv,true,1,2039.89,2039.89,0.0,2039.89,2039.89,0,0,1,0.0,0.0,1.0,0.3587121863210232,0.2630946168242476
768,ghoss,session_20260526_191020_35ca55,13,1779820580.2170625,1779820700.2170625,data\session_20260526_191020_35ca55\raw\dual_task.csv,false,0,nan,nan,nan,nan,nan,0,0,0,nan,nan,nan,nan,nan
769,ghoss,session_20260526_191020_35ca55,14,1779820700.2170625,1779820820.21222,data\session_20260526_191020_35ca55\raw\dual_task.csv,false,0,nan,nan,nan,nan,nan,0,0,0,nan,nan,nan,nan,nan
770,ladabos,session_20260528_093705_7f659b,0,1779957425.370294,1779957545.370294,data\session_20260528_093705_7f659b\raw\dual_task.csv,false,0,nan,nan,nan,nan,nan,0,0,0,nan,nan,nan,nan,nan
771,ladabos,session_20260528_093705_7f659b,1,1779957545.370294,1779957665.370294,data\session_20260528_093705_7f659b\raw\dual_task.csv,false,0,nan,nan,nan,nan,nan,0,0,0,nan,nan,nan,nan,nan
772,ladabos,session_20260528_093705_7f659b,2,1779957665.370294,1779957785.370294,data\session_20260528_093705_7f659b\raw\dual_task.csv,false,0,nan,nan,nan,nan,nan,0,0,0,nan,nan,nan,nan,nan
773,ladabos,session_20260528_093705_7f659b,3,1779957785.370294,1779957905.370294,data\session_20260528_093705_7f659b\raw\dual_task.csv,false,0,nan,nan,nan,nan,nan,0,0,0,nan,nan,nan,nan,nan
774,ladabos,session_20260528_093705_7f659b,4,1779957905.370294,1779958025.370294,data\session_20260528_093705_7f659b\raw\dual_task.csv,false,0,nan,nan,nan,nan,nan,0,0,0,nan,nan,nan,nan,nan
775,ladabos,session_20260528_093705_7f659b,5,1779958025.370294,1779958145.370294,data\session_20260528_093705_7f659b\raw\dual_task.csv,false,0,nan,nan,nan,nan,nan,0,0,0,nan,nan,nan,nan,nan
776,ladabos,session_20260528_093705_7f659b,6,1779958145.370294,1779958265.370294,data\session_20260528_093705_7f659b\raw\dual_task.csv,false,0,nan,nan,nan,nan,nan,0,0,0,nan,nan,nan,nan,nan
777,ladabos,session_20260528_093705_7f659b,7,1779958265.370294,1779958385.370294,data\session_20260528_093705_7f659b\raw\dual_task.csv,false,0,nan,nan,nan,nan,nan,0,0,0,nan,nan,nan,nan,nan
778,ladabos,session_20260528_093705_7f659b,8,1779958385.370294,1779958505.370294,data\session_20260528_093705_7f659b\raw\dual_task.csv,false,0,nan,nan,nan,nan,nan,0,0,0,nan,nan,nan,nan,nan
779,ladabos,session_20260528_093705_7f659b,9,1779958505.370294,1779958625.370294,data\session_20260528_093705_7f659b\raw\dual_task.csv,false,0,nan,nan,nan,nan,nan,0,0,0,nan,nan,nan,nan,nan
780,ladabos,session_20260528_093705_7f659b,10,1779958625.370294,1779958745.370294,data\session_20260528_093705_7f659b\raw\dual_task.csv,false,0,nan,nan,nan,nan,nan,0,0,0,nan,nan,nan,nan,nan
781,ladabos,session_20260528_093705_7f659b,11,1779958745.370294,1779958865.370294,data\session_20260528_093705_7f659b\raw\dual_task.csv,false,0,nan,nan,nan,nan,nan,0,0,0,nan,nan,nan,nan,nan
782,ladabos,session_20260528_093705_7f659b,12,1779958865.370294,1779958985.370294,data\session_20260528_093705_7f659b\raw\dual_task.csv,false,0,nan,nan,nan,nan,nan,0,0,0,nan,nan,nan,nan,nan
783,ladabos,session_20260528_093705_7f659b,13,1779958985.370294,1779959105.370294,data\session_20260528_093705_7f659b\raw\dual_task.csv,false,0,nan,nan,nan,nan,nan,0,0,0,nan,nan,nan,nan,nan
784,ladabos,session_20260528_093705_7f659b,14,1779959105.370294,1779959225.370294,data\session_20260528_093705_7f659b\raw\dual_task.csv,false,0,nan,nan,nan,nan,nan,0,0,0,nan,nan,nan,nan,nan
785,ladabos,session_20260528_093705_7f659b,15,1779959225.370294,1779959225.725002,data\session_20260528_093705_7f659b\raw\dual_task.csv,false,0,nan,nan,nan,nan,nan,0,0,0,nan,nan,nan,nan,nan
786,device_efa45cfc,session_20260530_210949_814442,0,1780171790.1743157,1780171910.1743157,data\session_20260530_210949_814442\raw\dual_task.csv,false,0,nan,nan,nan,nan,nan,0,0,0,nan,nan,nan,nan,nan
787,device_efa45cfc,session_20260530_210949_814442,1,1780171910.1743157,1780172030.1743157,data\session_20260530_210949_814442\raw\dual_task.csv,false,0,nan,nan,nan,nan,nan,0,0,0,nan,nan,nan,nan,nan
788,device_efa45cfc,session_20260530_210949_814442,2,1780172030.1743157,1780172150.1743157,data\session_20260530_210949_814442\raw\dual_task.csv,false,0,nan,nan,nan,nan,nan,0,0,0,nan,nan,nan,nan,nan
789,device_efa45cfc,session_20260530_210949_814442,3,1780172150.1743157,1780172254.3585331,data\session_20260530_210949_814442\raw\dual_task.csv,false,0,nan,nan,nan,nan,nan,0,0,0,nan,nan,nan,nan,nan
790,dem,session_20260530_220312_702a3c,0,1780174992.4861653,1780175112.4861653,data\session_20260530_220312_702a3c\raw\dual_task.csv,false,0,nan,nan,nan,nan,nan,0,0,0,nan,nan,nan,nan,nan
791,dem,session_20260530_220312_702a3c,1,1780175112.4861653,1780175232.4861653,data\session_20260530_220312_702a3c\raw\dual_task.csv,false,0,nan,nan,nan,nan,nan,0,0,0,nan,nan,nan,nan,nan
792,dem,session_20260530_220312_702a3c,2,1780175232.4861653,1780175352.4861653,data\session_20260530_220312_702a3c\raw\dual_task.csv,false,0,nan,nan,nan,nan,nan,0,0,0,nan,nan,nan,nan,nan
793,dem,session_20260530_220312_702a3c,3,1780175352.4861653,1780175472.4861653,data\session_20260530_220312_702a3c\raw\dual_task.csv,false,0,nan,nan,nan,nan,nan,0,0,0,nan,nan,nan,nan,nan
794,dem,session_20260530_220312_702a3c,4,1780175472.4861653,1780175592.4861653,data\session_20260530_220312_702a3c\raw\dual_task.csv,true,1,nan,nan,nan,nan,nan,1,0,0,1.0,0.0,0.0,0.25,0.25
795,dem,session_20260530_220312_702a3c,5,1780175592.4861653,1780175712.4861653,data\session_20260530_220312_702a3c\raw\dual_task.csv,false,0,nan,nan,nan,nan,nan,0,0,0,nan,nan,nan,nan,nan
796,dem,session_20260530_220312_702a3c,6,1780175712.4861653,1780175832.4861653,data\session_20260530_220312_702a3c\raw\dual_task.csv,false,0,nan,nan,nan,nan,nan,0,0,0,nan,nan,nan,nan,nan
797,dem,session_20260530_220312_702a3c,7,1780175832.4861653,1780175952.4861653,data\session_20260530_220312_702a3c\raw\dual_task.csv,true,1,1222.54,1222.54,0.0,1222.54,1222.54,0,0,1,0.0,0.0,1.0,0.20264606498545293,0.22843199788700125
798,dem,session_20260530_220312_702a3c,8,1780175952.4861653,1780176072.4861653,data\session_20260530_220312_702a3c\raw\dual_task.csv,false,0,nan,nan,nan,nan,nan,0,0,0,nan,nan,nan,nan,nan
799,dem,session_20260530_220312_702a3c,9,1780176072.4861653,1780176192.4861653,data\session_20260530_220312_702a3c\raw\dual_task.csv,false,0,nan,nan,nan,nan,nan,0,0,0,nan,nan,nan,nan,nan
800,dem,session_20260530_220312_702a3c,10,1780176192.4861653,1780176312.4861653,data\session_20260530_220312_702a3c\raw\dual_task.csv,true,1,1594.74,1594.74,0.0,1594.74,1594.74,0,0,1,0.0,0.0,1.0,0.2721558583458653,0.30314528050826856
801,dem,session_20260530_220312_702a3c,11,1780176312.4861653,1780176432.4861653,data\session_20260530_220312_702a3c\raw\dual_task.csv,false,0,nan,nan,nan,nan,nan,0,0,0,nan,nan,nan,nan,nan
802,dem,session_20260530_220312_702a3c,12,1780176432.4861653,1780176552.4861653,data\session_20260530_220312_702a3c\raw\dual_task.csv,false,0,nan,nan,nan,nan,nan,0,0,0,nan,nan,nan,nan,nan
803,dem,session_20260530_220312_702a3c,13,1780176552.4861653,1780176672.4861653,data\session_20260530_220312_702a3c\raw\dual_task.csv,false,0,nan,nan,nan,nan,nan,0,0,0,nan,nan,nan,nan,nan
804,dem,session_20260530_220312_702a3c,14,1780176672.4861653,1780176792.4861653,data\session_20260530_220312_702a3c\raw\dual_task.csv,true,1,nan,nan,nan,nan,nan,1,0,0,1.0,0.0,0.0,0.25,0.25
805,dem,session_20260530_220312_702a3c,15,1780176792.4861653,1780176796.1270523,data\session_20260530_220312_702a3c\raw\dual_task.csv,false,0,nan,nan,nan,nan,nan,0,0,0,nan,nan,nan,nan,nan
