row_idx,session_id,user_id,device_id,window_id,window_start,window_end,graph_path,mouse_n_native_embeddings,keyboard_n_native_embeddings,notif_source,switching_graph_id,fallback_mouse,fallback_keyboard,fallback_notif,fallback_switching,fallback_reason_mouse,fallback_reason_keyboard,fallback_reason_notif,fallback_reason_switching
0,session_20260510_191823_9a2425,dem,browser_mp03ekmbeazr37,w000000,1778437103.4491117,1778437223.4491117,data\session_20260510_191823_9a2425\data_graph\data_graph_120s\graph_001.json,8,0,onnx,w000000,False,True,False,False,,few_keystrokes(1),,
1,session_20260510_191823_9a2425,dem,browser_mp03ekmbeazr37,w000001,1778437223.4491117,1778437343.4491117,data\session_20260510_191823_9a2425\data_graph\data_graph_120s\graph_002.json,0,0,onnx,w000001,True,True,False,False,few_events(0),few_keystrokes(0),,
2,session_20260510_191823_9a2425,dem,browser_mp03ekmbeazr37,w000002,1778437343.4491117,1778437463.4491117,data\session_20260510_191823_9a2425\data_graph\data_graph_120s\graph_003.json,5,0,onnx,w000002,False,True,False,False,,few_keystrokes(3),,
3,session_20260510_191823_9a2425,dem,browser_mp03ekmbeazr37,w000003,1778437463.4491117,1778437583.4491117,data\session_20260510_191823_9a2425\data_graph\data_graph_120s\graph_004.json,5,0,onnx,w000003,False,True,False,False,,few_keystrokes(0),,
4,session_20260510_191823_9a2425,dem,browser_mp03ekmbeazr37,w000004,1778437583.4491117,1778437703.4491117,data\session_20260510_191823_9a2425\data_graph\data_graph_120s\graph_005.json,9,3,onnx,w000004,False,False,False,False,,,,
5,session_20260510_191823_9a2425,dem,browser_mp03ekmbeazr37,w000005,1778437703.4491117,1778437823.4491117,data\session_20260510_191823_9a2425\data_graph\data_graph_120s\graph_006.json,4,3,onnx,w000005,False,False,False,False,,,,
6,session_20260510_191823_9a2425,dem,browser_mp03ekmbeazr37,w000006,1778437823.4491117,1778437943.4491117,data\session_20260510_191823_9a2425\data_graph\data_graph_120s\graph_007.json,1,0,onnx,w000006,False,True,False,False,,few_keystrokes(0),,
7,session_20260510_191823_9a2425,dem,browser_mp03ekmbeazr37,w000007,1778437943.4491117,1778438063.4491117,data\session_20260510_191823_9a2425\data_graph\data_graph_120s\graph_008.json,2,0,onnx,w000007,False,True,False,False,,few_keystrokes(2),,
8,session_20260510_191823_9a2425,dem,browser_mp03ekmbeazr37,w000008,1778438063.4491117,1778438183.4491117,data\session_20260510_191823_9a2425\data_graph\data_graph_120s\graph_009.json,2,0,onnx,w000008,False,True,False,False,,few_keystrokes(0),,
9,session_20260510_191823_9a2425,dem,browser_mp03ekmbeazr37,w000009,1778438183.4491117,1778438303.4491117,data\session_20260510_191823_9a2425\data_graph\data_graph_120s\graph_010.json,1,0,onnx,w000009,False,True,False,False,,few_keystrokes(0),,
10,session_20260510_191823_9a2425,dem,browser_mp03ekmbeazr37,w000010,1778438303.4491117,1778438423.4491117,data\session_20260510_191823_9a2425\data_graph\data_graph_120s\graph_011.json,0,0,onnx,w000010,True,True,False,False,few_events(0),few_keystrokes(0),,
11,session_20260510_191823_9a2425,dem,browser_mp03ekmbeazr37,w000011,1778438423.4491117,1778438543.4491117,data\session_20260510_191823_9a2425\data_graph\data_graph_120s\graph_012.json,10,16,onnx,w000011,False,False,False,False,,,,
12,session_20260510_191823_9a2425,dem,browser_mp03ekmbeazr37,w000012,1778438543.4491117,1778438663.4491117,data\session_20260510_191823_9a2425\data_graph\data_graph_120s\graph_013.json,15,1,onnx,w000012,False,False,False,False,,,,
13,session_20260510_191823_9a2425,dem,browser_mp03ekmbeazr37,w000013,1778438663.4491117,1778438783.4491117,data\session_20260510_191823_9a2425\data_graph\data_graph_120s\graph_014.json,10,9,onnx,w000013,False,False,False,False,,,,
14,session_20260510_191823_9a2425,dem,browser_mp03ekmbeazr37,w000014,1778438783.4491117,1778438903.4491117,data\session_20260510_191823_9a2425\data_graph\data_graph_120s\graph_015.json,20,0,onnx,w000014,False,True,False,False,,few_keystrokes(0),,
15,session_20260510_191823_9a2425,dem,browser_mp03ekmbeazr37,w000015,1778438903.4491117,1778438903.7022994,data\session_20260510_191823_9a2425\data_graph\data_graph_120s\graph_016.json,0,0,onnx,w000015,True,True,False,False,few_events(11),few_keystrokes(0),,
16,session_20260510_195504_b593cc,dem,browser_mp03ekmbeazr37,w000000,1778439304.867744,1778439369.3163583,data\session_20260510_195504_b593cc\data_graph\data_graph_120s\graph_001.json,11,0,onnx,w000000,False,True,False,False,,no_keyboard_csv,,
17,session_20260511_095459_8a72ee,dem,browser_mp03ekmbeazr37,w000000,1778489699.079842,1778489819.079842,data\session_20260511_095459_8a72ee\data_graph\data_graph_120s\graph_001.json,15,0,onnx,w000000,False,True,False,False,,few_keystrokes(0),,
18,session_20260511_095459_8a72ee,dem,browser_mp03ekmbeazr37,w000001,1778489819.079842,1778489939.079842,data\session_20260511_095459_8a72ee\data_graph\data_graph_120s\graph_002.json,1,0,onnx,w000001,False,True,False,False,,few_keystrokes(0),,
19,session_20260511_095459_8a72ee,dem,browser_mp03ekmbeazr37,w000002,1778489939.079842,1778490059.079842,data\session_20260511_095459_8a72ee\data_graph\data_graph_120s\graph_003.json,3,0,onnx,w000002,False,True,False,False,,few_keystrokes(0),,
20,session_20260511_095459_8a72ee,dem,browser_mp03ekmbeazr37,w000003,1778490059.079842,1778490179.079842,data\session_20260511_095459_8a72ee\data_graph\data_graph_120s\graph_004.json,1,0,onnx,w000003,False,True,False,False,,few_keystrokes(0),,
21,session_20260511_095459_8a72ee,dem,browser_mp03ekmbeazr37,w000004,1778490179.079842,1778490299.079842,data\session_20260511_095459_8a72ee\data_graph\data_graph_120s\graph_005.json,0,0,onnx,w000004,True,True,False,False,few_events(0),few_keystrokes(0),,
22,session_20260511_095459_8a72ee,dem,browser_mp03ekmbeazr37,w000005,1778490299.079842,1778490419.079842,data\session_20260511_095459_8a72ee\data_graph\data_graph_120s\graph_006.json,1,0,onnx,w000005,False,True,False,False,,few_keystrokes(0),,
23,session_20260511_095459_8a72ee,dem,browser_mp03ekmbeazr37,w000006,1778490419.079842,1778490539.079842,data\session_20260511_095459_8a72ee\data_graph\data_graph_120s\graph_007.json,2,0,onnx,w000006,False,True,False,False,,few_keystrokes(0),,
24,session_20260511_095459_8a72ee,dem,browser_mp03ekmbeazr37,w000007,1778490539.079842,1778490659.079842,data\session_20260511_095459_8a72ee\data_graph\data_graph_120s\graph_008.json,2,0,onnx,w000007,False,True,False,False,,few_keystrokes(0),,
25,session_20260511_095459_8a72ee,dem,browser_mp03ekmbeazr37,w000008,1778490659.079842,1778490779.079842,data\session_20260511_095459_8a72ee\data_graph\data_graph_120s\graph_009.json,7,0,onnx,w000008,False,True,False,False,,few_keystrokes(1),,
26,session_20260511_095459_8a72ee,dem,browser_mp03ekmbeazr37,w000009,1778490779.079842,1778490899.079842,data\session_20260511_095459_8a72ee\data_graph\data_graph_120s\graph_010.json,7,0,onnx,w000009,False,True,False,False,,few_keystrokes(2),,
27,session_20260511_095459_8a72ee,dem,browser_mp03ekmbeazr37,w000010,1778490899.079842,1778491019.079842,data\session_20260511_095459_8a72ee\data_graph\data_graph_120s\graph_011.json,13,0,onnx,w000010,False,True,False,False,,few_keystrokes(0),,
28,session_20260511_095459_8a72ee,dem,browser_mp03ekmbeazr37,w000011,1778491019.079842,1778491139.079842,data\session_20260511_095459_8a72ee\data_graph\data_graph_120s\graph_012.json,10,0,onnx,w000011,False,True,False,False,,few_keystrokes(0),,
29,session_20260511_095459_8a72ee,dem,browser_mp03ekmbeazr37,w000012,1778491139.079842,1778491259.079842,data\session_20260511_095459_8a72ee\data_graph\data_graph_120s\graph_013.json,15,0,onnx,w000012,False,True,False,False,,few_keystrokes(0),,
30,session_20260511_095459_8a72ee,dem,browser_mp03ekmbeazr37,w000013,1778491259.079842,1778491379.079842,data\session_20260511_095459_8a72ee\data_graph\data_graph_120s\graph_014.json,9,0,onnx,w000013,False,True,False,False,,few_keystrokes(0),,
31,session_20260511_095459_8a72ee,dem,browser_mp03ekmbeazr37,w000014,1778491379.079842,1778491499.079842,data\session_20260511_095459_8a72ee\data_graph\data_graph_120s\graph_015.json,5,0,onnx,w000014,False,True,False,False,,few_keystrokes(0),,
32,session_20260511_095459_8a72ee,dem,browser_mp03ekmbeazr37,w000015,1778491499.079842,1778491499.1637125,data\session_20260511_095459_8a72ee\data_graph\data_graph_120s\graph_016.json,0,0,onnx,w000015,True,True,False,False,few_events(0),few_keystrokes(0),,
33,session_20260511_103551_c8d630,dem,browser_mp03ekmbeazr37,w000000,1778492151.1553762,1778492271.1553762,data\session_20260511_103551_c8d630\data_graph\data_graph_120s\graph_001.json,15,0,onnx,w000000,False,True,False,False,,few_keystrokes(0),,
34,session_20260511_103551_c8d630,dem,browser_mp03ekmbeazr37,w000001,1778492271.1553762,1778492391.1553762,data\session_20260511_103551_c8d630\data_graph\data_graph_120s\graph_002.json,4,5,onnx,w000001,False,False,False,False,,,,
35,session_20260511_103551_c8d630,dem,browser_mp03ekmbeazr37,w000002,1778492391.1553762,1778492511.1553762,data\session_20260511_103551_c8d630\data_graph\data_graph_120s\graph_003.json,2,0,onnx,w000002,False,True,False,False,,few_keystrokes(0),,
36,session_20260511_103551_c8d630,dem,browser_mp03ekmbeazr37,w000003,1778492511.1553762,1778492631.1553762,data\session_20260511_103551_c8d630\data_graph\data_graph_120s\graph_004.json,6,0,onnx,w000003,False,True,False,False,,few_keystrokes(0),,
37,session_20260511_103551_c8d630,dem,browser_mp03ekmbeazr37,w000004,1778492631.1553762,1778492751.1553762,data\session_20260511_103551_c8d630\data_graph\data_graph_120s\graph_005.json,3,0,onnx,w000004,False,True,False,False,,few_keystrokes(0),,
38,session_20260511_103551_c8d630,dem,browser_mp03ekmbeazr37,w000005,1778492751.1553762,1778492871.1553762,data\session_20260511_103551_c8d630\data_graph\data_graph_120s\graph_006.json,2,0,onnx,w000005,False,True,False,False,,few_keystrokes(0),,
39,session_20260511_103551_c8d630,dem,browser_mp03ekmbeazr37,w000006,1778492871.1553762,1778492991.1553762,data\session_20260511_103551_c8d630\data_graph\data_graph_120s\graph_007.json,3,0,onnx,w000006,False,True,False,False,,few_keystrokes(0),,
40,session_20260511_103551_c8d630,dem,browser_mp03ekmbeazr37,w000007,1778492991.1553762,1778493111.1553762,data\session_20260511_103551_c8d630\data_graph\data_graph_120s\graph_008.json,2,6,onnx,w000007,False,False,False,False,,,,
41,session_20260511_103551_c8d630,dem,browser_mp03ekmbeazr37,w000008,1778493111.1553762,1778493231.1553762,data\session_20260511_103551_c8d630\data_graph\data_graph_120s\graph_009.json,11,0,onnx,w000008,False,True,False,False,,few_keystrokes(3),,
42,session_20260511_103551_c8d630,dem,browser_mp03ekmbeazr37,w000009,1778493231.1553762,1778493351.1553762,data\session_20260511_103551_c8d630\data_graph\data_graph_120s\graph_010.json,8,0,onnx,w000009,False,True,False,False,,few_keystrokes(0),,
43,session_20260511_103551_c8d630,dem,browser_mp03ekmbeazr37,w000010,1778493351.1553762,1778493471.1553762,data\session_20260511_103551_c8d630\data_graph\data_graph_120s\graph_011.json,9,0,onnx,w000010,False,True,False,False,,few_keystrokes(0),,
44,session_20260511_103551_c8d630,dem,browser_mp03ekmbeazr37,w000011,1778493471.1553762,1778493591.1553762,data\session_20260511_103551_c8d630\data_graph\data_graph_120s\graph_012.json,9,6,onnx,w000011,False,False,False,False,,,,
45,session_20260511_103551_c8d630,dem,browser_mp03ekmbeazr37,w000012,1778493591.1553762,1778493711.1553762,data\session_20260511_103551_c8d630\data_graph\data_graph_120s\graph_013.json,5,2,onnx,w000012,False,False,False,False,,,,
46,session_20260511_103551_c8d630,dem,browser_mp03ekmbeazr37,w000013,1778493711.1553762,1778493831.1553762,data\session_20260511_103551_c8d630\data_graph\data_graph_120s\graph_014.json,2,0,onnx,w000013,False,True,False,False,,few_keystrokes(0),,
47,session_20260511_103551_c8d630,dem,browser_mp03ekmbeazr37,w000014,1778493831.1553762,1778493951.1553762,data\session_20260511_103551_c8d630\data_graph\data_graph_120s\graph_015.json,8,5,onnx,w000014,False,False,False,False,,,,
48,session_20260511_103551_c8d630,dem,browser_mp03ekmbeazr37,w000015,1778493951.1553762,1778493951.5737233,data\session_20260511_103551_c8d630\data_graph\data_graph_120s\graph_016.json,0,0,onnx,w000015,True,True,False,False,few_events(15),few_keystrokes(0),,
49,session_20260511_184052_938a4e,mohanned,browser_molyfx8zeb2zr1,w000000,1778521253.175854,1778521373.175854,data\session_20260511_184052_938a4e\data_graph\data_graph_120s\graph_001.json,24,1,onnx,w000000,False,False,False,False,,,,
50,session_20260511_184052_938a4e,mohanned,browser_molyfx8zeb2zr1,w000001,1778521373.175854,1778521493.175854,data\session_20260511_184052_938a4e\data_graph\data_graph_120s\graph_002.json,21,3,onnx,w000001,False,False,False,False,,,,
51,session_20260511_184052_938a4e,mohanned,browser_molyfx8zeb2zr1,w000002,1778521493.175854,1778521613.175854,data\session_20260511_184052_938a4e\data_graph\data_graph_120s\graph_003.json,16,4,onnx,w000002,False,False,False,False,,,,
52,session_20260511_184052_938a4e,mohanned,browser_molyfx8zeb2zr1,w000003,1778521613.175854,1778521733.175854,data\session_20260511_184052_938a4e\data_graph\data_graph_120s\graph_004.json,6,13,onnx,w000003,False,False,False,False,,,,
53,session_20260511_184052_938a4e,mohanned,browser_molyfx8zeb2zr1,w000004,1778521733.175854,1778521853.175854,data\session_20260511_184052_938a4e\data_graph\data_graph_120s\graph_005.json,1,0,onnx,w000004,False,True,False,False,,few_keystrokes(0),,
54,session_20260511_184052_938a4e,mohanned,browser_molyfx8zeb2zr1,w000005,1778521853.175854,1778521973.175854,data\session_20260511_184052_938a4e\data_graph\data_graph_120s\graph_006.json,8,0,onnx,w000005,False,True,False,False,,few_keystrokes(0),,
55,session_20260511_184052_938a4e,mohanned,browser_molyfx8zeb2zr1,w000006,1778521973.175854,1778522093.175854,data\session_20260511_184052_938a4e\data_graph\data_graph_120s\graph_007.json,11,3,onnx,w000006,False,False,False,False,,,,
56,session_20260511_184052_938a4e,mohanned,browser_molyfx8zeb2zr1,w000007,1778522093.175854,1778522213.175854,data\session_20260511_184052_938a4e\data_graph\data_graph_120s\graph_008.json,6,8,onnx,w000007,False,False,False,False,,,,
57,session_20260511_184052_938a4e,mohanned,browser_molyfx8zeb2zr1,w000008,1778522213.175854,1778522333.175854,data\session_20260511_184052_938a4e\data_graph\data_graph_120s\graph_009.json,7,0,onnx,w000008,False,True,False,False,,few_keystrokes(2),,
58,session_20260511_184052_938a4e,mohanned,browser_molyfx8zeb2zr1,w000009,1778522333.175854,1778522453.175854,data\session_20260511_184052_938a4e\data_graph\data_graph_120s\graph_010.json,4,0,onnx,w000009,False,True,False,False,,few_keystrokes(0),,
59,session_20260511_184052_938a4e,mohanned,browser_molyfx8zeb2zr1,w000010,1778522453.175854,1778522573.175854,data\session_20260511_184052_938a4e\data_graph\data_graph_120s\graph_011.json,4,21,onnx,w000010,False,False,False,False,,,,
60,session_20260511_184052_938a4e,mohanned,browser_molyfx8zeb2zr1,w000011,1778522573.175854,1778522693.175854,data\session_20260511_184052_938a4e\data_graph\data_graph_120s\graph_012.json,12,5,onnx,w000011,False,False,False,False,,,,
61,session_20260511_184052_938a4e,mohanned,browser_molyfx8zeb2zr1,w000012,1778522693.175854,1778522813.175854,data\session_20260511_184052_938a4e\data_graph\data_graph_120s\graph_013.json,7,16,onnx,w000012,False,False,False,False,,,,
62,session_20260511_184052_938a4e,mohanned,browser_molyfx8zeb2zr1,w000013,1778522813.175854,1778522933.175854,data\session_20260511_184052_938a4e\data_graph\data_graph_120s\graph_014.json,16,1,onnx,w000013,False,False,False,False,,,,
63,session_20260511_184052_938a4e,mohanned,browser_molyfx8zeb2zr1,w000014,1778522933.175854,1778523053.175854,data\session_20260511_184052_938a4e\data_graph\data_graph_120s\graph_015.json,17,0,onnx,w000014,False,True,False,False,,few_keystrokes(0),,
64,session_20260511_184052_938a4e,mohanned,browser_molyfx8zeb2zr1,w000015,1778523053.175854,1778523053.255954,data\session_20260511_184052_938a4e\data_graph\data_graph_120s\graph_016.json,0,0,onnx,w000015,True,True,False,False,few_events(2),few_keystrokes(0),,
65,session_20260513_110323_584cf7,layss,device_9474033c,w000000,1778666603.461233,1778666723.461233,data\session_20260513_110323_584cf7\data_graph\data_graph_120s\graph_001.json,7,7,onnx,w000000,False,False,False,False,,,,
66,session_20260513_110323_584cf7,layss,device_9474033c,w000001,1778666723.461233,1778666843.461233,data\session_20260513_110323_584cf7\data_graph\data_graph_120s\graph_002.json,4,1,onnx,w000001,False,False,False,False,,,,
67,session_20260513_110323_584cf7,layss,device_9474033c,w000002,1778666843.461233,1778666963.461233,data\session_20260513_110323_584cf7\data_graph\data_graph_120s\graph_003.json,9,5,onnx,w000002,False,False,False,False,,,,
68,session_20260513_110323_584cf7,layss,device_9474033c,w000003,1778666963.461233,1778667083.461233,data\session_20260513_110323_584cf7\data_graph\data_graph_120s\graph_004.json,3,7,onnx,w000003,False,False,False,False,,,,
69,session_20260513_110323_584cf7,layss,device_9474033c,w000004,1778667083.461233,1778667203.461233,data\session_20260513_110323_584cf7\data_graph\data_graph_120s\graph_005.json,8,0,onnx,w000004,False,True,False,False,,few_keystrokes(0),,
70,session_20260513_110323_584cf7,layss,device_9474033c,w000005,1778667203.461233,1778667323.461233,data\session_20260513_110323_584cf7\data_graph\data_graph_120s\graph_006.json,11,1,onnx,w000005,False,False,False,False,,,,
71,session_20260513_110323_584cf7,layss,device_9474033c,w000006,1778667323.461233,1778667323.9635897,data\session_20260513_110323_584cf7\data_graph\data_graph_120s\graph_007.json,0,0,onnx,w000006,True,True,False,False,few_events(0),few_keystrokes(1),,
72,session_20260515_222916_e5858b,Graja,device_6efd56b1,w000000,1778880556.5292346,1778880676.5292346,data\session_20260515_222916_e5858b\data_graph\data_graph_120s\graph_001.json,20,1,onnx,w000000,False,False,False,False,,,,
73,session_20260515_222916_e5858b,Graja,device_6efd56b1,w000001,1778880676.5292346,1778880796.5292346,data\session_20260515_222916_e5858b\data_graph\data_graph_120s\graph_002.json,17,0,onnx,w000001,False,True,False,False,,few_keystrokes(0),,
74,session_20260515_222916_e5858b,Graja,device_6efd56b1,w000002,1778880796.5292346,1778880916.5292346,data\session_20260515_222916_e5858b\data_graph\data_graph_120s\graph_003.json,18,0,onnx,w000002,False,True,False,False,,few_keystrokes(0),,
75,session_20260515_222916_e5858b,Graja,device_6efd56b1,w000003,1778880916.5292346,1778881036.5292346,data\session_20260515_222916_e5858b\data_graph\data_graph_120s\graph_004.json,18,0,onnx,w000003,False,True,False,False,,few_keystrokes(0),,
76,session_20260515_222916_e5858b,Graja,device_6efd56b1,w000004,1778881036.5292346,1778881156.5292346,data\session_20260515_222916_e5858b\data_graph\data_graph_120s\graph_005.json,17,0,onnx,w000004,False,True,False,False,,few_keystrokes(0),,
77,session_20260515_222916_e5858b,Graja,device_6efd56b1,w000005,1778881156.5292346,1778881276.5292346,data\session_20260515_222916_e5858b\data_graph\data_graph_120s\graph_006.json,14,0,onnx,w000005,False,True,False,False,,few_keystrokes(0),,
78,session_20260515_222916_e5858b,Graja,device_6efd56b1,w000006,1778881276.5292346,1778881396.5292346,data\session_20260515_222916_e5858b\data_graph\data_graph_120s\graph_007.json,8,0,onnx,w000006,False,True,False,False,,few_keystrokes(3),,
79,session_20260515_222916_e5858b,Graja,device_6efd56b1,w000007,1778881396.5292346,1778881516.5292346,data\session_20260515_222916_e5858b\data_graph\data_graph_120s\graph_008.json,18,0,onnx,w000007,False,True,False,False,,few_keystrokes(0),,
80,session_20260515_222916_e5858b,Graja,device_6efd56b1,w000008,1778881516.5292346,1778881636.5292346,data\session_20260515_222916_e5858b\data_graph\data_graph_120s\graph_009.json,30,0,onnx,w000008,False,True,False,False,,few_keystrokes(0),,
81,session_20260515_222916_e5858b,Graja,device_6efd56b1,w000009,1778881636.5292346,1778881756.5292346,data\session_20260515_222916_e5858b\data_graph\data_graph_120s\graph_010.json,27,0,onnx,w000009,False,True,False,False,,few_keystrokes(1),,
82,session_20260515_222916_e5858b,Graja,device_6efd56b1,w000010,1778881756.5292346,1778881771.3635397,data\session_20260515_222916_e5858b\data_graph\data_graph_120s\graph_011.json,4,0,onnx,w000010,False,True,False,False,,few_keystrokes(0),,
83,session_20260516_105315_535a79,hffz,device_6dd3e3f6,w000000,1778925195.5406842,1778925315.5406842,data\session_20260516_105315_535a79\data_graph\data_graph_120s\graph_001.json,3,2,onnx,w000000,False,False,False,False,,,,
84,session_20260516_105315_535a79,hffz,device_6dd3e3f6,w000001,1778925315.5406842,1778925435.5406842,data\session_20260516_105315_535a79\data_graph\data_graph_120s\graph_002.json,0,2,onnx,w000001,True,False,False,False,few_events(0),,,
85,session_20260516_105315_535a79,hffz,device_6dd3e3f6,w000002,1778925435.5406842,1778925555.5406842,data\session_20260516_105315_535a79\data_graph\data_graph_120s\graph_003.json,3,0,onnx,w000002,False,True,False,False,,few_keystrokes(1),,
86,session_20260516_105315_535a79,hffz,device_6dd3e3f6,w000003,1778925555.5406842,1778925675.5406842,data\session_20260516_105315_535a79\data_graph\data_graph_120s\graph_004.json,6,0,onnx,w000003,False,True,False,False,,few_keystrokes(2),,
87,session_20260516_105315_535a79,hffz,device_6dd3e3f6,w000004,1778925675.5406842,1778925795.5406842,data\session_20260516_105315_535a79\data_graph\data_graph_120s\graph_005.json,0,0,onnx,w000004,True,True,False,False,few_events(0),few_keystrokes(0),,
88,session_20260516_105315_535a79,hffz,device_6dd3e3f6,w000005,1778925795.5406842,1778925915.5406842,data\session_20260516_105315_535a79\data_graph\data_graph_120s\graph_006.json,0,0,onnx,w000005,True,True,False,False,few_events(0),few_keystrokes(0),,
89,session_20260516_105315_535a79,hffz,device_6dd3e3f6,w000006,1778925915.5406842,1778926035.5406842,data\session_20260516_105315_535a79\data_graph\data_graph_120s\graph_007.json,3,1,onnx,w000006,False,False,False,False,,,,
90,session_20260516_105315_535a79,hffz,device_6dd3e3f6,w000007,1778926035.5406842,1778926095.6246333,data\session_20260516_105315_535a79\data_graph\data_graph_120s\graph_008.json,2,1,onnx,w000007,False,False,False,False,,,,
91,session_20260516_105702_81c740,browser_mp835qq4j4kymt,browser_mp835qq4j4kymt,w000000,1778925422.932073,1778925542.932073,data\session_20260516_105702_81c740\data_graph\data_graph_120s\graph_001.json,6,0,onnx,w000000,False,True,False,False,,no_keyboard_csv,,
92,session_20260516_105702_81c740,browser_mp835qq4j4kymt,browser_mp835qq4j4kymt,w000001,1778925542.932073,1778925662.932073,data\session_20260516_105702_81c740\data_graph\data_graph_120s\graph_002.json,3,0,onnx,w000001,False,True,False,False,,no_keyboard_csv,,
93,session_20260516_105702_81c740,browser_mp835qq4j4kymt,browser_mp835qq4j4kymt,w000002,1778925662.932073,1778925782.932073,data\session_20260516_105702_81c740\data_graph\data_graph_120s\graph_003.json,0,0,onnx,w000002,True,True,False,False,few_events(14),no_keyboard_csv,,
94,session_20260516_105702_81c740,browser_mp835qq4j4kymt,browser_mp835qq4j4kymt,w000003,1778925782.932073,1778925902.932073,data\session_20260516_105702_81c740\data_graph\data_graph_120s\graph_004.json,0,0,onnx,w000003,True,True,False,False,few_events(0),no_keyboard_csv,,
95,session_20260516_105702_81c740,browser_mp835qq4j4kymt,browser_mp835qq4j4kymt,w000004,1778925902.932073,1778926022.932073,data\session_20260516_105702_81c740\data_graph\data_graph_120s\graph_005.json,2,0,onnx,w000004,False,True,False,False,,no_keyboard_csv,,
96,session_20260516_105702_81c740,browser_mp835qq4j4kymt,browser_mp835qq4j4kymt,w000005,1778926022.932073,1778926142.932073,data\session_20260516_105702_81c740\data_graph\data_graph_120s\graph_006.json,8,0,onnx,w000005,False,True,False,False,,no_keyboard_csv,,
97,session_20260516_105702_81c740,browser_mp835qq4j4kymt,browser_mp835qq4j4kymt,w000006,1778926142.932073,1778926262.932073,data\session_20260516_105702_81c740\data_graph\data_graph_120s\graph_007.json,7,0,onnx,w000006,False,True,False,False,,no_keyboard_csv,,
98,session_20260516_105702_81c740,browser_mp835qq4j4kymt,browser_mp835qq4j4kymt,w000007,1778926262.932073,1778926323.0477557,data\session_20260516_105702_81c740\data_graph\data_graph_120s\graph_008.json,1,0,onnx,w000007,False,True,False,False,,no_keyboard_csv,,
99,session_20260516_110318_a84820,amrdroid,browser_mp86g429xypxnh,w000000,1778925798.2387426,1778925918.2387426,data\session_20260516_110318_a84820\data_graph\data_graph_120s\graph_001.json,5,0,onnx,w000000,False,True,False,False,,few_keystrokes(0),,
100,session_20260516_110318_a84820,amrdroid,browser_mp86g429xypxnh,w000001,1778925918.2387426,1778926038.2387426,data\session_20260516_110318_a84820\data_graph\data_graph_120s\graph_002.json,2,0,onnx,w000001,False,True,False,False,,few_keystrokes(0),,
101,session_20260516_110318_a84820,amrdroid,browser_mp86g429xypxnh,w000002,1778926038.2387426,1778926158.2387426,data\session_20260516_110318_a84820\data_graph\data_graph_120s\graph_003.json,1,0,onnx,w000002,False,True,False,False,,few_keystrokes(0),,
102,session_20260516_110318_a84820,amrdroid,browser_mp86g429xypxnh,w000003,1778926158.2387426,1778926278.2387426,data\session_20260516_110318_a84820\data_graph\data_graph_120s\graph_004.json,1,0,onnx,w000003,False,True,False,False,,few_keystrokes(0),,
103,session_20260516_110318_a84820,amrdroid,browser_mp86g429xypxnh,w000004,1778926278.2387426,1778926398.2387426,data\session_20260516_110318_a84820\data_graph\data_graph_120s\graph_005.json,2,0,onnx,w000004,False,True,False,False,,few_keystrokes(0),,
104,session_20260516_110318_a84820,amrdroid,browser_mp86g429xypxnh,w000005,1778926398.2387426,1778926518.2387426,data\session_20260516_110318_a84820\data_graph\data_graph_120s\graph_006.json,1,0,onnx,w000005,False,True,False,False,,few_keystrokes(0),,
105,session_20260516_110318_a84820,amrdroid,browser_mp86g429xypxnh,w000006,1778926518.2387426,1778926638.2387426,data\session_20260516_110318_a84820\data_graph\data_graph_120s\graph_007.json,1,0,onnx,w000006,False,True,False,False,,few_keystrokes(0),,
106,session_20260516_110318_a84820,amrdroid,browser_mp86g429xypxnh,w000007,1778926638.2387426,1778926758.2387426,data\session_20260516_110318_a84820\data_graph\data_graph_120s\graph_008.json,1,0,onnx,w000007,False,True,False,False,,few_keystrokes(0),,
107,session_20260516_110318_a84820,amrdroid,browser_mp86g429xypxnh,w000008,1778926758.2387426,1778926878.2387426,data\session_20260516_110318_a84820\data_graph\data_graph_120s\graph_009.json,0,0,onnx,w000008,True,True,False,False,few_events(0),few_keystrokes(0),,
108,session_20260516_110318_a84820,amrdroid,browser_mp86g429xypxnh,w000009,1778926878.2387426,1778926998.2387426,data\session_20260516_110318_a84820\data_graph\data_graph_120s\graph_010.json,0,0,onnx,w000009,True,True,False,False,few_events(0),few_keystrokes(0),,
109,session_20260516_110318_a84820,amrdroid,browser_mp86g429xypxnh,w000010,1778926998.2387426,1778927118.2387426,data\session_20260516_110318_a84820\data_graph\data_graph_120s\graph_011.json,0,0,onnx,w000010,True,True,False,False,few_events(0),few_keystrokes(0),,
110,session_20260516_110318_a84820,amrdroid,browser_mp86g429xypxnh,w000011,1778927118.2387426,1778927238.2387426,data\session_20260516_110318_a84820\data_graph\data_graph_120s\graph_012.json,0,0,onnx,w000011,True,True,False,False,few_events(0),few_keystrokes(0),,
111,session_20260516_110318_a84820,amrdroid,browser_mp86g429xypxnh,w000012,1778927238.2387426,1778927358.2387426,data\session_20260516_110318_a84820\data_graph\data_graph_120s\graph_013.json,8,1,onnx,w000012,False,False,False,False,,,,
112,session_20260516_110318_a84820,amrdroid,browser_mp86g429xypxnh,w000013,1778927358.2387426,1778927478.2387426,data\session_20260516_110318_a84820\data_graph\data_graph_120s\graph_014.json,12,0,onnx,w000013,False,True,False,False,,few_keystrokes(2),,
113,session_20260516_110318_a84820,amrdroid,browser_mp86g429xypxnh,w000014,1778927478.2387426,1778927598.2387426,data\session_20260516_110318_a84820\data_graph\data_graph_120s\graph_015.json,13,3,onnx,w000014,False,False,False,False,,,,
114,session_20260516_110318_a84820,amrdroid,browser_mp86g429xypxnh,w000015,1778927598.2387426,1778927598.535488,data\session_20260516_110318_a84820\data_graph\data_graph_120s\graph_016.json,0,0,onnx,w000015,True,True,False,False,few_events(0),few_keystrokes(0),,
115,session_20260516_164308_06d3f7,browser_mp835qq4j4kymt,browser_mp835qq4j4kymt,w000000,1778946188.3584187,1778946308.3584187,data\session_20260516_164308_06d3f7\data_graph\data_graph_120s\graph_001.json,7,0,onnx,w000000,False,True,False,False,,no_keyboard_csv,,
116,session_20260516_164308_06d3f7,browser_mp835qq4j4kymt,browser_mp835qq4j4kymt,w000001,1778946308.3584187,1778946428.3584187,data\session_20260516_164308_06d3f7\data_graph\data_graph_120s\graph_002.json,10,0,onnx,w000001,False,True,False,False,,no_keyboard_csv,,
117,session_20260516_164308_06d3f7,browser_mp835qq4j4kymt,browser_mp835qq4j4kymt,w000002,1778946428.3584187,1778946548.3584187,data\session_20260516_164308_06d3f7\data_graph\data_graph_120s\graph_003.json,6,0,onnx,w000002,False,True,False,False,,no_keyboard_csv,,
118,session_20260516_164308_06d3f7,browser_mp835qq4j4kymt,browser_mp835qq4j4kymt,w000003,1778946548.3584187,1778946668.3584187,data\session_20260516_164308_06d3f7\data_graph\data_graph_120s\graph_004.json,1,0,onnx,w000003,False,True,False,False,,no_keyboard_csv,,
119,session_20260516_164308_06d3f7,browser_mp835qq4j4kymt,browser_mp835qq4j4kymt,w000004,1778946668.3584187,1778946788.3584187,data\session_20260516_164308_06d3f7\data_graph\data_graph_120s\graph_005.json,4,0,onnx,w000004,False,True,False,False,,no_keyboard_csv,,
120,session_20260516_164308_06d3f7,browser_mp835qq4j4kymt,browser_mp835qq4j4kymt,w000005,1778946788.3584187,1778946908.3584187,data\session_20260516_164308_06d3f7\data_graph\data_graph_120s\graph_006.json,13,0,onnx,w000005,False,True,False,False,,no_keyboard_csv,,
121,session_20260516_164308_06d3f7,browser_mp835qq4j4kymt,browser_mp835qq4j4kymt,w000006,1778946908.3584187,1778947028.3584187,data\session_20260516_164308_06d3f7\data_graph\data_graph_120s\graph_007.json,9,0,onnx,w000006,False,True,False,False,,no_keyboard_csv,,
122,session_20260516_164308_06d3f7,browser_mp835qq4j4kymt,browser_mp835qq4j4kymt,w000007,1778947028.3584187,1778947148.3584187,data\session_20260516_164308_06d3f7\data_graph\data_graph_120s\graph_008.json,8,0,onnx,w000007,False,True,False,False,,no_keyboard_csv,,
123,session_20260516_164308_06d3f7,browser_mp835qq4j4kymt,browser_mp835qq4j4kymt,w000008,1778947148.3584187,1778947268.3584187,data\session_20260516_164308_06d3f7\data_graph\data_graph_120s\graph_009.json,4,0,onnx,w000008,False,True,False,False,,no_keyboard_csv,,
124,session_20260516_164308_06d3f7,browser_mp835qq4j4kymt,browser_mp835qq4j4kymt,w000009,1778947268.3584187,1778947388.3584187,data\session_20260516_164308_06d3f7\data_graph\data_graph_120s\graph_010.json,9,0,onnx,w000009,False,True,False,False,,no_keyboard_csv,,
125,session_20260516_164308_06d3f7,browser_mp835qq4j4kymt,browser_mp835qq4j4kymt,w000010,1778947388.3584187,1778947508.3584187,data\session_20260516_164308_06d3f7\data_graph\data_graph_120s\graph_011.json,13,0,onnx,w000010,False,True,False,False,,no_keyboard_csv,,
126,session_20260516_164308_06d3f7,browser_mp835qq4j4kymt,browser_mp835qq4j4kymt,w000011,1778947508.3584187,1778947628.3584187,data\session_20260516_164308_06d3f7\data_graph\data_graph_120s\graph_012.json,12,0,onnx,w000011,False,True,False,False,,no_keyboard_csv,,
127,session_20260516_164308_06d3f7,browser_mp835qq4j4kymt,browser_mp835qq4j4kymt,w000012,1778947628.3584187,1778947748.3584187,data\session_20260516_164308_06d3f7\data_graph\data_graph_120s\graph_013.json,0,0,onnx,w000012,True,True,False,False,few_events(0),no_keyboard_csv,,
128,session_20260516_164308_06d3f7,browser_mp835qq4j4kymt,browser_mp835qq4j4kymt,w000013,1778947748.3584187,1778947868.3584187,data\session_20260516_164308_06d3f7\data_graph\data_graph_120s\graph_014.json,0,0,onnx,w000013,True,True,False,False,few_events(0),no_keyboard_csv,,
129,session_20260516_164308_06d3f7,browser_mp835qq4j4kymt,browser_mp835qq4j4kymt,w000014,1778947868.3584187,1778947988.3584187,data\session_20260516_164308_06d3f7\data_graph\data_graph_120s\graph_015.json,0,0,onnx,w000014,True,True,False,False,few_events(0),no_keyboard_csv,,
130,session_20260516_164308_06d3f7,browser_mp835qq4j4kymt,browser_mp835qq4j4kymt,w000015,1778947988.3584187,1778947988.4295266,data\session_20260516_164308_06d3f7\data_graph\data_graph_120s\graph_016.json,0,0,onnx,w000015,True,True,False,False,few_events(0),no_keyboard_csv,,
131,session_20260517_082843_bea015,dem,browser_mp03ekmbeazr37,w000000,1779002923.7991269,1779003043.7991269,data\session_20260517_082843_bea015\data_graph\data_graph_120s\graph_001.json,13,0,onnx,w000000,False,True,False,False,,few_keystrokes(0),,
132,session_20260517_082843_bea015,dem,browser_mp03ekmbeazr37,w000001,1779003043.7991269,1779003163.7991269,data\session_20260517_082843_bea015\data_graph\data_graph_120s\graph_002.json,14,0,onnx,w000001,False,True,False,False,,few_keystrokes(3),,
133,session_20260517_082843_bea015,dem,browser_mp03ekmbeazr37,w000002,1779003163.7991269,1779003283.7991269,data\session_20260517_082843_bea015\data_graph\data_graph_120s\graph_003.json,6,14,onnx,w000002,False,False,False,False,,,,
134,session_20260517_082843_bea015,dem,browser_mp03ekmbeazr37,w000003,1779003283.7991269,1779003403.7991269,data\session_20260517_082843_bea015\data_graph\data_graph_120s\graph_004.json,6,24,onnx,w000003,False,False,False,False,,,,
135,session_20260517_082843_bea015,dem,browser_mp03ekmbeazr37,w000004,1779003403.7991269,1779003523.7991269,data\session_20260517_082843_bea015\data_graph\data_graph_120s\graph_005.json,8,0,onnx,w000004,False,True,False,False,,few_keystrokes(2),,
136,session_20260517_082843_bea015,dem,browser_mp03ekmbeazr37,w000005,1779003523.7991269,1779003643.7991269,data\session_20260517_082843_bea015\data_graph\data_graph_120s\graph_006.json,0,0,onnx,w000005,True,True,False,False,few_events(0),few_keystrokes(0),,
137,session_20260517_082843_bea015,dem,browser_mp03ekmbeazr37,w000006,1779003643.7991269,1779003763.7991269,data\session_20260517_082843_bea015\data_graph\data_graph_120s\graph_007.json,0,0,onnx,w000006,True,True,False,False,few_events(0),few_keystrokes(0),,
138,session_20260517_082843_bea015,dem,browser_mp03ekmbeazr37,w000007,1779003763.7991269,1779003883.7991269,data\session_20260517_082843_bea015\data_graph\data_graph_120s\graph_008.json,0,0,onnx,w000007,True,True,False,False,few_events(0),few_keystrokes(0),,
139,session_20260517_082843_bea015,dem,browser_mp03ekmbeazr37,w000008,1779003883.7991269,1779004003.7991269,data\session_20260517_082843_bea015\data_graph\data_graph_120s\graph_009.json,7,0,onnx,w000008,False,True,False,False,,few_keystrokes(1),,
140,session_20260517_082843_bea015,dem,browser_mp03ekmbeazr37,w000009,1779004003.7991269,1779004123.7991269,data\session_20260517_082843_bea015\data_graph\data_graph_120s\graph_010.json,11,0,onnx,w000009,False,True,False,False,,few_keystrokes(4),,
141,session_20260517_082843_bea015,dem,browser_mp03ekmbeazr37,w000010,1779004123.7991269,1779004243.7991269,data\session_20260517_082843_bea015\data_graph\data_graph_120s\graph_011.json,4,16,onnx,w000010,False,False,False,False,,,,
142,session_20260517_082843_bea015,dem,browser_mp03ekmbeazr37,w000011,1779004243.7991269,1779004363.7991269,data\session_20260517_082843_bea015\data_graph\data_graph_120s\graph_012.json,1,0,onnx,w000011,False,True,False,False,,few_keystrokes(0),,
143,session_20260517_082843_bea015,dem,browser_mp03ekmbeazr37,w000012,1779004363.7991269,1779004483.7991269,data\session_20260517_082843_bea015\data_graph\data_graph_120s\graph_013.json,0,0,onnx,w000012,True,True,False,True,few_events(0),few_keystrokes(0),,switching_cold_start
144,session_20260517_082843_bea015,dem,browser_mp03ekmbeazr37,w000013,1779004483.7991269,1779004603.7991269,data\session_20260517_082843_bea015\data_graph\data_graph_120s\graph_014.json,0,0,onnx,w000013,True,True,False,True,few_events(0),few_keystrokes(0),,switching_cold_start
145,session_20260517_082843_bea015,dem,browser_mp03ekmbeazr37,w000014,1779004603.7991269,1779004723.7991269,data\session_20260517_082843_bea015\data_graph\data_graph_120s\graph_015.json,0,0,onnx,w000014,True,True,False,True,few_events(0),few_keystrokes(0),,switching_cold_start
146,session_20260517_082843_bea015,dem,browser_mp03ekmbeazr37,w000015,1779004723.7991269,1779004843.7991269,data\session_20260517_082843_bea015\data_graph\data_graph_120s\graph_016.json,0,0,onnx,w000015,True,True,False,True,few_events(0),few_keystrokes(0),,switching_cold_start
147,session_20260517_082843_bea015,dem,browser_mp03ekmbeazr37,w000016,1779004843.7991269,1779004963.7991269,data\session_20260517_082843_bea015\data_graph\data_graph_120s\graph_017.json,0,0,onnx,w000016,True,True,False,True,few_events(0),few_keystrokes(0),,switching_cold_start
148,session_20260517_082843_bea015,dem,browser_mp03ekmbeazr37,w000017,1779004963.7991269,1779005083.7991269,data\session_20260517_082843_bea015\data_graph\data_graph_120s\graph_018.json,0,0,onnx,w000017,True,True,False,True,few_events(0),few_keystrokes(0),,switching_cold_start
149,session_20260517_082843_bea015,dem,browser_mp03ekmbeazr37,w000018,1779005083.7991269,1779005203.7991269,data\session_20260517_082843_bea015\data_graph\data_graph_120s\graph_019.json,0,0,onnx,w000018,True,True,False,True,few_events(0),few_keystrokes(0),,switching_cold_start
150,session_20260517_082843_bea015,dem,browser_mp03ekmbeazr37,w000019,1779005203.7991269,1779005323.7991269,data\session_20260517_082843_bea015\data_graph\data_graph_120s\graph_020.json,0,0,onnx,w000019,True,True,False,True,few_events(0),few_keystrokes(0),,switching_cold_start
151,session_20260517_082843_bea015,dem,browser_mp03ekmbeazr37,w000020,1779005323.7991269,1779005443.7991269,data\session_20260517_082843_bea015\data_graph\data_graph_120s\graph_021.json,0,0,onnx,w000020,True,True,False,True,few_events(0),few_keystrokes(0),,switching_cold_start
152,session_20260517_082843_bea015,dem,browser_mp03ekmbeazr37,w000021,1779005443.7991269,1779005563.7991269,data\session_20260517_082843_bea015\data_graph\data_graph_120s\graph_022.json,0,0,onnx,w000021,True,True,False,True,few_events(0),few_keystrokes(0),,switching_cold_start
153,session_20260517_082843_bea015,dem,browser_mp03ekmbeazr37,w000022,1779005563.7991269,1779005683.7991269,data\session_20260517_082843_bea015\data_graph\data_graph_120s\graph_023.json,0,0,onnx,w000022,True,True,False,True,few_events(0),few_keystrokes(0),,switching_cold_start
154,session_20260517_082843_bea015,dem,browser_mp03ekmbeazr37,w000023,1779005683.7991269,1779005803.7991269,data\session_20260517_082843_bea015\data_graph\data_graph_120s\graph_024.json,0,0,onnx,w000023,True,True,False,True,few_events(0),few_keystrokes(0),,switching_cold_start
155,session_20260517_082843_bea015,dem,browser_mp03ekmbeazr37,w000024,1779005803.7991269,1779005923.7991269,data\session_20260517_082843_bea015\data_graph\data_graph_120s\graph_025.json,0,0,onnx,w000024,True,True,False,True,few_events(0),few_keystrokes(0),,switching_cold_start
156,session_20260517_082843_bea015,dem,browser_mp03ekmbeazr37,w000025,1779005923.7991269,1779006043.7991269,data\session_20260517_082843_bea015\data_graph\data_graph_120s\graph_026.json,0,0,onnx,w000025,True,True,False,True,few_events(0),few_keystrokes(0),,switching_cold_start
157,session_20260517_082843_bea015,dem,browser_mp03ekmbeazr37,w000026,1779006043.7991269,1779006163.7991269,data\session_20260517_082843_bea015\data_graph\data_graph_120s\graph_027.json,0,0,onnx,w000026,True,True,False,True,few_events(0),few_keystrokes(0),,switching_cold_start
158,session_20260517_082843_bea015,dem,browser_mp03ekmbeazr37,w000027,1779006163.7991269,1779006283.7991269,data\session_20260517_082843_bea015\data_graph\data_graph_120s\graph_028.json,0,0,onnx,w000027,True,True,False,True,few_events(0),few_keystrokes(0),,switching_cold_start
159,session_20260517_082843_bea015,dem,browser_mp03ekmbeazr37,w000028,1779006283.7991269,1779006403.7991269,data\session_20260517_082843_bea015\data_graph\data_graph_120s\graph_029.json,0,0,onnx,w000028,True,True,False,True,few_events(0),few_keystrokes(0),,switching_cold_start
160,session_20260517_082843_bea015,dem,browser_mp03ekmbeazr37,w000029,1779006403.7991269,1779006523.7991269,data\session_20260517_082843_bea015\data_graph\data_graph_120s\graph_030.json,6,1,onnx,w000029,False,False,False,False,,,,
161,session_20260517_082843_bea015,dem,browser_mp03ekmbeazr37,w000030,1779006523.7991269,1779006643.7991269,data\session_20260517_082843_bea015\data_graph\data_graph_120s\graph_031.json,15,2,onnx,w000030,False,False,False,False,,,,
162,session_20260517_082843_bea015,dem,browser_mp03ekmbeazr37,w000031,1779006643.7991269,1779006763.7991269,data\session_20260517_082843_bea015\data_graph\data_graph_120s\graph_032.json,15,0,onnx,w000031,False,True,False,False,,few_keystrokes(2),,
163,session_20260517_082843_bea015,dem,browser_mp03ekmbeazr37,w000032,1779006763.7991269,1779006883.7991269,data\session_20260517_082843_bea015\data_graph\data_graph_120s\graph_033.json,22,0,onnx,w000032,False,True,False,False,,few_keystrokes(0),,
164,session_20260517_082843_bea015,dem,browser_mp03ekmbeazr37,w000033,1779006883.7991269,1779006951.2934897,data\session_20260517_082843_bea015\data_graph\data_graph_120s\graph_034.json,7,0,onnx,w000033,False,True,False,False,,few_keystrokes(0),,
165,session_20260517_094738_ce576d,dem,browser_mp03ekmbeazr37,w000000,1779007658.0434892,1779007778.0434892,data\session_20260517_094738_ce576d\data_graph\data_graph_120s\graph_001.json,14,0,onnx,w000000,False,True,False,False,,few_keystrokes(3),,
166,session_20260517_094738_ce576d,dem,browser_mp03ekmbeazr37,w000001,1779007778.0434892,1779007898.0434892,data\session_20260517_094738_ce576d\data_graph\data_graph_120s\graph_002.json,12,1,onnx,w000001,False,False,False,False,,,,
167,session_20260517_094738_ce576d,dem,browser_mp03ekmbeazr37,w000002,1779007898.0434892,1779008018.0434892,data\session_20260517_094738_ce576d\data_graph\data_graph_120s\graph_003.json,10,1,onnx,w000002,False,False,False,False,,,,
168,session_20260517_094738_ce576d,dem,browser_mp03ekmbeazr37,w000003,1779008018.0434892,1779008138.0434892,data\session_20260517_094738_ce576d\data_graph\data_graph_120s\graph_004.json,5,1,onnx,w000003,False,False,False,False,,,,
169,session_20260517_094738_ce576d,dem,browser_mp03ekmbeazr37,w000004,1779008138.0434892,1779008258.0434892,data\session_20260517_094738_ce576d\data_graph\data_graph_120s\graph_005.json,8,9,onnx,w000004,False,False,False,False,,,,
170,session_20260517_094738_ce576d,dem,browser_mp03ekmbeazr37,w000005,1779008258.0434892,1779008378.0434892,data\session_20260517_094738_ce576d\data_graph\data_graph_120s\graph_006.json,8,1,onnx,w000005,False,False,False,False,,,,
171,session_20260517_094738_ce576d,dem,browser_mp03ekmbeazr37,w000006,1779008378.0434892,1779008498.0434892,data\session_20260517_094738_ce576d\data_graph\data_graph_120s\graph_007.json,13,0,onnx,w000006,False,True,False,False,,few_keystrokes(0),,
172,session_20260517_094738_ce576d,dem,browser_mp03ekmbeazr37,w000007,1779008498.0434892,1779008618.0434892,data\session_20260517_094738_ce576d\data_graph\data_graph_120s\graph_008.json,9,1,onnx,w000007,False,False,False,False,,,,
173,session_20260517_094738_ce576d,dem,browser_mp03ekmbeazr37,w000008,1779008618.0434892,1779008738.0434892,data\session_20260517_094738_ce576d\data_graph\data_graph_120s\graph_009.json,12,0,onnx,w000008,False,True,False,False,,few_keystrokes(0),,
174,session_20260517_094738_ce576d,dem,browser_mp03ekmbeazr37,w000009,1779008738.0434892,1779008858.0434892,data\session_20260517_094738_ce576d\data_graph\data_graph_120s\graph_010.json,18,1,onnx,w000009,False,False,False,False,,,,
175,session_20260517_094738_ce576d,dem,browser_mp03ekmbeazr37,w000010,1779008858.0434892,1779008978.0434892,data\session_20260517_094738_ce576d\data_graph\data_graph_120s\graph_011.json,15,1,onnx,w000010,False,False,False,False,,,,
176,session_20260517_094738_ce576d,dem,browser_mp03ekmbeazr37,w000011,1779008978.0434892,1779009098.0434892,data\session_20260517_094738_ce576d\data_graph\data_graph_120s\graph_012.json,21,1,onnx,w000011,False,False,False,False,,,,
177,session_20260517_094738_ce576d,dem,browser_mp03ekmbeazr37,w000012,1779009098.0434892,1779009218.0434892,data\session_20260517_094738_ce576d\data_graph\data_graph_120s\graph_013.json,16,0,onnx,w000012,False,True,False,False,,few_keystrokes(2),,
178,session_20260517_094738_ce576d,dem,browser_mp03ekmbeazr37,w000013,1779009218.0434892,1779009338.0434892,data\session_20260517_094738_ce576d\data_graph\data_graph_120s\graph_014.json,4,18,onnx,w000013,False,False,False,False,,,,
179,session_20260517_094738_ce576d,dem,browser_mp03ekmbeazr37,w000014,1779009338.0434892,1779009458.0434892,data\session_20260517_094738_ce576d\data_graph\data_graph_120s\graph_015.json,7,2,onnx,w000014,False,False,False,False,,,,
180,session_20260517_094738_ce576d,dem,browser_mp03ekmbeazr37,w000015,1779009458.0434892,1779009458.2277896,data\session_20260517_094738_ce576d\data_graph\data_graph_120s\graph_016.json,0,0,onnx,w000015,True,True,False,False,few_events(0),few_keystrokes(0),,
181,session_20260517_095040_ccf2be,browser_mp835qq4j4kymt,browser_mp835qq4j4kymt,w000000,1779007840.1985314,1779007960.1985314,data\session_20260517_095040_ccf2be\data_graph\data_graph_120s\graph_001.json,14,3,onnx,w000000,False,False,False,False,,,,
182,session_20260517_095040_ccf2be,browser_mp835qq4j4kymt,browser_mp835qq4j4kymt,w000001,1779007960.1985314,1779008080.1985314,data\session_20260517_095040_ccf2be\data_graph\data_graph_120s\graph_002.json,13,0,onnx,w000001,False,True,False,False,,few_keystrokes(3),,
183,session_20260517_095040_ccf2be,browser_mp835qq4j4kymt,browser_mp835qq4j4kymt,w000002,1779008080.1985314,1779008200.1985314,data\session_20260517_095040_ccf2be\data_graph\data_graph_120s\graph_003.json,9,0,onnx,w000002,False,True,False,False,,few_keystrokes(0),,
184,session_20260517_095040_ccf2be,browser_mp835qq4j4kymt,browser_mp835qq4j4kymt,w000003,1779008200.1985314,1779008320.1985314,data\session_20260517_095040_ccf2be\data_graph\data_graph_120s\graph_004.json,16,0,onnx,w000003,False,True,False,False,,few_keystrokes(0),,
185,session_20260517_095040_ccf2be,browser_mp835qq4j4kymt,browser_mp835qq4j4kymt,w000004,1779008320.1985314,1779008440.1985314,data\session_20260517_095040_ccf2be\data_graph\data_graph_120s\graph_005.json,20,0,onnx,w000004,False,True,False,False,,few_keystrokes(0),,
186,session_20260517_095040_ccf2be,browser_mp835qq4j4kymt,browser_mp835qq4j4kymt,w000005,1779008440.1985314,1779008560.1985314,data\session_20260517_095040_ccf2be\data_graph\data_graph_120s\graph_006.json,6,1,onnx,w000005,False,False,False,False,,,,
187,session_20260517_095040_ccf2be,browser_mp835qq4j4kymt,browser_mp835qq4j4kymt,w000006,1779008560.1985314,1779008680.1985314,data\session_20260517_095040_ccf2be\data_graph\data_graph_120s\graph_007.json,15,5,onnx,w000006,False,False,False,False,,,,
188,session_20260517_095040_ccf2be,browser_mp835qq4j4kymt,browser_mp835qq4j4kymt,w000007,1779008680.1985314,1779008800.1985314,data\session_20260517_095040_ccf2be\data_graph\data_graph_120s\graph_008.json,5,0,onnx,w000007,False,True,False,False,,few_keystrokes(0),,
189,session_20260517_095040_ccf2be,browser_mp835qq4j4kymt,browser_mp835qq4j4kymt,w000008,1779008800.1985314,1779008920.1985314,data\session_20260517_095040_ccf2be\data_graph\data_graph_120s\graph_009.json,0,0,onnx,w000008,True,True,False,False,few_events(0),few_keystrokes(0),,
190,session_20260517_095040_ccf2be,browser_mp835qq4j4kymt,browser_mp835qq4j4kymt,w000009,1779008920.1985314,1779009040.1985314,data\session_20260517_095040_ccf2be\data_graph\data_graph_120s\graph_010.json,0,0,onnx,w000009,True,True,False,False,few_events(0),few_keystrokes(0),,
191,session_20260517_095040_ccf2be,browser_mp835qq4j4kymt,browser_mp835qq4j4kymt,w000010,1779009040.1985314,1779009160.1985314,data\session_20260517_095040_ccf2be\data_graph\data_graph_120s\graph_011.json,0,0,onnx,w000010,True,True,False,False,few_events(0),few_keystrokes(0),,
192,session_20260517_095040_ccf2be,browser_mp835qq4j4kymt,browser_mp835qq4j4kymt,w000011,1779009160.1985314,1779009280.1985314,data\session_20260517_095040_ccf2be\data_graph\data_graph_120s\graph_012.json,0,0,onnx,w000011,True,True,False,False,few_events(0),few_keystrokes(0),,
193,session_20260517_095040_ccf2be,browser_mp835qq4j4kymt,browser_mp835qq4j4kymt,w000012,1779009280.1985314,1779009400.1985314,data\session_20260517_095040_ccf2be\data_graph\data_graph_120s\graph_013.json,0,0,onnx,w000012,True,True,False,False,few_events(0),few_keystrokes(0),,
194,session_20260517_095040_ccf2be,browser_mp835qq4j4kymt,browser_mp835qq4j4kymt,w000013,1779009400.1985314,1779009520.1985314,data\session_20260517_095040_ccf2be\data_graph\data_graph_120s\graph_014.json,22,0,onnx,w000013,False,True,False,False,,few_keystrokes(1),,
195,session_20260517_095040_ccf2be,browser_mp835qq4j4kymt,browser_mp835qq4j4kymt,w000014,1779009520.1985314,1779009640.1985314,data\session_20260517_095040_ccf2be\data_graph\data_graph_120s\graph_015.json,13,3,onnx,w000014,False,False,False,False,,,,
196,session_20260517_095040_ccf2be,browser_mp835qq4j4kymt,browser_mp835qq4j4kymt,w000015,1779009640.1985314,1779009640.2027934,data\session_20260517_095040_ccf2be\data_graph\data_graph_120s\graph_016.json,0,0,onnx,w000015,True,True,False,False,few_events(0),few_keystrokes(0),,
197,session_20260517_105229_cb660e,dem,browser_mp03ekmbeazr37,w000000,1779011549.8247652,1779011669.8247652,data\session_20260517_105229_cb660e\data_graph\data_graph_120s\graph_001.json,18,1,onnx,w000000,False,False,False,False,,,,
198,session_20260517_105229_cb660e,dem,browser_mp03ekmbeazr37,w000001,1779011669.8247652,1779011789.8247652,data\session_20260517_105229_cb660e\data_graph\data_graph_120s\graph_002.json,6,30,onnx,w000001,False,False,False,False,,,,
199,session_20260517_105229_cb660e,dem,browser_mp03ekmbeazr37,w000002,1779011789.8247652,1779011789.9627109,data\session_20260517_105229_cb660e\data_graph\data_graph_120s\graph_003.json,0,0,onnx,w000002,True,True,False,False,few_events(1),few_keystrokes(0),,
200,session_20260517_113407_c4efba,dem,browser_mp03ekmbeazr37,w000000,1779014047.2487798,1779014167.2487798,data\session_20260517_113407_c4efba\data_graph\data_graph_120s\graph_001.json,8,1,onnx,w000000,False,False,False,False,,,,
201,session_20260517_113407_c4efba,dem,browser_mp03ekmbeazr37,w000001,1779014167.2487798,1779014287.2487798,data\session_20260517_113407_c4efba\data_graph\data_graph_120s\graph_002.json,0,0,onnx,w000001,True,True,False,False,few_events(0),few_keystrokes(0),,
202,session_20260517_113407_c4efba,dem,browser_mp03ekmbeazr37,w000002,1779014287.2487798,1779014407.2487798,data\session_20260517_113407_c4efba\data_graph\data_graph_120s\graph_003.json,1,0,onnx,w000002,False,True,False,False,,few_keystrokes(0),,
203,session_20260517_113407_c4efba,dem,browser_mp03ekmbeazr37,w000003,1779014407.2487798,1779014527.2487798,data\session_20260517_113407_c4efba\data_graph\data_graph_120s\graph_004.json,16,0,onnx,w000003,False,True,False,False,,few_keystrokes(1),,
204,session_20260517_113407_c4efba,dem,browser_mp03ekmbeazr37,w000004,1779014527.2487798,1779014647.2487798,data\session_20260517_113407_c4efba\data_graph\data_graph_120s\graph_005.json,10,1,onnx,w000004,False,False,False,False,,,,
205,session_20260517_113407_c4efba,dem,browser_mp03ekmbeazr37,w000005,1779014647.2487798,1779014767.2487798,data\session_20260517_113407_c4efba\data_graph\data_graph_120s\graph_006.json,3,0,onnx,w000005,False,True,False,False,,few_keystrokes(2),,
206,session_20260517_113407_c4efba,dem,browser_mp03ekmbeazr37,w000006,1779014767.2487798,1779014887.2487798,data\session_20260517_113407_c4efba\data_graph\data_graph_120s\graph_007.json,1,0,onnx,w000006,False,True,False,False,,few_keystrokes(1),,
207,session_20260517_113407_c4efba,dem,browser_mp03ekmbeazr37,w000007,1779014887.2487798,1779015007.2487798,data\session_20260517_113407_c4efba\data_graph\data_graph_120s\graph_008.json,0,0,onnx,w000007,True,True,False,False,few_events(0),few_keystrokes(1),,
208,session_20260517_113407_c4efba,dem,browser_mp03ekmbeazr37,w000008,1779015007.2487798,1779015127.2487798,data\session_20260517_113407_c4efba\data_graph\data_graph_120s\graph_009.json,13,0,onnx,w000008,False,True,False,False,,few_keystrokes(2),,
209,session_20260517_113407_c4efba,dem,browser_mp03ekmbeazr37,w000009,1779015127.2487798,1779015247.2487798,data\session_20260517_113407_c4efba\data_graph\data_graph_120s\graph_010.json,0,0,onnx,w000009,True,True,False,False,few_events(0),few_keystrokes(2),,
210,session_20260517_113407_c4efba,dem,browser_mp03ekmbeazr37,w000010,1779015247.2487798,1779015367.2487798,data\session_20260517_113407_c4efba\data_graph\data_graph_120s\graph_011.json,1,0,onnx,w000010,False,True,False,False,,few_keystrokes(2),,
211,session_20260517_113407_c4efba,dem,browser_mp03ekmbeazr37,w000011,1779015367.2487798,1779015487.2487798,data\session_20260517_113407_c4efba\data_graph\data_graph_120s\graph_012.json,8,0,onnx,w000011,False,True,False,False,,few_keystrokes(4),,
212,session_20260517_113407_c4efba,dem,browser_mp03ekmbeazr37,w000012,1779015487.2487798,1779015607.2487798,data\session_20260517_113407_c4efba\data_graph\data_graph_120s\graph_013.json,14,0,onnx,w000012,False,True,False,False,,few_keystrokes(0),,
213,session_20260517_113407_c4efba,dem,browser_mp03ekmbeazr37,w000013,1779015607.2487798,1779015727.2487798,data\session_20260517_113407_c4efba\data_graph\data_graph_120s\graph_014.json,9,6,onnx,w000013,False,False,False,False,,,,
214,session_20260517_113407_c4efba,dem,browser_mp03ekmbeazr37,w000014,1779015727.2487798,1779015847.2487798,data\session_20260517_113407_c4efba\data_graph\data_graph_120s\graph_015.json,12,4,onnx,w000014,False,False,False,False,,,,
215,session_20260517_113407_c4efba,dem,browser_mp03ekmbeazr37,w000015,1779015847.2487798,1779015847.5199397,data\session_20260517_113407_c4efba\data_graph\data_graph_120s\graph_016.json,0,0,onnx,w000015,True,True,False,False,few_events(11),few_keystrokes(0),,
216,session_20260517_121410_2c55a5,dem,browser_mp03ekmbeazr37,w000000,1779016451.0911162,1779016571.0911162,data\session_20260517_121410_2c55a5\data_graph\data_graph_120s\graph_001.json,20,0,onnx,w000000,False,True,False,False,,few_keystrokes(0),,
217,session_20260517_121410_2c55a5,dem,browser_mp03ekmbeazr37,w000001,1779016571.0911162,1779016691.0911162,data\session_20260517_121410_2c55a5\data_graph\data_graph_120s\graph_002.json,22,0,onnx,w000001,False,True,False,False,,few_keystrokes(0),,
218,session_20260517_121410_2c55a5,dem,browser_mp03ekmbeazr37,w000002,1779016691.0911162,1779016811.0911162,data\session_20260517_121410_2c55a5\data_graph\data_graph_120s\graph_003.json,20,0,onnx,w000002,False,True,False,False,,few_keystrokes(0),,
219,session_20260517_121410_2c55a5,dem,browser_mp03ekmbeazr37,w000003,1779016811.0911162,1779016931.0911162,data\session_20260517_121410_2c55a5\data_graph\data_graph_120s\graph_004.json,17,0,onnx,w000003,False,True,False,False,,few_keystrokes(0),,
220,session_20260517_121410_2c55a5,dem,browser_mp03ekmbeazr37,w000004,1779016931.0911162,1779017051.0911162,data\session_20260517_121410_2c55a5\data_graph\data_graph_120s\graph_005.json,13,0,onnx,w000004,False,True,False,False,,few_keystrokes(0),,
221,session_20260517_121410_2c55a5,dem,browser_mp03ekmbeazr37,w000005,1779017051.0911162,1779017171.0911162,data\session_20260517_121410_2c55a5\data_graph\data_graph_120s\graph_006.json,12,0,onnx,w000005,False,True,False,False,,few_keystrokes(0),,
222,session_20260517_121410_2c55a5,dem,browser_mp03ekmbeazr37,w000006,1779017171.0911162,1779017291.0911162,data\session_20260517_121410_2c55a5\data_graph\data_graph_120s\graph_007.json,18,0,onnx,w000006,False,True,False,False,,few_keystrokes(0),,
223,session_20260517_121410_2c55a5,dem,browser_mp03ekmbeazr37,w000007,1779017291.0911162,1779017411.0911162,data\session_20260517_121410_2c55a5\data_graph\data_graph_120s\graph_008.json,14,0,onnx,w000007,False,True,False,False,,few_keystrokes(0),,
224,session_20260517_121410_2c55a5,dem,browser_mp03ekmbeazr37,w000008,1779017411.0911162,1779017531.0911162,data\session_20260517_121410_2c55a5\data_graph\data_graph_120s\graph_009.json,18,0,onnx,w000008,False,True,False,False,,few_keystrokes(0),,
225,session_20260517_121410_2c55a5,dem,browser_mp03ekmbeazr37,w000009,1779017531.0911162,1779017651.0911162,data\session_20260517_121410_2c55a5\data_graph\data_graph_120s\graph_010.json,15,0,onnx,w000009,False,True,False,False,,few_keystrokes(0),,
226,session_20260517_121410_2c55a5,dem,browser_mp03ekmbeazr37,w000010,1779017651.0911162,1779017771.0911162,data\session_20260517_121410_2c55a5\data_graph\data_graph_120s\graph_011.json,8,0,onnx,w000010,False,True,False,False,,few_keystrokes(0),,
227,session_20260517_121410_2c55a5,dem,browser_mp03ekmbeazr37,w000011,1779017771.0911162,1779017891.0911162,data\session_20260517_121410_2c55a5\data_graph\data_graph_120s\graph_012.json,0,0,onnx,w000011,True,True,False,False,few_events(0),few_keystrokes(0),,
228,session_20260517_121410_2c55a5,dem,browser_mp03ekmbeazr37,w000012,1779017891.0911162,1779018011.0911162,data\session_20260517_121410_2c55a5\data_graph\data_graph_120s\graph_013.json,5,0,onnx,w000012,False,True,False,False,,few_keystrokes(0),,
229,session_20260517_121410_2c55a5,dem,browser_mp03ekmbeazr37,w000013,1779018011.0911162,1779018131.0911162,data\session_20260517_121410_2c55a5\data_graph\data_graph_120s\graph_014.json,6,14,onnx,w000013,False,False,False,False,,,,
230,session_20260517_121410_2c55a5,dem,browser_mp03ekmbeazr37,w000014,1779018131.0911162,1779018250.99784,data\session_20260517_121410_2c55a5\data_graph\data_graph_120s\graph_015.json,5,6,onnx,w000014,False,False,False,False,,,,
231,session_20260517_134333_aeb7dc,browser_mp8quvqu5u5czy,browser_mp8quvqu5u5czy,w000000,1779021813.3752756,1779021933.3752756,data\session_20260517_134333_aeb7dc\data_graph\data_graph_120s\graph_001.json,58,0,onnx,w000000,False,True,False,False,,few_keystrokes(0),,
232,session_20260517_134333_aeb7dc,browser_mp8quvqu5u5czy,browser_mp8quvqu5u5czy,w000001,1779021933.3752756,1779022053.3752756,data\session_20260517_134333_aeb7dc\data_graph\data_graph_120s\graph_002.json,42,0,onnx,w000001,False,True,False,False,,few_keystrokes(0),,
233,session_20260517_134333_aeb7dc,browser_mp8quvqu5u5czy,browser_mp8quvqu5u5czy,w000002,1779022053.3752756,1779022173.3752756,data\session_20260517_134333_aeb7dc\data_graph\data_graph_120s\graph_003.json,58,1,onnx,w000002,False,False,False,False,,,,
234,session_20260517_134333_aeb7dc,browser_mp8quvqu5u5czy,browser_mp8quvqu5u5czy,w000003,1779022173.3752756,1779022293.3752756,data\session_20260517_134333_aeb7dc\data_graph\data_graph_120s\graph_004.json,43,1,onnx,w000003,False,False,False,False,,,,
235,session_20260517_134333_aeb7dc,browser_mp8quvqu5u5czy,browser_mp8quvqu5u5czy,w000004,1779022293.3752756,1779022413.3752756,data\session_20260517_134333_aeb7dc\data_graph\data_graph_120s\graph_005.json,40,1,onnx,w000004,False,False,False,False,,,,
236,session_20260517_134333_aeb7dc,browser_mp8quvqu5u5czy,browser_mp8quvqu5u5czy,w000005,1779022413.3752756,1779022533.3752756,data\session_20260517_134333_aeb7dc\data_graph\data_graph_120s\graph_006.json,42,1,onnx,w000005,False,False,False,False,,,,
237,session_20260517_134333_aeb7dc,browser_mp8quvqu5u5czy,browser_mp8quvqu5u5czy,w000006,1779022533.3752756,1779022653.3752756,data\session_20260517_134333_aeb7dc\data_graph\data_graph_120s\graph_007.json,1,0,onnx,w000006,False,True,False,False,,few_keystrokes(0),,
238,session_20260517_134333_aeb7dc,browser_mp8quvqu5u5czy,browser_mp8quvqu5u5czy,w000007,1779022653.3752756,1779022773.3752756,data\session_20260517_134333_aeb7dc\data_graph\data_graph_120s\graph_008.json,0,0,onnx,w000007,True,True,False,False,few_events(0),few_keystrokes(0),,
239,session_20260517_134333_aeb7dc,browser_mp8quvqu5u5czy,browser_mp8quvqu5u5czy,w000008,1779022773.3752756,1779022893.3752756,data\session_20260517_134333_aeb7dc\data_graph\data_graph_120s\graph_009.json,0,0,onnx,w000008,True,True,False,False,few_events(5),few_keystrokes(0),,
240,session_20260517_134333_aeb7dc,browser_mp8quvqu5u5czy,browser_mp8quvqu5u5czy,w000009,1779022893.3752756,1779023013.3752756,data\session_20260517_134333_aeb7dc\data_graph\data_graph_120s\graph_010.json,0,0,onnx,w000009,True,True,False,False,few_events(0),few_keystrokes(0),,
241,session_20260517_134333_aeb7dc,browser_mp8quvqu5u5czy,browser_mp8quvqu5u5czy,w000010,1779023013.3752756,1779023133.3752756,data\session_20260517_134333_aeb7dc\data_graph\data_graph_120s\graph_011.json,0,0,onnx,w000010,True,True,False,False,few_events(0),few_keystrokes(0),,
242,session_20260517_134333_aeb7dc,browser_mp8quvqu5u5czy,browser_mp8quvqu5u5czy,w000011,1779023133.3752756,1779023253.3752756,data\session_20260517_134333_aeb7dc\data_graph\data_graph_120s\graph_012.json,0,0,onnx,w000011,True,True,False,False,few_events(0),few_keystrokes(0),,
243,session_20260517_134333_aeb7dc,browser_mp8quvqu5u5czy,browser_mp8quvqu5u5czy,w000012,1779023253.3752756,1779023373.3752756,data\session_20260517_134333_aeb7dc\data_graph\data_graph_120s\graph_013.json,0,0,onnx,w000012,True,True,False,False,few_events(0),few_keystrokes(0),,
244,session_20260517_134333_aeb7dc,browser_mp8quvqu5u5czy,browser_mp8quvqu5u5czy,w000013,1779023373.3752756,1779023493.3752756,data\session_20260517_134333_aeb7dc\data_graph\data_graph_120s\graph_014.json,2,0,onnx,w000013,False,True,False,False,,few_keystrokes(0),,
245,session_20260517_134333_aeb7dc,browser_mp8quvqu5u5czy,browser_mp8quvqu5u5czy,w000014,1779023493.3752756,1779023613.3752756,data\session_20260517_134333_aeb7dc\data_graph\data_graph_120s\graph_015.json,10,0,onnx,w000014,False,True,False,False,,few_keystrokes(0),,
246,session_20260517_134333_aeb7dc,browser_mp8quvqu5u5czy,browser_mp8quvqu5u5czy,w000015,1779023613.3752756,1779023613.6599777,data\session_20260517_134333_aeb7dc\data_graph\data_graph_120s\graph_016.json,0,0,onnx,w000015,True,True,False,False,few_events(0),few_keystrokes(0),,
247,session_20260518_171548_c29868,dem,browser_mp03ekmbeazr37,w000000,1779120948.3052857,1779121068.3052857,data\session_20260518_171548_c29868\data_graph\data_graph_120s\graph_001.json,23,1,onnx,w000000,False,False,False,False,,,,
248,session_20260518_171548_c29868,dem,browser_mp03ekmbeazr37,w000001,1779121068.3052857,1779121188.3052857,data\session_20260518_171548_c29868\data_graph\data_graph_120s\graph_002.json,17,0,onnx,w000001,False,True,False,False,,few_keystrokes(0),,
249,session_20260518_171548_c29868,dem,browser_mp03ekmbeazr37,w000002,1779121188.3052857,1779121308.3052857,data\session_20260518_171548_c29868\data_graph\data_graph_120s\graph_003.json,15,1,onnx,w000002,False,False,False,False,,,,
250,session_20260518_171548_c29868,dem,browser_mp03ekmbeazr37,w000003,1779121308.3052857,1779121428.3052857,data\session_20260518_171548_c29868\data_graph\data_graph_120s\graph_004.json,7,5,onnx,w000003,False,False,False,False,,,,
251,session_20260518_171548_c29868,dem,browser_mp03ekmbeazr37,w000004,1779121428.3052857,1779121548.3052857,data\session_20260518_171548_c29868\data_graph\data_graph_120s\graph_005.json,11,1,onnx,w000004,False,False,False,False,,,,
252,session_20260518_171548_c29868,dem,browser_mp03ekmbeazr37,w000005,1779121548.3052857,1779121668.3052857,data\session_20260518_171548_c29868\data_graph\data_graph_120s\graph_006.json,16,1,onnx,w000005,False,False,False,False,,,,
253,session_20260518_171548_c29868,dem,browser_mp03ekmbeazr37,w000006,1779121668.3052857,1779121788.3052857,data\session_20260518_171548_c29868\data_graph\data_graph_120s\graph_007.json,14,2,onnx,w000006,False,False,False,False,,,,
254,session_20260518_171548_c29868,dem,browser_mp03ekmbeazr37,w000007,1779121788.3052857,1779121908.3052857,data\session_20260518_171548_c29868\data_graph\data_graph_120s\graph_008.json,15,8,onnx,w000007,False,False,False,False,,,,
255,session_20260518_171548_c29868,dem,browser_mp03ekmbeazr37,w000008,1779121908.3052857,1779122028.3052857,data\session_20260518_171548_c29868\data_graph\data_graph_120s\graph_009.json,20,1,onnx,w000008,False,False,False,False,,,,
256,session_20260518_171548_c29868,dem,browser_mp03ekmbeazr37,w000009,1779122028.3052857,1779122148.3052857,data\session_20260518_171548_c29868\data_graph\data_graph_120s\graph_010.json,17,1,onnx,w000009,False,False,False,False,,,,
257,session_20260518_171548_c29868,dem,browser_mp03ekmbeazr37,w000010,1779122148.3052857,1779122268.3052857,data\session_20260518_171548_c29868\data_graph\data_graph_120s\graph_011.json,19,1,onnx,w000010,False,False,False,False,,,,
258,session_20260518_171548_c29868,dem,browser_mp03ekmbeazr37,w000011,1779122268.3052857,1779122388.3052857,data\session_20260518_171548_c29868\data_graph\data_graph_120s\graph_012.json,22,1,onnx,w000011,False,False,False,False,,,,
259,session_20260518_171548_c29868,dem,browser_mp03ekmbeazr37,w000012,1779122388.3052857,1779122508.3052857,data\session_20260518_171548_c29868\data_graph\data_graph_120s\graph_013.json,21,1,onnx,w000012,False,False,False,False,,,,
260,session_20260518_171548_c29868,dem,browser_mp03ekmbeazr37,w000013,1779122508.3052857,1779122628.3052857,data\session_20260518_171548_c29868\data_graph\data_graph_120s\graph_014.json,21,2,onnx,w000013,False,False,False,False,,,,
261,session_20260518_171548_c29868,dem,browser_mp03ekmbeazr37,w000014,1779122628.3052857,1779122748.3052857,data\session_20260518_171548_c29868\data_graph\data_graph_120s\graph_015.json,24,1,onnx,w000014,False,False,False,False,,,,
262,session_20260518_171548_c29868,dem,browser_mp03ekmbeazr37,w000015,1779122748.3052857,1779122748.3654711,data\session_20260518_171548_c29868\data_graph\data_graph_120s\graph_016.json,0,0,onnx,w000015,True,True,False,False,few_events(0),few_keystrokes(0),,
263,session_20260518_184628_9851e6,dem,browser_mp03ekmbeazr37,w000000,1779126388.7612658,1779126508.7612658,data\session_20260518_184628_9851e6\data_graph\data_graph_120s\graph_001.json,5,1,onnx,w000000,False,False,False,False,,,,
264,session_20260518_184628_9851e6,dem,browser_mp03ekmbeazr37,w000001,1779126508.7612658,1779126628.7612658,data\session_20260518_184628_9851e6\data_graph\data_graph_120s\graph_002.json,5,0,onnx,w000001,False,True,False,False,,few_keystrokes(0),,
265,session_20260518_184628_9851e6,dem,browser_mp03ekmbeazr37,w000002,1779126628.7612658,1779126748.7612658,data\session_20260518_184628_9851e6\data_graph\data_graph_120s\graph_003.json,3,0,onnx,w000002,False,True,False,False,,few_keystrokes(0),,
266,session_20260518_184628_9851e6,dem,browser_mp03ekmbeazr37,w000003,1779126748.7612658,1779126868.7612658,data\session_20260518_184628_9851e6\data_graph\data_graph_120s\graph_004.json,16,1,onnx,w000003,False,False,False,False,,,,
267,session_20260518_184628_9851e6,dem,browser_mp03ekmbeazr37,w000004,1779126868.7612658,1779126988.7612658,data\session_20260518_184628_9851e6\data_graph\data_graph_120s\graph_005.json,6,0,onnx,w000004,False,True,False,False,,few_keystrokes(0),,
268,session_20260518_184628_9851e6,dem,browser_mp03ekmbeazr37,w000005,1779126988.7612658,1779127108.7612658,data\session_20260518_184628_9851e6\data_graph\data_graph_120s\graph_006.json,3,0,onnx,w000005,False,True,False,False,,few_keystrokes(0),,
269,session_20260518_184628_9851e6,dem,browser_mp03ekmbeazr37,w000006,1779127108.7612658,1779127228.7612658,data\session_20260518_184628_9851e6\data_graph\data_graph_120s\graph_007.json,2,0,onnx,w000006,False,True,False,False,,few_keystrokes(2),,
270,session_20260518_184628_9851e6,dem,browser_mp03ekmbeazr37,w000007,1779127228.7612658,1779127348.7612658,data\session_20260518_184628_9851e6\data_graph\data_graph_120s\graph_008.json,0,1,onnx,w000007,True,False,False,False,few_events(0),,,
271,session_20260518_184628_9851e6,dem,browser_mp03ekmbeazr37,w000008,1779127348.7612658,1779127468.7612658,data\session_20260518_184628_9851e6\data_graph\data_graph_120s\graph_009.json,21,3,onnx,w000008,False,False,False,False,,,,
272,session_20260518_184628_9851e6,dem,browser_mp03ekmbeazr37,w000009,1779127468.7612658,1779127588.7612658,data\session_20260518_184628_9851e6\data_graph\data_graph_120s\graph_010.json,20,0,onnx,w000009,False,True,False,False,,few_keystrokes(0),,
273,session_20260518_184628_9851e6,dem,browser_mp03ekmbeazr37,w000010,1779127588.7612658,1779127708.7612658,data\session_20260518_184628_9851e6\data_graph\data_graph_120s\graph_011.json,14,6,onnx,w000010,False,False,False,False,,,,
274,session_20260518_184628_9851e6,dem,browser_mp03ekmbeazr37,w000011,1779127708.7612658,1779127828.7612658,data\session_20260518_184628_9851e6\data_graph\data_graph_120s\graph_012.json,0,0,onnx,w000011,True,True,False,False,few_events(0),few_keystrokes(0),,
275,session_20260518_184628_9851e6,dem,browser_mp03ekmbeazr37,w000012,1779127828.7612658,1779127948.7612658,data\session_20260518_184628_9851e6\data_graph\data_graph_120s\graph_013.json,3,0,onnx,w000012,False,True,False,False,,few_keystrokes(0),,
276,session_20260518_184628_9851e6,dem,browser_mp03ekmbeazr37,w000013,1779127948.7612658,1779128068.7612658,data\session_20260518_184628_9851e6\data_graph\data_graph_120s\graph_014.json,11,0,onnx,w000013,False,True,False,False,,few_keystrokes(0),,
277,session_20260518_184628_9851e6,dem,browser_mp03ekmbeazr37,w000014,1779128068.7612658,1779128188.7612658,data\session_20260518_184628_9851e6\data_graph\data_graph_120s\graph_015.json,18,0,onnx,w000014,False,True,False,False,,few_keystrokes(0),,
278,session_20260518_184628_9851e6,dem,browser_mp03ekmbeazr37,w000015,1779128188.7612658,1779128308.7612658,data\session_20260518_184628_9851e6\data_graph\data_graph_120s\graph_016.json,14,0,onnx,w000015,False,True,False,False,,few_keystrokes(0),,
279,session_20260518_184628_9851e6,dem,browser_mp03ekmbeazr37,w000016,1779128308.7612658,1779128428.7612658,data\session_20260518_184628_9851e6\data_graph\data_graph_120s\graph_017.json,16,7,onnx,w000016,False,False,False,False,,,,
280,session_20260518_184628_9851e6,dem,browser_mp03ekmbeazr37,w000017,1779128428.7612658,1779128548.7612658,data\session_20260518_184628_9851e6\data_graph\data_graph_120s\graph_018.json,11,8,onnx,w000017,False,False,False,False,,,,
281,session_20260518_184628_9851e6,dem,browser_mp03ekmbeazr37,w000018,1779128548.7612658,1779128668.7612658,data\session_20260518_184628_9851e6\data_graph\data_graph_120s\graph_019.json,13,16,onnx,w000018,False,False,False,False,,,,
282,session_20260518_184628_9851e6,dem,browser_mp03ekmbeazr37,w000019,1779128668.7612658,1779128788.7612658,data\session_20260518_184628_9851e6\data_graph\data_graph_120s\graph_020.json,6,15,onnx,w000019,False,False,False,False,,,,
283,session_20260518_184628_9851e6,dem,browser_mp03ekmbeazr37,w000020,1779128788.7612658,1779128908.7612658,data\session_20260518_184628_9851e6\data_graph\data_graph_120s\graph_021.json,10,1,onnx,w000020,False,False,False,False,,,,
284,session_20260518_184628_9851e6,dem,browser_mp03ekmbeazr37,w000021,1779128908.7612658,1779129028.7612658,data\session_20260518_184628_9851e6\data_graph\data_graph_120s\graph_022.json,11,4,onnx,w000021,False,False,False,False,,,,
285,session_20260518_184628_9851e6,dem,browser_mp03ekmbeazr37,w000022,1779129028.7612658,1779129148.7612658,data\session_20260518_184628_9851e6\data_graph\data_graph_120s\graph_023.json,15,2,onnx,w000022,False,False,False,False,,,,
286,session_20260518_184628_9851e6,dem,browser_mp03ekmbeazr37,w000023,1779129148.7612658,1779129268.7612658,data\session_20260518_184628_9851e6\data_graph\data_graph_120s\graph_024.json,7,6,onnx,w000023,False,False,False,False,,,,
287,session_20260518_184628_9851e6,dem,browser_mp03ekmbeazr37,w000024,1779129268.7612658,1779129388.7612658,data\session_20260518_184628_9851e6\data_graph\data_graph_120s\graph_025.json,3,9,onnx,w000024,False,False,False,False,,,,
288,session_20260518_184628_9851e6,dem,browser_mp03ekmbeazr37,w000025,1779129388.7612658,1779129508.7612658,data\session_20260518_184628_9851e6\data_graph\data_graph_120s\graph_026.json,12,1,onnx,w000025,False,False,False,False,,,,
289,session_20260518_184628_9851e6,dem,browser_mp03ekmbeazr37,w000026,1779129508.7612658,1779129628.7612658,data\session_20260518_184628_9851e6\data_graph\data_graph_120s\graph_027.json,11,1,onnx,w000026,False,False,False,False,,,,
290,session_20260518_184628_9851e6,dem,browser_mp03ekmbeazr37,w000027,1779129628.7612658,1779129748.7612658,data\session_20260518_184628_9851e6\data_graph\data_graph_120s\graph_028.json,10,15,onnx,w000027,False,False,False,False,,,,
291,session_20260518_184628_9851e6,dem,browser_mp03ekmbeazr37,w000028,1779129748.7612658,1779129868.7612658,data\session_20260518_184628_9851e6\data_graph\data_graph_120s\graph_029.json,8,14,onnx,w000028,False,False,False,False,,,,
292,session_20260518_184628_9851e6,dem,browser_mp03ekmbeazr37,w000029,1779129868.7612658,1779129988.7612658,data\session_20260518_184628_9851e6\data_graph\data_graph_120s\graph_030.json,8,17,onnx,w000029,False,False,False,False,,,,
293,session_20260518_184628_9851e6,dem,browser_mp03ekmbeazr37,w000030,1779129988.7612658,1779129989.029703,data\session_20260518_184628_9851e6\data_graph\data_graph_120s\graph_031.json,0,0,onnx,w000030,True,True,False,False,few_events(24),few_keystrokes(0),,
294,session_20260518_212527_225c72,dem,browser_mp03ekmbeazr37,w000000,1779135927.5924158,1779136047.5924158,data\session_20260518_212527_225c72\data_graph\data_graph_120s\graph_001.json,1,1,onnx,w000000,False,False,False,False,,,,
295,session_20260518_212527_225c72,dem,browser_mp03ekmbeazr37,w000001,1779136047.5924158,1779136167.5924158,data\session_20260518_212527_225c72\data_graph\data_graph_120s\graph_002.json,1,1,onnx,w000001,False,False,False,False,,,,
296,session_20260518_212527_225c72,dem,browser_mp03ekmbeazr37,w000002,1779136167.5924158,1779136287.5924158,data\session_20260518_212527_225c72\data_graph\data_graph_120s\graph_003.json,5,0,onnx,w000002,False,True,False,False,,few_keystrokes(1),,
297,session_20260518_212527_225c72,dem,browser_mp03ekmbeazr37,w000003,1779136287.5924158,1779136407.5924158,data\session_20260518_212527_225c72\data_graph\data_graph_120s\graph_004.json,16,0,onnx,w000003,False,True,False,False,,few_keystrokes(4),,
298,session_20260518_212527_225c72,dem,browser_mp03ekmbeazr37,w000004,1779136407.5924158,1779136527.5924158,data\session_20260518_212527_225c72\data_graph\data_graph_120s\graph_005.json,9,1,onnx,w000004,False,False,False,False,,,,
299,session_20260518_212527_225c72,dem,browser_mp03ekmbeazr37,w000005,1779136527.5924158,1779136647.5924158,data\session_20260518_212527_225c72\data_graph\data_graph_120s\graph_006.json,4,0,onnx,w000005,False,True,False,False,,few_keystrokes(0),,
300,session_20260518_212527_225c72,dem,browser_mp03ekmbeazr37,w000006,1779136647.5924158,1779136767.5924158,data\session_20260518_212527_225c72\data_graph\data_graph_120s\graph_007.json,2,1,onnx,w000006,False,False,False,False,,,,
301,session_20260518_212527_225c72,dem,browser_mp03ekmbeazr37,w000007,1779136767.5924158,1779136887.5924158,data\session_20260518_212527_225c72\data_graph\data_graph_120s\graph_008.json,0,0,onnx,w000007,True,True,False,False,few_events(0),few_keystrokes(0),,
302,session_20260518_212527_225c72,dem,browser_mp03ekmbeazr37,w000008,1779136887.5924158,1779137007.5924158,data\session_20260518_212527_225c72\data_graph\data_graph_120s\graph_009.json,0,0,onnx,w000008,True,True,False,False,few_events(0),few_keystrokes(0),,
303,session_20260518_212527_225c72,dem,browser_mp03ekmbeazr37,w000009,1779137007.5924158,1779137127.5924158,data\session_20260518_212527_225c72\data_graph\data_graph_120s\graph_010.json,11,3,onnx,w000009,False,False,False,False,,,,
304,session_20260518_212527_225c72,dem,browser_mp03ekmbeazr37,w000010,1779137127.5924158,1779137247.5924158,data\session_20260518_212527_225c72\data_graph\data_graph_120s\graph_011.json,2,0,onnx,w000010,False,True,False,False,,few_keystrokes(2),,
305,session_20260518_212527_225c72,dem,browser_mp03ekmbeazr37,w000011,1779137247.5924158,1779137367.5924158,data\session_20260518_212527_225c72\data_graph\data_graph_120s\graph_012.json,3,1,onnx,w000011,False,False,False,False,,,,
306,session_20260518_212527_225c72,dem,browser_mp03ekmbeazr37,w000012,1779137367.5924158,1779137487.5924158,data\session_20260518_212527_225c72\data_graph\data_graph_120s\graph_013.json,0,0,onnx,w000012,True,True,False,False,few_events(0),few_keystrokes(0),,
307,session_20260518_212527_225c72,dem,browser_mp03ekmbeazr37,w000013,1779137487.5924158,1779137607.5924158,data\session_20260518_212527_225c72\data_graph\data_graph_120s\graph_014.json,0,0,onnx,w000013,True,True,False,False,few_events(0),few_keystrokes(0),,
308,session_20260518_212527_225c72,dem,browser_mp03ekmbeazr37,w000014,1779137607.5924158,1779137727.5924158,data\session_20260518_212527_225c72\data_graph\data_graph_120s\graph_015.json,0,0,onnx,w000014,True,True,False,False,few_events(0),few_keystrokes(0),,
309,session_20260518_212527_225c72,dem,browser_mp03ekmbeazr37,w000015,1779137727.5924158,1779137727.6504517,data\session_20260518_212527_225c72\data_graph\data_graph_120s\graph_016.json,0,0,onnx,w000015,True,True,False,False,few_events(0),few_keystrokes(0),,
310,session_20260519_173652_663f90,dem,browser_mp03ekmbeazr37,w000000,1779208612.5524266,1779208732.5524266,data\session_20260519_173652_663f90\data_graph\data_graph_120s\graph_001.json,16,0,onnx,w000000,False,True,False,False,,few_keystrokes(1),,
311,session_20260519_173652_663f90,dem,browser_mp03ekmbeazr37,w000001,1779208732.5524266,1779208852.5524266,data\session_20260519_173652_663f90\data_graph\data_graph_120s\graph_002.json,16,3,onnx,w000001,False,False,False,False,,,,
312,session_20260519_173652_663f90,dem,browser_mp03ekmbeazr37,w000002,1779208852.5524266,1779208972.5524266,data\session_20260519_173652_663f90\data_graph\data_graph_120s\graph_003.json,8,0,onnx,w000002,False,True,False,False,,few_keystrokes(0),,
313,session_20260519_173652_663f90,dem,browser_mp03ekmbeazr37,w000003,1779208972.5524266,1779209092.5524266,data\session_20260519_173652_663f90\data_graph\data_graph_120s\graph_004.json,10,0,onnx,w000003,False,True,False,False,,few_keystrokes(0),,
314,session_20260519_173652_663f90,dem,browser_mp03ekmbeazr37,w000004,1779209092.5524266,1779209212.5524266,data\session_20260519_173652_663f90\data_graph\data_graph_120s\graph_005.json,8,0,onnx,w000004,False,True,False,False,,few_keystrokes(0),,
315,session_20260519_173652_663f90,dem,browser_mp03ekmbeazr37,w000005,1779209212.5524266,1779209332.5524266,data\session_20260519_173652_663f90\data_graph\data_graph_120s\graph_006.json,17,0,onnx,w000005,False,True,False,False,,few_keystrokes(0),,
316,session_20260519_173652_663f90,dem,browser_mp03ekmbeazr37,w000006,1779209332.5524266,1779209452.5524266,data\session_20260519_173652_663f90\data_graph\data_graph_120s\graph_007.json,6,0,onnx,w000006,False,True,False,False,,few_keystrokes(0),,
317,session_20260519_173652_663f90,dem,browser_mp03ekmbeazr37,w000007,1779209452.5524266,1779209572.5524266,data\session_20260519_173652_663f90\data_graph\data_graph_120s\graph_008.json,23,0,onnx,w000007,False,True,False,False,,few_keystrokes(0),,
318,session_20260519_173652_663f90,dem,browser_mp03ekmbeazr37,w000008,1779209572.5524266,1779209692.5524266,data\session_20260519_173652_663f90\data_graph\data_graph_120s\graph_009.json,20,1,onnx,w000008,False,False,False,False,,,,
319,session_20260519_173652_663f90,dem,browser_mp03ekmbeazr37,w000009,1779209692.5524266,1779209812.5524266,data\session_20260519_173652_663f90\data_graph\data_graph_120s\graph_010.json,19,1,onnx,w000009,False,False,False,False,,,,
320,session_20260519_173652_663f90,dem,browser_mp03ekmbeazr37,w000010,1779209812.5524266,1779209932.5524266,data\session_20260519_173652_663f90\data_graph\data_graph_120s\graph_011.json,15,3,onnx,w000010,False,False,False,False,,,,
321,session_20260519_173652_663f90,dem,browser_mp03ekmbeazr37,w000011,1779209932.5524266,1779210052.5524266,data\session_20260519_173652_663f90\data_graph\data_graph_120s\graph_012.json,25,0,onnx,w000011,False,True,False,False,,few_keystrokes(0),,
322,session_20260519_173652_663f90,dem,browser_mp03ekmbeazr37,w000012,1779210052.5524266,1779210172.5524266,data\session_20260519_173652_663f90\data_graph\data_graph_120s\graph_013.json,20,1,onnx,w000012,False,False,False,False,,,,
323,session_20260519_173652_663f90,dem,browser_mp03ekmbeazr37,w000013,1779210172.5524266,1779210292.5524266,data\session_20260519_173652_663f90\data_graph\data_graph_120s\graph_014.json,22,0,onnx,w000013,False,True,False,False,,few_keystrokes(4),,
324,session_20260519_173652_663f90,dem,browser_mp03ekmbeazr37,w000014,1779210292.5524266,1779210412.5524266,data\session_20260519_173652_663f90\data_graph\data_graph_120s\graph_015.json,18,2,onnx,w000014,False,False,False,False,,,,
325,session_20260519_173652_663f90,dem,browser_mp03ekmbeazr37,w000015,1779210412.5524266,1779210412.7157,data\session_20260519_173652_663f90\data_graph\data_graph_120s\graph_016.json,0,0,onnx,w000015,True,True,False,False,few_events(0),few_keystrokes(0),,
326,session_20260519_182012_30aa98,dem,browser_mp03ekmbeazr37,w000000,1779211212.477189,1779211332.477189,data\session_20260519_182012_30aa98\data_graph\data_graph_120s\graph_001.json,3,52,onnx,w000000,False,False,False,False,,,,
327,session_20260519_182012_30aa98,dem,browser_mp03ekmbeazr37,w000001,1779211332.477189,1779211452.477189,data\session_20260519_182012_30aa98\data_graph\data_graph_120s\graph_002.json,2,45,onnx,w000001,False,False,False,False,,,,
328,session_20260519_182012_30aa98,dem,browser_mp03ekmbeazr37,w000002,1779211452.477189,1779211572.477189,data\session_20260519_182012_30aa98\data_graph\data_graph_120s\graph_003.json,14,1,onnx,w000002,False,False,False,False,,,,
329,session_20260519_182012_30aa98,dem,browser_mp03ekmbeazr37,w000003,1779211572.477189,1779211692.477189,data\session_20260519_182012_30aa98\data_graph\data_graph_120s\graph_004.json,20,0,onnx,w000003,False,True,False,False,,few_keystrokes(3),,
330,session_20260519_182012_30aa98,dem,browser_mp03ekmbeazr37,w000004,1779211692.477189,1779211812.477189,data\session_20260519_182012_30aa98\data_graph\data_graph_120s\graph_005.json,12,6,onnx,w000004,False,False,False,False,,,,
331,session_20260519_182012_30aa98,dem,browser_mp03ekmbeazr37,w000005,1779211812.477189,1779211932.477189,data\session_20260519_182012_30aa98\data_graph\data_graph_120s\graph_006.json,17,0,onnx,w000005,False,True,False,False,,few_keystrokes(0),,
332,session_20260519_182012_30aa98,dem,browser_mp03ekmbeazr37,w000006,1779211932.477189,1779212052.477189,data\session_20260519_182012_30aa98\data_graph\data_graph_120s\graph_007.json,4,17,onnx,w000006,False,False,False,False,,,,
333,session_20260519_182012_30aa98,dem,browser_mp03ekmbeazr37,w000007,1779212052.477189,1779212172.477189,data\session_20260519_182012_30aa98\data_graph\data_graph_120s\graph_008.json,13,0,onnx,w000007,False,True,False,False,,few_keystrokes(3),,
334,session_20260519_182012_30aa98,dem,browser_mp03ekmbeazr37,w000008,1779212172.477189,1779212292.477189,data\session_20260519_182012_30aa98\data_graph\data_graph_120s\graph_009.json,21,1,onnx,w000008,False,False,False,False,,,,
335,session_20260519_182012_30aa98,dem,browser_mp03ekmbeazr37,w000009,1779212292.477189,1779212412.477189,data\session_20260519_182012_30aa98\data_graph\data_graph_120s\graph_010.json,17,0,onnx,w000009,False,True,False,False,,few_keystrokes(0),,
336,session_20260519_182012_30aa98,dem,browser_mp03ekmbeazr37,w000010,1779212412.477189,1779212532.477189,data\session_20260519_182012_30aa98\data_graph\data_graph_120s\graph_011.json,5,23,onnx,w000010,False,False,False,False,,,,
337,session_20260519_182012_30aa98,dem,browser_mp03ekmbeazr37,w000011,1779212532.477189,1779212652.477189,data\session_20260519_182012_30aa98\data_graph\data_graph_120s\graph_012.json,7,12,onnx,w000011,False,False,False,False,,,,
338,session_20260519_182012_30aa98,dem,browser_mp03ekmbeazr37,w000012,1779212652.477189,1779212772.477189,data\session_20260519_182012_30aa98\data_graph\data_graph_120s\graph_013.json,11,7,onnx,w000012,False,False,False,False,,,,
339,session_20260519_182012_30aa98,dem,browser_mp03ekmbeazr37,w000013,1779212772.477189,1779212892.477189,data\session_20260519_182012_30aa98\data_graph\data_graph_120s\graph_014.json,20,0,onnx,w000013,False,True,False,False,,few_keystrokes(0),,
340,session_20260519_182012_30aa98,dem,browser_mp03ekmbeazr37,w000014,1779212892.477189,1779213012.477189,data\session_20260519_182012_30aa98\data_graph\data_graph_120s\graph_015.json,17,0,onnx,w000014,False,True,False,False,,few_keystrokes(0),,
341,session_20260519_182012_30aa98,dem,browser_mp03ekmbeazr37,w000015,1779213012.477189,1779213012.606699,data\session_20260519_182012_30aa98\data_graph\data_graph_120s\graph_016.json,0,0,onnx,w000015,True,True,False,False,few_events(0),few_keystrokes(0),,
342,session_20260519_190457_ea6bb1,dem,browser_mp03ekmbeazr37,w000000,1779213897.9431384,1779214017.9431384,data\session_20260519_190457_ea6bb1\data_graph\data_graph_120s\graph_001.json,5,29,onnx,w000000,False,False,False,False,,,,
343,session_20260519_190457_ea6bb1,dem,browser_mp03ekmbeazr37,w000001,1779214017.9431384,1779214137.9431384,data\session_20260519_190457_ea6bb1\data_graph\data_graph_120s\graph_002.json,1,47,onnx,w000001,False,False,False,False,,,,
344,session_20260519_190457_ea6bb1,dem,browser_mp03ekmbeazr37,w000002,1779214137.9431384,1779214257.9431384,data\session_20260519_190457_ea6bb1\data_graph\data_graph_120s\graph_003.json,18,10,onnx,w000002,False,False,False,False,,,,
345,session_20260519_190457_ea6bb1,dem,browser_mp03ekmbeazr37,w000003,1779214257.9431384,1779214377.9431384,data\session_20260519_190457_ea6bb1\data_graph\data_graph_120s\graph_004.json,2,1,onnx,w000003,False,False,False,False,,,,
346,session_20260519_190457_ea6bb1,dem,browser_mp03ekmbeazr37,w000004,1779214377.9431384,1779214497.9431384,data\session_20260519_190457_ea6bb1\data_graph\data_graph_120s\graph_005.json,3,0,onnx,w000004,False,True,False,False,,few_keystrokes(0),,
347,session_20260519_190457_ea6bb1,dem,browser_mp03ekmbeazr37,w000005,1779214497.9431384,1779214617.9431384,data\session_20260519_190457_ea6bb1\data_graph\data_graph_120s\graph_006.json,1,8,onnx,w000005,False,False,False,False,,,,
348,session_20260519_190457_ea6bb1,dem,browser_mp03ekmbeazr37,w000006,1779214617.9431384,1779214737.9431384,data\session_20260519_190457_ea6bb1\data_graph\data_graph_120s\graph_007.json,7,14,onnx,w000006,False,False,False,False,,,,
349,session_20260519_190457_ea6bb1,dem,browser_mp03ekmbeazr37,w000007,1779214737.9431384,1779214857.9431384,data\session_20260519_190457_ea6bb1\data_graph\data_graph_120s\graph_008.json,0,38,onnx,w000007,True,False,False,False,few_events(15),,,
350,session_20260519_190457_ea6bb1,dem,browser_mp03ekmbeazr37,w000008,1779214857.9431384,1779214977.9431384,data\session_20260519_190457_ea6bb1\data_graph\data_graph_120s\graph_009.json,22,0,onnx,w000008,False,True,False,False,,few_keystrokes(0),,
351,session_20260519_190457_ea6bb1,dem,browser_mp03ekmbeazr37,w000009,1779214977.9431384,1779215097.9431384,data\session_20260519_190457_ea6bb1\data_graph\data_graph_120s\graph_010.json,16,0,onnx,w000009,False,True,False,False,,few_keystrokes(0),,
352,session_20260519_190457_ea6bb1,dem,browser_mp03ekmbeazr37,w000010,1779215097.9431384,1779215217.9431384,data\session_20260519_190457_ea6bb1\data_graph\data_graph_120s\graph_011.json,17,9,onnx,w000010,False,False,False,False,,,,
353,session_20260519_190457_ea6bb1,dem,browser_mp03ekmbeazr37,w000011,1779215217.9431384,1779215337.9431384,data\session_20260519_190457_ea6bb1\data_graph\data_graph_120s\graph_012.json,1,35,onnx,w000011,False,False,False,False,,,,
354,session_20260519_190457_ea6bb1,dem,browser_mp03ekmbeazr37,w000012,1779215337.9431384,1779215457.9431384,data\session_20260519_190457_ea6bb1\data_graph\data_graph_120s\graph_013.json,14,10,onnx,w000012,False,False,False,False,,,,
355,session_20260519_190457_ea6bb1,dem,browser_mp03ekmbeazr37,w000013,1779215457.9431384,1779215577.9431384,data\session_20260519_190457_ea6bb1\data_graph\data_graph_120s\graph_014.json,13,3,onnx,w000013,False,False,False,False,,,,
356,session_20260519_190457_ea6bb1,dem,browser_mp03ekmbeazr37,w000014,1779215577.9431384,1779215697.9431384,data\session_20260519_190457_ea6bb1\data_graph\data_graph_120s\graph_015.json,10,23,onnx,w000014,False,False,False,False,,,,
357,session_20260519_190457_ea6bb1,dem,browser_mp03ekmbeazr37,w000015,1779215697.9431384,1779215697.9992476,data\session_20260519_190457_ea6bb1\data_graph\data_graph_120s\graph_016.json,0,0,onnx,w000015,True,True,False,False,few_events(7),few_keystrokes(0),,
358,session_20260520_170354_7f6034,ignorant,device_38967b2d,w000000,1779293034.9197156,1779293154.9197156,data\session_20260520_170354_7f6034\data_graph\data_graph_120s\graph_001.json,1,0,onnx,w000000,False,True,False,False,,few_keystrokes(1),,
359,session_20260520_170354_7f6034,ignorant,device_38967b2d,w000001,1779293154.9197156,1779293274.9197156,data\session_20260520_170354_7f6034\data_graph\data_graph_120s\graph_002.json,0,0,onnx,w000001,True,True,False,False,few_events(0),few_keystrokes(0),,
360,session_20260520_170354_7f6034,ignorant,device_38967b2d,w000002,1779293274.9197156,1779293394.9197156,data\session_20260520_170354_7f6034\data_graph\data_graph_120s\graph_003.json,0,0,onnx,w000002,True,True,False,False,few_events(0),few_keystrokes(0),,
361,session_20260520_170354_7f6034,ignorant,device_38967b2d,w000003,1779293394.9197156,1779293514.9197156,data\session_20260520_170354_7f6034\data_graph\data_graph_120s\graph_004.json,1,0,onnx,w000003,False,True,False,False,,few_keystrokes(0),,
362,session_20260520_170354_7f6034,ignorant,device_38967b2d,w000004,1779293514.9197156,1779293634.9197156,data\session_20260520_170354_7f6034\data_graph\data_graph_120s\graph_005.json,0,0,onnx,w000004,True,True,False,False,few_events(0),few_keystrokes(0),,
363,session_20260520_170354_7f6034,ignorant,device_38967b2d,w000005,1779293634.9197156,1779293754.9197156,data\session_20260520_170354_7f6034\data_graph\data_graph_120s\graph_006.json,1,0,onnx,w000005,False,True,False,False,,few_keystrokes(0),,
364,session_20260520_170354_7f6034,ignorant,device_38967b2d,w000006,1779293754.9197156,1779293874.9197156,data\session_20260520_170354_7f6034\data_graph\data_graph_120s\graph_007.json,0,0,onnx,w000006,True,True,False,False,few_events(0),few_keystrokes(0),,
365,session_20260520_170354_7f6034,ignorant,device_38967b2d,w000007,1779293874.9197156,1779293994.9197156,data\session_20260520_170354_7f6034\data_graph\data_graph_120s\graph_008.json,0,0,onnx,w000007,True,True,False,False,few_events(0),few_keystrokes(0),,
366,session_20260520_170354_7f6034,ignorant,device_38967b2d,w000008,1779293994.9197156,1779294114.9197156,data\session_20260520_170354_7f6034\data_graph\data_graph_120s\graph_009.json,1,0,onnx,w000008,False,True,False,False,,few_keystrokes(0),,
367,session_20260520_170354_7f6034,ignorant,device_38967b2d,w000009,1779294114.9197156,1779294234.9197156,data\session_20260520_170354_7f6034\data_graph\data_graph_120s\graph_010.json,0,0,onnx,w000009,True,True,False,False,few_events(0),few_keystrokes(1),,
368,session_20260520_170354_7f6034,ignorant,device_38967b2d,w000010,1779294234.9197156,1779294354.9197156,data\session_20260520_170354_7f6034\data_graph\data_graph_120s\graph_011.json,1,0,onnx,w000010,False,True,False,False,,few_keystrokes(0),,
369,session_20260520_170354_7f6034,ignorant,device_38967b2d,w000011,1779294354.9197156,1779294474.9197156,data\session_20260520_170354_7f6034\data_graph\data_graph_120s\graph_012.json,0,0,onnx,w000011,True,True,False,False,few_events(0),few_keystrokes(0),,
370,session_20260520_170354_7f6034,ignorant,device_38967b2d,w000012,1779294474.9197156,1779294594.9197156,data\session_20260520_170354_7f6034\data_graph\data_graph_120s\graph_013.json,1,1,onnx,w000012,False,False,False,False,,,,
371,session_20260520_170354_7f6034,ignorant,device_38967b2d,w000013,1779294594.9197156,1779294714.9197156,data\session_20260520_170354_7f6034\data_graph\data_graph_120s\graph_014.json,0,0,onnx,w000013,True,True,False,False,few_events(0),few_keystrokes(0),,
372,session_20260520_170354_7f6034,ignorant,device_38967b2d,w000014,1779294714.9197156,1779294834.9197156,data\session_20260520_170354_7f6034\data_graph\data_graph_120s\graph_015.json,1,0,onnx,w000014,False,True,False,False,,few_keystrokes(0),,
373,session_20260520_170354_7f6034,ignorant,device_38967b2d,w000015,1779294834.9197156,1779294834.9347138,data\session_20260520_170354_7f6034\data_graph\data_graph_120s\graph_016.json,0,0,onnx,w000015,True,True,False,False,few_events(0),few_keystrokes(0),,
374,session_20260520_181016_d6e98d,dem,browser_mp03ekmbeazr37,w000000,1779297016.9046645,1779297136.9046645,data\session_20260520_181016_d6e98d\data_graph\data_graph_120s\graph_001.json,18,1,onnx,w000000,False,False,False,False,,,,
375,session_20260520_181016_d6e98d,dem,browser_mp03ekmbeazr37,w000001,1779297136.9046645,1779297256.9046645,data\session_20260520_181016_d6e98d\data_graph\data_graph_120s\graph_002.json,12,0,onnx,w000001,False,True,False,False,,few_keystrokes(4),,
376,session_20260520_181016_d6e98d,dem,browser_mp03ekmbeazr37,w000002,1779297256.9046645,1779297376.9046645,data\session_20260520_181016_d6e98d\data_graph\data_graph_120s\graph_003.json,18,4,onnx,w000002,False,False,False,False,,,,
377,session_20260520_181016_d6e98d,dem,browser_mp03ekmbeazr37,w000003,1779297376.9046645,1779297496.9046645,data\session_20260520_181016_d6e98d\data_graph\data_graph_120s\graph_004.json,2,0,onnx,w000003,False,True,False,False,,few_keystrokes(3),,
378,session_20260520_181016_d6e98d,dem,browser_mp03ekmbeazr37,w000004,1779297496.9046645,1779297616.9046645,data\session_20260520_181016_d6e98d\data_graph\data_graph_120s\graph_005.json,1,0,onnx,w000004,False,True,False,False,,few_keystrokes(0),,
379,session_20260520_181016_d6e98d,dem,browser_mp03ekmbeazr37,w000005,1779297616.9046645,1779297736.9046645,data\session_20260520_181016_d6e98d\data_graph\data_graph_120s\graph_006.json,2,0,onnx,w000005,False,True,False,False,,few_keystrokes(0),,
380,session_20260520_181016_d6e98d,dem,browser_mp03ekmbeazr37,w000006,1779297736.9046645,1779297856.9046645,data\session_20260520_181016_d6e98d\data_graph\data_graph_120s\graph_007.json,14,1,onnx,w000006,False,False,False,False,,,,
381,session_20260520_181016_d6e98d,dem,browser_mp03ekmbeazr37,w000007,1779297856.9046645,1779297976.9046645,data\session_20260520_181016_d6e98d\data_graph\data_graph_120s\graph_008.json,2,0,onnx,w000007,False,True,False,False,,few_keystrokes(1),,
382,session_20260520_181016_d6e98d,dem,browser_mp03ekmbeazr37,w000008,1779297976.9046645,1779298096.9046645,data\session_20260520_181016_d6e98d\data_graph\data_graph_120s\graph_009.json,12,1,onnx,w000008,False,False,False,False,,,,
383,session_20260520_181016_d6e98d,dem,browser_mp03ekmbeazr37,w000009,1779298096.9046645,1779298216.9046645,data\session_20260520_181016_d6e98d\data_graph\data_graph_120s\graph_010.json,14,19,onnx,w000009,False,False,False,False,,,,
384,session_20260520_181016_d6e98d,dem,browser_mp03ekmbeazr37,w000010,1779298216.9046645,1779298336.9046645,data\session_20260520_181016_d6e98d\data_graph\data_graph_120s\graph_011.json,7,10,onnx,w000010,False,False,False,False,,,,
385,session_20260520_181016_d6e98d,dem,browser_mp03ekmbeazr37,w000011,1779298336.9046645,1779298456.9046645,data\session_20260520_181016_d6e98d\data_graph\data_graph_120s\graph_012.json,16,0,onnx,w000011,False,True,False,False,,few_keystrokes(2),,
386,session_20260520_181016_d6e98d,dem,browser_mp03ekmbeazr37,w000012,1779298456.9046645,1779298576.9046645,data\session_20260520_181016_d6e98d\data_graph\data_graph_120s\graph_013.json,19,0,onnx,w000012,False,True,False,False,,few_keystrokes(4),,
387,session_20260520_181016_d6e98d,dem,browser_mp03ekmbeazr37,w000013,1779298576.9046645,1779298696.9046645,data\session_20260520_181016_d6e98d\data_graph\data_graph_120s\graph_014.json,1,0,onnx,w000013,False,True,False,False,,few_keystrokes(4),,
388,session_20260520_181016_d6e98d,dem,browser_mp03ekmbeazr37,w000014,1779298696.9046645,1779298816.8457136,data\session_20260520_181016_d6e98d\data_graph\data_graph_120s\graph_015.json,1,0,onnx,w000014,False,True,False,False,,few_keystrokes(0),,
389,session_20260520_185932_829e70,dem,browser_mp03ekmbeazr37,w000000,1779299972.7809308,1779300092.7809308,data\session_20260520_185932_829e70\data_graph\data_graph_120s\graph_001.json,2,0,onnx,w000000,False,True,False,False,,few_keystrokes(0),,
390,session_20260520_185932_829e70,dem,browser_mp03ekmbeazr37,w000001,1779300092.7809308,1779300212.7809308,data\session_20260520_185932_829e70\data_graph\data_graph_120s\graph_002.json,3,0,onnx,w000001,False,True,False,False,,few_keystrokes(1),,
391,session_20260520_185932_829e70,dem,browser_mp03ekmbeazr37,w000002,1779300212.7809308,1779300332.7809308,data\session_20260520_185932_829e70\data_graph\data_graph_120s\graph_003.json,10,0,onnx,w000002,False,True,False,False,,few_keystrokes(1),,
392,session_20260520_185932_829e70,dem,browser_mp03ekmbeazr37,w000003,1779300332.7809308,1779300452.7809308,data\session_20260520_185932_829e70\data_graph\data_graph_120s\graph_004.json,22,1,onnx,w000003,False,False,False,False,,,,
393,session_20260520_185932_829e70,dem,browser_mp03ekmbeazr37,w000004,1779300452.7809308,1779300572.7809308,data\session_20260520_185932_829e70\data_graph\data_graph_120s\graph_005.json,12,0,onnx,w000004,False,True,False,False,,few_keystrokes(0),,
394,session_20260520_185932_829e70,dem,browser_mp03ekmbeazr37,w000005,1779300572.7809308,1779300692.7809308,data\session_20260520_185932_829e70\data_graph\data_graph_120s\graph_006.json,14,4,onnx,w000005,False,False,False,False,,,,
395,session_20260520_185932_829e70,dem,browser_mp03ekmbeazr37,w000006,1779300692.7809308,1779300812.7809308,data\session_20260520_185932_829e70\data_graph\data_graph_120s\graph_007.json,6,22,onnx,w000006,False,False,False,False,,,,
396,session_20260520_185932_829e70,dem,browser_mp03ekmbeazr37,w000007,1779300812.7809308,1779300932.7809308,data\session_20260520_185932_829e70\data_graph\data_graph_120s\graph_008.json,8,0,onnx,w000007,False,True,False,False,,few_keystrokes(4),,
397,session_20260520_185932_829e70,dem,browser_mp03ekmbeazr37,w000008,1779300932.7809308,1779301052.7809308,data\session_20260520_185932_829e70\data_graph\data_graph_120s\graph_009.json,1,0,onnx,w000008,False,True,False,False,,few_keystrokes(0),,
398,session_20260520_185932_829e70,dem,browser_mp03ekmbeazr37,w000009,1779301052.7809308,1779301172.7809308,data\session_20260520_185932_829e70\data_graph\data_graph_120s\graph_010.json,2,0,onnx,w000009,False,True,False,False,,few_keystrokes(0),,
399,session_20260520_185932_829e70,dem,browser_mp03ekmbeazr37,w000010,1779301172.7809308,1779301292.7809308,data\session_20260520_185932_829e70\data_graph\data_graph_120s\graph_011.json,8,0,onnx,w000010,False,True,False,False,,few_keystrokes(1),,
400,session_20260520_185932_829e70,dem,browser_mp03ekmbeazr37,w000011,1779301292.7809308,1779301412.7809308,data\session_20260520_185932_829e70\data_graph\data_graph_120s\graph_012.json,9,6,onnx,w000011,False,False,False,False,,,,
401,session_20260520_185932_829e70,dem,browser_mp03ekmbeazr37,w000012,1779301412.7809308,1779301532.7809308,data\session_20260520_185932_829e70\data_graph\data_graph_120s\graph_013.json,3,0,onnx,w000012,False,True,False,False,,few_keystrokes(0),,
402,session_20260520_185932_829e70,dem,browser_mp03ekmbeazr37,w000013,1779301532.7809308,1779301652.7809308,data\session_20260520_185932_829e70\data_graph\data_graph_120s\graph_014.json,3,0,onnx,w000013,False,True,False,False,,few_keystrokes(0),,
403,session_20260520_185932_829e70,dem,browser_mp03ekmbeazr37,w000014,1779301652.7809308,1779301772.592416,data\session_20260520_185932_829e70\data_graph\data_graph_120s\graph_015.json,12,10,onnx,w000014,False,False,False,False,,,,
404,session_20260520_205609_c34357,dem,browser_mp03ekmbeazr37,w000000,1779306969.8284686,1779307089.8284686,data\session_20260520_205609_c34357\data_graph\data_graph_120s\graph_001.json,4,10,onnx,w000000,False,False,False,False,,,,
405,session_20260520_205609_c34357,dem,browser_mp03ekmbeazr37,w000001,1779307089.8284686,1779307209.8284686,data\session_20260520_205609_c34357\data_graph\data_graph_120s\graph_002.json,2,8,onnx,w000001,False,False,False,False,,,,
406,session_20260520_205609_c34357,dem,browser_mp03ekmbeazr37,w000002,1779307209.8284686,1779307329.8284686,data\session_20260520_205609_c34357\data_graph\data_graph_120s\graph_003.json,9,4,onnx,w000002,False,False,False,False,,,,
407,session_20260520_205609_c34357,dem,browser_mp03ekmbeazr37,w000003,1779307329.8284686,1779307449.8284686,data\session_20260520_205609_c34357\data_graph\data_graph_120s\graph_004.json,15,1,onnx,w000003,False,False,False,False,,,,
408,session_20260520_205609_c34357,dem,browser_mp03ekmbeazr37,w000004,1779307449.8284686,1779307569.8284686,data\session_20260520_205609_c34357\data_graph\data_graph_120s\graph_005.json,17,1,onnx,w000004,False,False,False,False,,,,
409,session_20260520_205609_c34357,dem,browser_mp03ekmbeazr37,w000005,1779307569.8284686,1779307689.8284686,data\session_20260520_205609_c34357\data_graph\data_graph_120s\graph_006.json,20,0,onnx,w000005,False,True,False,False,,few_keystrokes(3),,
410,session_20260520_205609_c34357,dem,browser_mp03ekmbeazr37,w000006,1779307689.8284686,1779307809.8284686,data\session_20260520_205609_c34357\data_graph\data_graph_120s\graph_007.json,13,1,onnx,w000006,False,False,False,False,,,,
411,session_20260520_205609_c34357,dem,browser_mp03ekmbeazr37,w000007,1779307809.8284686,1779307869.8854408,data\session_20260520_205609_c34357\data_graph\data_graph_120s\graph_008.json,5,2,onnx,w000007,False,False,False,False,,,,
412,session_20260520_220220_20835b,hffz,device_ac8d6b93,w000000,1779310941.0458922,1779311061.0458922,data\session_20260520_220220_20835b\data_graph\data_graph_120s\graph_001.json,10,6,onnx,w000000,False,False,False,False,,,,
413,session_20260520_220220_20835b,hffz,device_ac8d6b93,w000001,1779311061.0458922,1779311159.8388383,data\session_20260520_220220_20835b\data_graph\data_graph_120s\graph_002.json,9,2,onnx,w000001,False,False,False,False,,,,
414,session_20260520_222844_7c414b,hffz,device_740f6f87,w000000,1779312524.471316,1779312644.471316,data\session_20260520_222844_7c414b\data_graph\data_graph_120s\graph_001.json,13,1,onnx,w000000,False,False,False,False,,,,
415,session_20260520_222844_7c414b,hffz,device_740f6f87,w000001,1779312644.471316,1779312764.471316,data\session_20260520_222844_7c414b\data_graph\data_graph_120s\graph_002.json,11,1,onnx,w000001,False,False,False,False,,,,
416,session_20260520_222844_7c414b,hffz,device_740f6f87,w000002,1779312764.471316,1779312884.471316,data\session_20260520_222844_7c414b\data_graph\data_graph_120s\graph_003.json,13,1,onnx,w000002,False,False,False,False,,,,
417,session_20260520_222844_7c414b,hffz,device_740f6f87,w000003,1779312884.471316,1779313004.471316,data\session_20260520_222844_7c414b\data_graph\data_graph_120s\graph_004.json,8,1,onnx,w000003,False,False,False,False,,,,
418,session_20260520_222844_7c414b,hffz,device_740f6f87,w000004,1779313004.471316,1779313124.471316,data\session_20260520_222844_7c414b\data_graph\data_graph_120s\graph_005.json,8,1,onnx,w000004,False,False,False,False,,,,
419,session_20260520_222844_7c414b,hffz,device_740f6f87,w000005,1779313124.471316,1779313244.471316,data\session_20260520_222844_7c414b\data_graph\data_graph_120s\graph_006.json,0,0,onnx,w000005,True,True,False,False,few_events(0),few_keystrokes(0),,
420,session_20260520_222844_7c414b,hffz,device_740f6f87,w000006,1779313244.471316,1779313364.471316,data\session_20260520_222844_7c414b\data_graph\data_graph_120s\graph_007.json,0,0,onnx,w000006,True,True,False,False,few_events(0),few_keystrokes(0),,
421,session_20260520_222844_7c414b,hffz,device_740f6f87,w000007,1779313364.471316,1779313484.471316,data\session_20260520_222844_7c414b\data_graph\data_graph_120s\graph_008.json,0,0,onnx,w000007,True,True,False,False,few_events(0),few_keystrokes(0),,
422,session_20260520_222844_7c414b,hffz,device_740f6f87,w000008,1779313484.471316,1779313604.471316,data\session_20260520_222844_7c414b\data_graph\data_graph_120s\graph_009.json,1,0,onnx,w000008,False,True,False,False,,few_keystrokes(0),,
423,session_20260520_222844_7c414b,hffz,device_740f6f87,w000009,1779313604.471316,1779313724.471316,data\session_20260520_222844_7c414b\data_graph\data_graph_120s\graph_010.json,0,0,onnx,w000009,True,True,False,False,few_events(0),few_keystrokes(0),,
424,session_20260520_222844_7c414b,hffz,device_740f6f87,w000010,1779313724.471316,1779313844.471316,data\session_20260520_222844_7c414b\data_graph\data_graph_120s\graph_011.json,0,0,onnx,w000010,True,True,False,False,few_events(0),few_keystrokes(0),,
425,session_20260520_222844_7c414b,hffz,device_740f6f87,w000011,1779313844.471316,1779313964.471316,data\session_20260520_222844_7c414b\data_graph\data_graph_120s\graph_012.json,0,0,onnx,w000011,True,True,False,False,few_events(2),few_keystrokes(0),,
426,session_20260520_222844_7c414b,hffz,device_740f6f87,w000012,1779313964.471316,1779314084.471316,data\session_20260520_222844_7c414b\data_graph\data_graph_120s\graph_013.json,5,0,onnx,w000012,False,True,False,False,,few_keystrokes(2),,
427,session_20260520_222844_7c414b,hffz,device_740f6f87,w000013,1779314084.471316,1779314204.471316,data\session_20260520_222844_7c414b\data_graph\data_graph_120s\graph_014.json,1,0,onnx,w000013,False,True,False,False,,few_keystrokes(0),,
428,session_20260520_222844_7c414b,hffz,device_740f6f87,w000014,1779314204.471316,1779314324.471316,data\session_20260520_222844_7c414b\data_graph\data_graph_120s\graph_015.json,10,2,onnx,w000014,False,False,False,False,,,,
429,session_20260520_222844_7c414b,hffz,device_740f6f87,w000015,1779314324.471316,1779314444.471316,data\session_20260520_222844_7c414b\data_graph\data_graph_120s\graph_016.json,9,0,onnx,w000015,False,True,False,False,,few_keystrokes(0),,
430,session_20260520_222844_7c414b,hffz,device_740f6f87,w000016,1779314444.471316,1779314564.471316,data\session_20260520_222844_7c414b\data_graph\data_graph_120s\graph_017.json,6,0,onnx,w000016,False,True,False,False,,few_keystrokes(3),,
431,session_20260520_222844_7c414b,hffz,device_740f6f87,w000017,1779314564.471316,1779314684.471316,data\session_20260520_222844_7c414b\data_graph\data_graph_120s\graph_018.json,1,0,onnx,w000017,False,True,False,False,,few_keystrokes(0),,
432,session_20260520_222844_7c414b,hffz,device_740f6f87,w000018,1779314684.471316,1779314804.471316,data\session_20260520_222844_7c414b\data_graph\data_graph_120s\graph_019.json,8,0,onnx,w000018,False,True,False,False,,few_keystrokes(0),,
433,session_20260520_222844_7c414b,hffz,device_740f6f87,w000019,1779314804.471316,1779314924.471316,data\session_20260520_222844_7c414b\data_graph\data_graph_120s\graph_020.json,4,1,onnx,w000019,False,False,False,False,,,,
434,session_20260520_222844_7c414b,hffz,device_740f6f87,w000020,1779314924.471316,1779315044.471316,data\session_20260520_222844_7c414b\data_graph\data_graph_120s\graph_021.json,1,0,onnx,w000020,False,True,False,False,,few_keystrokes(0),,
435,session_20260520_222844_7c414b,hffz,device_740f6f87,w000021,1779315044.471316,1779315164.471316,data\session_20260520_222844_7c414b\data_graph\data_graph_120s\graph_022.json,1,0,onnx,w000021,False,True,False,False,,few_keystrokes(0),,
436,session_20260520_222844_7c414b,hffz,device_740f6f87,w000022,1779315164.471316,1779315284.471316,data\session_20260520_222844_7c414b\data_graph\data_graph_120s\graph_023.json,6,0,onnx,w000022,False,True,False,False,,few_keystrokes(0),,
437,session_20260520_222844_7c414b,hffz,device_740f6f87,w000023,1779315284.471316,1779315404.471316,data\session_20260520_222844_7c414b\data_graph\data_graph_120s\graph_024.json,8,0,onnx,w000023,False,True,False,False,,few_keystrokes(0),,
438,session_20260520_222844_7c414b,hffz,device_740f6f87,w000024,1779315404.471316,1779315524.471316,data\session_20260520_222844_7c414b\data_graph\data_graph_120s\graph_025.json,0,0,onnx,w000024,True,True,False,False,few_events(6),few_keystrokes(0),,
439,session_20260520_222844_7c414b,hffz,device_740f6f87,w000025,1779315524.471316,1779315644.471316,data\session_20260520_222844_7c414b\data_graph\data_graph_120s\graph_026.json,0,0,onnx,w000025,True,True,False,False,few_events(0),few_keystrokes(0),,
440,session_20260520_222844_7c414b,hffz,device_740f6f87,w000026,1779315644.471316,1779315764.471316,data\session_20260520_222844_7c414b\data_graph\data_graph_120s\graph_027.json,1,0,onnx,w000026,False,True,False,False,,few_keystrokes(0),,
441,session_20260520_222844_7c414b,hffz,device_740f6f87,w000027,1779315764.471316,1779315884.471316,data\session_20260520_222844_7c414b\data_graph\data_graph_120s\graph_028.json,3,1,onnx,w000027,False,False,False,False,,,,
442,session_20260520_222844_7c414b,hffz,device_740f6f87,w000028,1779315884.471316,1779316004.471316,data\session_20260520_222844_7c414b\data_graph\data_graph_120s\graph_029.json,2,0,onnx,w000028,False,True,False,False,,few_keystrokes(0),,
443,session_20260520_222844_7c414b,hffz,device_740f6f87,w000029,1779316004.471316,1779316124.471316,data\session_20260520_222844_7c414b\data_graph\data_graph_120s\graph_030.json,0,0,onnx,w000029,True,True,False,False,few_events(0),few_keystrokes(0),,
444,session_20260520_222844_7c414b,hffz,device_740f6f87,w000030,1779316124.471316,1779316124.496487,data\session_20260520_222844_7c414b\data_graph\data_graph_120s\graph_031.json,0,0,onnx,w000030,True,True,False,False,few_events(0),few_keystrokes(0),,
445,session_20260521_174609_da1dd3,dem,browser_mp03ekmbeazr37,w000000,1779381969.6096494,1779382089.6096494,data\session_20260521_174609_da1dd3\data_graph\data_graph_120s\graph_001.json,20,1,onnx,w000000,False,False,False,False,,,,
446,session_20260521_174609_da1dd3,dem,browser_mp03ekmbeazr37,w000001,1779382089.6096494,1779382209.6096494,data\session_20260521_174609_da1dd3\data_graph\data_graph_120s\graph_002.json,18,0,onnx,w000001,False,True,False,False,,few_keystrokes(0),,
447,session_20260521_174609_da1dd3,dem,browser_mp03ekmbeazr37,w000002,1779382209.6096494,1779382329.6096494,data\session_20260521_174609_da1dd3\data_graph\data_graph_120s\graph_003.json,25,0,onnx,w000002,False,True,False,False,,few_keystrokes(0),,
448,session_20260521_174609_da1dd3,dem,browser_mp03ekmbeazr37,w000003,1779382329.6096494,1779382449.6096494,data\session_20260521_174609_da1dd3\data_graph\data_graph_120s\graph_004.json,25,0,onnx,w000003,False,True,False,False,,few_keystrokes(0),,
449,session_20260521_174609_da1dd3,dem,browser_mp03ekmbeazr37,w000004,1779382449.6096494,1779382569.6096494,data\session_20260521_174609_da1dd3\data_graph\data_graph_120s\graph_005.json,15,0,onnx,w000004,False,True,False,False,,few_keystrokes(0),,
450,session_20260521_174609_da1dd3,dem,browser_mp03ekmbeazr37,w000005,1779382569.6096494,1779382689.6096494,data\session_20260521_174609_da1dd3\data_graph\data_graph_120s\graph_006.json,14,0,onnx,w000005,False,True,False,False,,few_keystrokes(0),,
451,session_20260521_174609_da1dd3,dem,browser_mp03ekmbeazr37,w000006,1779382689.6096494,1779382809.6096494,data\session_20260521_174609_da1dd3\data_graph\data_graph_120s\graph_007.json,21,0,onnx,w000006,False,True,False,False,,few_keystrokes(0),,
452,session_20260521_174609_da1dd3,dem,browser_mp03ekmbeazr37,w000007,1779382809.6096494,1779382929.6096494,data\session_20260521_174609_da1dd3\data_graph\data_graph_120s\graph_008.json,20,0,onnx,w000007,False,True,False,False,,few_keystrokes(0),,
453,session_20260521_174609_da1dd3,dem,browser_mp03ekmbeazr37,w000008,1779382929.6096494,1779383049.6096494,data\session_20260521_174609_da1dd3\data_graph\data_graph_120s\graph_009.json,20,0,onnx,w000008,False,True,False,False,,few_keystrokes(0),,
454,session_20260521_174609_da1dd3,dem,browser_mp03ekmbeazr37,w000009,1779383049.6096494,1779383169.6096494,data\session_20260521_174609_da1dd3\data_graph\data_graph_120s\graph_010.json,16,1,onnx,w000009,False,False,False,False,,,,
455,session_20260521_174609_da1dd3,dem,browser_mp03ekmbeazr37,w000010,1779383169.6096494,1779383289.6096494,data\session_20260521_174609_da1dd3\data_graph\data_graph_120s\graph_011.json,12,1,onnx,w000010,False,False,False,False,,,,
456,session_20260521_174609_da1dd3,dem,browser_mp03ekmbeazr37,w000011,1779383289.6096494,1779383409.6096494,data\session_20260521_174609_da1dd3\data_graph\data_graph_120s\graph_012.json,12,1,onnx,w000011,False,False,False,False,,,,
457,session_20260521_174609_da1dd3,dem,browser_mp03ekmbeazr37,w000012,1779383409.6096494,1779383529.6096494,data\session_20260521_174609_da1dd3\data_graph\data_graph_120s\graph_013.json,3,3,onnx,w000012,False,False,False,False,,,,
458,session_20260521_174609_da1dd3,dem,browser_mp03ekmbeazr37,w000013,1779383529.6096494,1779383649.6096494,data\session_20260521_174609_da1dd3\data_graph\data_graph_120s\graph_014.json,7,1,onnx,w000013,False,False,False,False,,,,
459,session_20260521_174609_da1dd3,dem,browser_mp03ekmbeazr37,w000014,1779383649.6096494,1779383769.5169623,data\session_20260521_174609_da1dd3\data_graph\data_graph_120s\graph_015.json,16,1,onnx,w000014,False,False,False,False,,,,
460,session_20260521_185046_ac3461,dem,browser_mp03ekmbeazr37,w000000,1779385847.06295,1779385967.06295,data\session_20260521_185046_ac3461\data_graph\data_graph_120s\graph_001.json,13,0,onnx,w000000,False,True,False,False,,few_keystrokes(4),,
461,session_20260521_185046_ac3461,dem,browser_mp03ekmbeazr37,w000001,1779385967.06295,1779386087.06295,data\session_20260521_185046_ac3461\data_graph\data_graph_120s\graph_002.json,21,1,onnx,w000001,False,False,False,False,,,,
462,session_20260521_185046_ac3461,dem,browser_mp03ekmbeazr37,w000002,1779386087.06295,1779386207.06295,data\session_20260521_185046_ac3461\data_graph\data_graph_120s\graph_003.json,22,0,onnx,w000002,False,True,False,False,,few_keystrokes(0),,
463,session_20260521_185046_ac3461,dem,browser_mp03ekmbeazr37,w000003,1779386207.06295,1779386327.06295,data\session_20260521_185046_ac3461\data_graph\data_graph_120s\graph_004.json,3,0,onnx,w000003,False,True,False,False,,few_keystrokes(0),,
464,session_20260521_185046_ac3461,dem,browser_mp03ekmbeazr37,w000004,1779386327.06295,1779386447.06295,data\session_20260521_185046_ac3461\data_graph\data_graph_120s\graph_005.json,9,0,onnx,w000004,False,True,False,False,,few_keystrokes(0),,
465,session_20260521_185046_ac3461,dem,browser_mp03ekmbeazr37,w000005,1779386447.06295,1779386567.06295,data\session_20260521_185046_ac3461\data_graph\data_graph_120s\graph_006.json,15,2,onnx,w000005,False,False,False,False,,,,
466,session_20260521_185046_ac3461,dem,browser_mp03ekmbeazr37,w000006,1779386567.06295,1779386687.06295,data\session_20260521_185046_ac3461\data_graph\data_graph_120s\graph_007.json,3,1,onnx,w000006,False,False,False,False,,,,
467,session_20260521_185046_ac3461,dem,browser_mp03ekmbeazr37,w000007,1779386687.06295,1779386807.06295,data\session_20260521_185046_ac3461\data_graph\data_graph_120s\graph_008.json,0,1,onnx,w000007,True,False,False,False,few_events(0),,,
468,session_20260521_185046_ac3461,dem,browser_mp03ekmbeazr37,w000008,1779386807.06295,1779386927.06295,data\session_20260521_185046_ac3461\data_graph\data_graph_120s\graph_009.json,8,4,onnx,w000008,False,False,False,False,,,,
469,session_20260521_185046_ac3461,dem,browser_mp03ekmbeazr37,w000009,1779386927.06295,1779387047.06295,data\session_20260521_185046_ac3461\data_graph\data_graph_120s\graph_010.json,6,9,onnx,w000009,False,False,False,False,,,,
470,session_20260521_185046_ac3461,dem,browser_mp03ekmbeazr37,w000010,1779387047.06295,1779387167.06295,data\session_20260521_185046_ac3461\data_graph\data_graph_120s\graph_011.json,9,4,onnx,w000010,False,False,False,False,,,,
471,session_20260521_185046_ac3461,dem,browser_mp03ekmbeazr37,w000011,1779387167.06295,1779387287.06295,data\session_20260521_185046_ac3461\data_graph\data_graph_120s\graph_012.json,14,17,onnx,w000011,False,False,False,False,,,,
472,session_20260521_185046_ac3461,dem,browser_mp03ekmbeazr37,w000012,1779387287.06295,1779387407.06295,data\session_20260521_185046_ac3461\data_graph\data_graph_120s\graph_013.json,25,0,onnx,w000012,False,True,False,False,,few_keystrokes(0),,
473,session_20260521_185046_ac3461,dem,browser_mp03ekmbeazr37,w000013,1779387407.06295,1779387527.06295,data\session_20260521_185046_ac3461\data_graph\data_graph_120s\graph_014.json,14,13,onnx,w000013,False,False,False,False,,,,
474,session_20260521_185046_ac3461,dem,browser_mp03ekmbeazr37,w000014,1779387527.06295,1779387647.06295,data\session_20260521_185046_ac3461\data_graph\data_graph_120s\graph_015.json,8,14,onnx,w000014,False,False,False,False,,,,
475,session_20260521_185046_ac3461,dem,browser_mp03ekmbeazr37,w000015,1779387647.06295,1779387647.3488348,data\session_20260521_185046_ac3461\data_graph\data_graph_120s\graph_016.json,0,0,onnx,w000015,True,True,False,False,few_events(0),few_keystrokes(0),,
476,session_20260521_203934_557784,dem,browser_mp03ekmbeazr37,w000000,1779392374.540182,1779392494.540182,data\session_20260521_203934_557784\data_graph\data_graph_120s\graph_001.json,5,1,onnx,w000000,False,False,False,False,,,,
477,session_20260521_203934_557784,dem,browser_mp03ekmbeazr37,w000001,1779392494.540182,1779392614.540182,data\session_20260521_203934_557784\data_graph\data_graph_120s\graph_002.json,1,1,onnx,w000001,False,False,False,False,,,,
478,session_20260521_203934_557784,dem,browser_mp03ekmbeazr37,w000002,1779392614.540182,1779392734.540182,data\session_20260521_203934_557784\data_graph\data_graph_120s\graph_003.json,1,0,onnx,w000002,False,True,False,False,,few_keystrokes(0),,
479,session_20260521_203934_557784,dem,browser_mp03ekmbeazr37,w000003,1779392734.540182,1779392854.540182,data\session_20260521_203934_557784\data_graph\data_graph_120s\graph_004.json,1,0,onnx,w000003,False,True,False,False,,few_keystrokes(2),,
480,session_20260521_203934_557784,dem,browser_mp03ekmbeazr37,w000004,1779392854.540182,1779392974.540182,data\session_20260521_203934_557784\data_graph\data_graph_120s\graph_005.json,5,0,onnx,w000004,False,True,False,False,,few_keystrokes(3),,
481,session_20260521_203934_557784,dem,browser_mp03ekmbeazr37,w000005,1779392974.540182,1779393094.540182,data\session_20260521_203934_557784\data_graph\data_graph_120s\graph_006.json,17,0,onnx,w000005,False,True,False,False,,few_keystrokes(4),,
482,session_20260521_203934_557784,dem,browser_mp03ekmbeazr37,w000006,1779393094.540182,1779393214.540182,data\session_20260521_203934_557784\data_graph\data_graph_120s\graph_007.json,8,0,onnx,w000006,False,True,False,False,,few_keystrokes(0),,
483,session_20260521_203934_557784,dem,browser_mp03ekmbeazr37,w000007,1779393214.540182,1779393334.540182,data\session_20260521_203934_557784\data_graph\data_graph_120s\graph_008.json,3,3,onnx,w000007,False,False,False,False,,,,
484,session_20260521_203934_557784,dem,browser_mp03ekmbeazr37,w000008,1779393334.540182,1779393454.540182,data\session_20260521_203934_557784\data_graph\data_graph_120s\graph_009.json,6,0,onnx,w000008,False,True,False,False,,few_keystrokes(0),,
485,session_20260521_203934_557784,dem,browser_mp03ekmbeazr37,w000009,1779393454.540182,1779393574.540182,data\session_20260521_203934_557784\data_graph\data_graph_120s\graph_010.json,16,12,onnx,w000009,False,False,False,False,,,,
486,session_20260521_203934_557784,dem,browser_mp03ekmbeazr37,w000010,1779393574.540182,1779393694.540182,data\session_20260521_203934_557784\data_graph\data_graph_120s\graph_011.json,10,0,onnx,w000010,False,True,False,False,,few_keystrokes(4),,
487,session_20260521_203934_557784,dem,browser_mp03ekmbeazr37,w000011,1779393694.540182,1779393814.540182,data\session_20260521_203934_557784\data_graph\data_graph_120s\graph_012.json,20,0,onnx,w000011,False,True,False,False,,few_keystrokes(0),,
488,session_20260521_203934_557784,dem,browser_mp03ekmbeazr37,w000012,1779393814.540182,1779393934.540182,data\session_20260521_203934_557784\data_graph\data_graph_120s\graph_013.json,13,0,onnx,w000012,False,True,False,False,,few_keystrokes(0),,
489,session_20260521_203934_557784,dem,browser_mp03ekmbeazr37,w000013,1779393934.540182,1779394054.540182,data\session_20260521_203934_557784\data_graph\data_graph_120s\graph_014.json,18,0,onnx,w000013,False,True,False,False,,few_keystrokes(0),,
490,session_20260521_203934_557784,dem,browser_mp03ekmbeazr37,w000014,1779394054.540182,1779394174.540182,data\session_20260521_203934_557784\data_graph\data_graph_120s\graph_015.json,16,0,onnx,w000014,False,True,False,False,,few_keystrokes(0),,
491,session_20260521_203934_557784,dem,browser_mp03ekmbeazr37,w000015,1779394174.540182,1779394174.6973438,data\session_20260521_203934_557784\data_graph\data_graph_120s\graph_016.json,0,0,onnx,w000015,True,True,False,False,few_events(1),few_keystrokes(0),,
492,session_20260523_164010_9f2f78,browser_mp835qq4j4kymt,browser_mp835qq4j4kymt,w000000,1779550810.8720748,1779550930.8720748,data\session_20260523_164010_9f2f78\data_graph\data_graph_120s\graph_001.json,5,16,onnx,w000000,False,False,False,False,,,,
493,session_20260523_164010_9f2f78,browser_mp835qq4j4kymt,browser_mp835qq4j4kymt,w000001,1779550930.8720748,1779551050.8720748,data\session_20260523_164010_9f2f78\data_graph\data_graph_120s\graph_002.json,8,1,onnx,w000001,False,False,False,False,,,,
494,session_20260523_164010_9f2f78,browser_mp835qq4j4kymt,browser_mp835qq4j4kymt,w000002,1779551050.8720748,1779551170.8720748,data\session_20260523_164010_9f2f78\data_graph\data_graph_120s\graph_003.json,4,6,onnx,w000002,False,False,False,False,,,,
495,session_20260523_164010_9f2f78,browser_mp835qq4j4kymt,browser_mp835qq4j4kymt,w000003,1779551170.8720748,1779551290.8720748,data\session_20260523_164010_9f2f78\data_graph\data_graph_120s\graph_004.json,0,0,onnx,w000003,True,True,False,False,few_events(0),few_keystrokes(0),,
496,session_20260523_164010_9f2f78,browser_mp835qq4j4kymt,browser_mp835qq4j4kymt,w000004,1779551290.8720748,1779551410.8720748,data\session_20260523_164010_9f2f78\data_graph\data_graph_120s\graph_005.json,3,0,onnx,w000004,False,True,False,False,,few_keystrokes(0),,
497,session_20260523_164010_9f2f78,browser_mp835qq4j4kymt,browser_mp835qq4j4kymt,w000005,1779551410.8720748,1779551530.8720748,data\session_20260523_164010_9f2f78\data_graph\data_graph_120s\graph_006.json,1,12,onnx,w000005,False,False,False,False,,,,
498,session_20260523_164010_9f2f78,browser_mp835qq4j4kymt,browser_mp835qq4j4kymt,w000006,1779551530.8720748,1779551650.8720748,data\session_20260523_164010_9f2f78\data_graph\data_graph_120s\graph_007.json,0,0,onnx,w000006,True,True,False,False,few_events(0),few_keystrokes(0),,
499,session_20260523_164010_9f2f78,browser_mp835qq4j4kymt,browser_mp835qq4j4kymt,w000007,1779551650.8720748,1779551770.8720748,data\session_20260523_164010_9f2f78\data_graph\data_graph_120s\graph_008.json,0,0,onnx,w000007,True,True,False,False,few_events(0),few_keystrokes(0),,
500,session_20260523_164010_9f2f78,browser_mp835qq4j4kymt,browser_mp835qq4j4kymt,w000008,1779551770.8720748,1779551890.8720748,data\session_20260523_164010_9f2f78\data_graph\data_graph_120s\graph_009.json,0,0,onnx,w000008,True,True,False,False,few_events(0),few_keystrokes(0),,
501,session_20260523_164010_9f2f78,browser_mp835qq4j4kymt,browser_mp835qq4j4kymt,w000009,1779551890.8720748,1779552010.8720748,data\session_20260523_164010_9f2f78\data_graph\data_graph_120s\graph_010.json,1,0,onnx,w000009,False,True,False,False,,few_keystrokes(0),,
502,session_20260523_164010_9f2f78,browser_mp835qq4j4kymt,browser_mp835qq4j4kymt,w000010,1779552010.8720748,1779552130.8720748,data\session_20260523_164010_9f2f78\data_graph\data_graph_120s\graph_011.json,12,0,onnx,w000010,False,True,False,False,,few_keystrokes(0),,
503,session_20260523_164010_9f2f78,browser_mp835qq4j4kymt,browser_mp835qq4j4kymt,w000011,1779552130.8720748,1779552250.8720748,data\session_20260523_164010_9f2f78\data_graph\data_graph_120s\graph_012.json,21,1,onnx,w000011,False,False,False,False,,,,
504,session_20260523_164010_9f2f78,browser_mp835qq4j4kymt,browser_mp835qq4j4kymt,w000012,1779552250.8720748,1779552370.8720748,data\session_20260523_164010_9f2f78\data_graph\data_graph_120s\graph_013.json,15,0,onnx,w000012,False,True,False,False,,few_keystrokes(0),,
505,session_20260523_164010_9f2f78,browser_mp835qq4j4kymt,browser_mp835qq4j4kymt,w000013,1779552370.8720748,1779552490.8720748,data\session_20260523_164010_9f2f78\data_graph\data_graph_120s\graph_014.json,20,0,onnx,w000013,False,True,False,False,,few_keystrokes(0),,
506,session_20260523_164010_9f2f78,browser_mp835qq4j4kymt,browser_mp835qq4j4kymt,w000014,1779552490.8720748,1779552610.8720748,data\session_20260523_164010_9f2f78\data_graph\data_graph_120s\graph_015.json,5,0,onnx,w000014,False,True,False,False,,few_keystrokes(0),,
507,session_20260523_164010_9f2f78,browser_mp835qq4j4kymt,browser_mp835qq4j4kymt,w000015,1779552610.8720748,1779552611.294453,data\session_20260523_164010_9f2f78\data_graph\data_graph_120s\graph_016.json,0,0,onnx,w000015,True,True,False,False,few_events(0),few_keystrokes(0),,
508,session_20260524_101641_ea7d5a,browser_mp835qq4j4kymt,browser_mp835qq4j4kymt,w000000,1779614201.1941133,1779614321.1941133,data\session_20260524_101641_ea7d5a\data_graph\data_graph_120s\graph_001.json,15,13,onnx,w000000,False,False,False,False,,,,
509,session_20260524_101641_ea7d5a,browser_mp835qq4j4kymt,browser_mp835qq4j4kymt,w000001,1779614321.1941133,1779614441.1941133,data\session_20260524_101641_ea7d5a\data_graph\data_graph_120s\graph_002.json,20,1,onnx,w000001,False,False,False,False,,,,
510,session_20260524_101641_ea7d5a,browser_mp835qq4j4kymt,browser_mp835qq4j4kymt,w000002,1779614441.1941133,1779614561.1941133,data\session_20260524_101641_ea7d5a\data_graph\data_graph_120s\graph_003.json,17,1,onnx,w000002,False,False,False,False,,,,
511,session_20260524_101641_ea7d5a,browser_mp835qq4j4kymt,browser_mp835qq4j4kymt,w000003,1779614561.1941133,1779614681.1941133,data\session_20260524_101641_ea7d5a\data_graph\data_graph_120s\graph_004.json,7,4,onnx,w000003,False,False,False,False,,,,
512,session_20260524_101641_ea7d5a,browser_mp835qq4j4kymt,browser_mp835qq4j4kymt,w000004,1779614681.1941133,1779614801.1941133,data\session_20260524_101641_ea7d5a\data_graph\data_graph_120s\graph_005.json,15,1,onnx,w000004,False,False,False,False,,,,
513,session_20260524_101641_ea7d5a,browser_mp835qq4j4kymt,browser_mp835qq4j4kymt,w000005,1779614801.1941133,1779614921.1941133,data\session_20260524_101641_ea7d5a\data_graph\data_graph_120s\graph_006.json,23,1,onnx,w000005,False,False,False,False,,,,
514,session_20260524_101641_ea7d5a,browser_mp835qq4j4kymt,browser_mp835qq4j4kymt,w000006,1779614921.1941133,1779615041.1941133,data\session_20260524_101641_ea7d5a\data_graph\data_graph_120s\graph_007.json,21,1,onnx,w000006,False,False,False,False,,,,
515,session_20260524_101641_ea7d5a,browser_mp835qq4j4kymt,browser_mp835qq4j4kymt,w000007,1779615041.1941133,1779615161.1941133,data\session_20260524_101641_ea7d5a\data_graph\data_graph_120s\graph_008.json,9,5,onnx,w000007,False,False,False,False,,,,
516,session_20260524_101641_ea7d5a,browser_mp835qq4j4kymt,browser_mp835qq4j4kymt,w000008,1779615161.1941133,1779615281.1941133,data\session_20260524_101641_ea7d5a\data_graph\data_graph_120s\graph_009.json,21,2,onnx,w000008,False,False,False,False,,,,
517,session_20260524_101641_ea7d5a,browser_mp835qq4j4kymt,browser_mp835qq4j4kymt,w000009,1779615281.1941133,1779615401.1941133,data\session_20260524_101641_ea7d5a\data_graph\data_graph_120s\graph_010.json,10,0,onnx,w000009,False,True,False,False,,few_keystrokes(1),,
518,session_20260524_101641_ea7d5a,browser_mp835qq4j4kymt,browser_mp835qq4j4kymt,w000010,1779615401.1941133,1779615521.1941133,data\session_20260524_101641_ea7d5a\data_graph\data_graph_120s\graph_011.json,5,7,onnx,w000010,False,False,False,False,,,,
519,session_20260524_101641_ea7d5a,browser_mp835qq4j4kymt,browser_mp835qq4j4kymt,w000011,1779615521.1941133,1779615641.1941133,data\session_20260524_101641_ea7d5a\data_graph\data_graph_120s\graph_012.json,1,0,onnx,w000011,False,True,False,False,,few_keystrokes(0),,
520,session_20260524_101641_ea7d5a,browser_mp835qq4j4kymt,browser_mp835qq4j4kymt,w000012,1779615641.1941133,1779615761.1941133,data\session_20260524_101641_ea7d5a\data_graph\data_graph_120s\graph_013.json,18,1,onnx,w000012,False,False,False,False,,,,
521,session_20260524_101641_ea7d5a,browser_mp835qq4j4kymt,browser_mp835qq4j4kymt,w000013,1779615761.1941133,1779615881.1941133,data\session_20260524_101641_ea7d5a\data_graph\data_graph_120s\graph_014.json,15,5,onnx,w000013,False,False,False,False,,,,
522,session_20260524_101641_ea7d5a,browser_mp835qq4j4kymt,browser_mp835qq4j4kymt,w000014,1779615881.1941133,1779616001.1941133,data\session_20260524_101641_ea7d5a\data_graph\data_graph_120s\graph_015.json,11,6,onnx,w000014,False,False,False,False,,,,
523,session_20260524_101641_ea7d5a,browser_mp835qq4j4kymt,browser_mp835qq4j4kymt,w000015,1779616001.1941133,1779616001.3047216,data\session_20260524_101641_ea7d5a\data_graph\data_graph_120s\graph_016.json,0,0,onnx,w000015,True,True,False,False,few_events(10),few_keystrokes(0),,
524,session_20260524_111728_f646d7,browser_mp835qq4j4kymt,browser_mp835qq4j4kymt,w000000,1779617848.8636005,1779617968.8636005,data\session_20260524_111728_f646d7\data_graph\data_graph_120s\graph_001.json,21,4,onnx,w000000,False,False,False,False,,,,
525,session_20260524_111728_f646d7,browser_mp835qq4j4kymt,browser_mp835qq4j4kymt,w000001,1779617968.8636005,1779618088.8636005,data\session_20260524_111728_f646d7\data_graph\data_graph_120s\graph_002.json,0,0,onnx,w000001,True,True,False,False,few_events(0),few_keystrokes(0),,
526,session_20260524_111728_f646d7,browser_mp835qq4j4kymt,browser_mp835qq4j4kymt,w000002,1779618088.8636005,1779618208.8636005,data\session_20260524_111728_f646d7\data_graph\data_graph_120s\graph_003.json,17,3,onnx,w000002,False,False,False,False,,,,
527,session_20260524_111728_f646d7,browser_mp835qq4j4kymt,browser_mp835qq4j4kymt,w000003,1779618208.8636005,1779618328.8636005,data\session_20260524_111728_f646d7\data_graph\data_graph_120s\graph_004.json,12,4,onnx,w000003,False,False,False,False,,,,
528,session_20260524_111728_f646d7,browser_mp835qq4j4kymt,browser_mp835qq4j4kymt,w000004,1779618328.8636005,1779618448.8636005,data\session_20260524_111728_f646d7\data_graph\data_graph_120s\graph_005.json,11,9,onnx,w000004,False,False,False,False,,,,
529,session_20260524_111728_f646d7,browser_mp835qq4j4kymt,browser_mp835qq4j4kymt,w000005,1779618448.8636005,1779618568.8636005,data\session_20260524_111728_f646d7\data_graph\data_graph_120s\graph_006.json,18,3,onnx,w000005,False,False,False,False,,,,
530,session_20260524_111728_f646d7,browser_mp835qq4j4kymt,browser_mp835qq4j4kymt,w000006,1779618568.8636005,1779618688.8636005,data\session_20260524_111728_f646d7\data_graph\data_graph_120s\graph_007.json,18,1,onnx,w000006,False,False,False,False,,,,
531,session_20260524_111728_f646d7,browser_mp835qq4j4kymt,browser_mp835qq4j4kymt,w000007,1779618688.8636005,1779618808.8636005,data\session_20260524_111728_f646d7\data_graph\data_graph_120s\graph_008.json,19,1,onnx,w000007,False,False,False,False,,,,
532,session_20260524_111728_f646d7,browser_mp835qq4j4kymt,browser_mp835qq4j4kymt,w000008,1779618808.8636005,1779618928.8636005,data\session_20260524_111728_f646d7\data_graph\data_graph_120s\graph_009.json,3,15,onnx,w000008,False,False,False,False,,,,
533,session_20260524_111728_f646d7,browser_mp835qq4j4kymt,browser_mp835qq4j4kymt,w000009,1779618928.8636005,1779619048.8636005,data\session_20260524_111728_f646d7\data_graph\data_graph_120s\graph_010.json,0,0,onnx,w000009,True,True,False,False,few_events(0),few_keystrokes(0),,
534,session_20260524_111728_f646d7,browser_mp835qq4j4kymt,browser_mp835qq4j4kymt,w000010,1779619048.8636005,1779619168.8636005,data\session_20260524_111728_f646d7\data_graph\data_graph_120s\graph_011.json,0,0,onnx,w000010,True,True,False,False,few_events(0),few_keystrokes(0),,
535,session_20260524_111728_f646d7,browser_mp835qq4j4kymt,browser_mp835qq4j4kymt,w000011,1779619168.8636005,1779619288.8636005,data\session_20260524_111728_f646d7\data_graph\data_graph_120s\graph_012.json,0,0,onnx,w000011,True,True,False,False,few_events(0),few_keystrokes(0),,
536,session_20260524_111728_f646d7,browser_mp835qq4j4kymt,browser_mp835qq4j4kymt,w000012,1779619288.8636005,1779619408.8636005,data\session_20260524_111728_f646d7\data_graph\data_graph_120s\graph_013.json,6,0,onnx,w000012,False,True,False,False,,few_keystrokes(3),,
537,session_20260524_111728_f646d7,browser_mp835qq4j4kymt,browser_mp835qq4j4kymt,w000013,1779619408.8636005,1779619528.8636005,data\session_20260524_111728_f646d7\data_graph\data_graph_120s\graph_014.json,19,2,onnx,w000013,False,False,False,False,,,,
538,session_20260524_111728_f646d7,browser_mp835qq4j4kymt,browser_mp835qq4j4kymt,w000014,1779619528.8636005,1779619648.8636005,data\session_20260524_111728_f646d7\data_graph\data_graph_120s\graph_015.json,4,0,onnx,w000014,False,True,False,False,,few_keystrokes(3),,
539,session_20260524_111728_f646d7,browser_mp835qq4j4kymt,browser_mp835qq4j4kymt,w000015,1779619648.8636005,1779619648.9015017,data\session_20260524_111728_f646d7\data_graph\data_graph_120s\graph_016.json,0,0,onnx,w000015,True,True,False,False,few_events(0),few_keystrokes(0),,
540,session_20260524_210800_bf6b4a,browser_mp835qq4j4kymt,browser_mp835qq4j4kymt,w000000,1779653280.4969704,1779653400.4969704,data\session_20260524_210800_bf6b4a\data_graph\data_graph_120s\graph_001.json,10,30,onnx,w000000,False,False,False,False,,,,
541,session_20260524_210800_bf6b4a,browser_mp835qq4j4kymt,browser_mp835qq4j4kymt,w000001,1779653400.4969704,1779653520.4969704,data\session_20260524_210800_bf6b4a\data_graph\data_graph_120s\graph_002.json,7,39,onnx,w000001,False,False,False,False,,,,
542,session_20260524_210800_bf6b4a,browser_mp835qq4j4kymt,browser_mp835qq4j4kymt,w000002,1779653520.4969704,1779653640.4969704,data\session_20260524_210800_bf6b4a\data_graph\data_graph_120s\graph_003.json,23,4,onnx,w000002,False,False,False,False,,,,
543,session_20260524_210800_bf6b4a,browser_mp835qq4j4kymt,browser_mp835qq4j4kymt,w000003,1779653640.4969704,1779653760.4969704,data\session_20260524_210800_bf6b4a\data_graph\data_graph_120s\graph_004.json,8,20,onnx,w000003,False,False,False,False,,,,
544,session_20260524_210800_bf6b4a,browser_mp835qq4j4kymt,browser_mp835qq4j4kymt,w000004,1779653760.4969704,1779653880.4969704,data\session_20260524_210800_bf6b4a\data_graph\data_graph_120s\graph_005.json,0,0,onnx,w000004,True,True,False,False,few_events(0),few_keystrokes(0),,
545,session_20260524_210800_bf6b4a,browser_mp835qq4j4kymt,browser_mp835qq4j4kymt,w000005,1779653880.4969704,1779654000.4969704,data\session_20260524_210800_bf6b4a\data_graph\data_graph_120s\graph_006.json,0,0,onnx,w000005,True,True,False,False,few_events(0),few_keystrokes(0),,
546,session_20260524_210800_bf6b4a,browser_mp835qq4j4kymt,browser_mp835qq4j4kymt,w000006,1779654000.4969704,1779654120.4969704,data\session_20260524_210800_bf6b4a\data_graph\data_graph_120s\graph_007.json,1,0,onnx,w000006,False,True,False,False,,few_keystrokes(0),,
547,session_20260524_210800_bf6b4a,browser_mp835qq4j4kymt,browser_mp835qq4j4kymt,w000007,1779654120.4969704,1779654240.4969704,data\session_20260524_210800_bf6b4a\data_graph\data_graph_120s\graph_008.json,0,0,onnx,w000007,True,True,False,False,few_events(0),few_keystrokes(0),,
548,session_20260524_210800_bf6b4a,browser_mp835qq4j4kymt,browser_mp835qq4j4kymt,w000008,1779654240.4969704,1779654360.4969704,data\session_20260524_210800_bf6b4a\data_graph\data_graph_120s\graph_009.json,0,0,onnx,w000008,True,True,False,False,few_events(0),few_keystrokes(0),,
549,session_20260524_210800_bf6b4a,browser_mp835qq4j4kymt,browser_mp835qq4j4kymt,w000009,1779654360.4969704,1779654480.4969704,data\session_20260524_210800_bf6b4a\data_graph\data_graph_120s\graph_010.json,5,2,onnx,w000009,False,False,False,False,,,,
550,session_20260524_210800_bf6b4a,browser_mp835qq4j4kymt,browser_mp835qq4j4kymt,w000010,1779654480.4969704,1779654600.4969704,data\session_20260524_210800_bf6b4a\data_graph\data_graph_120s\graph_011.json,9,10,onnx,w000010,False,False,False,False,,,,
551,session_20260524_210800_bf6b4a,browser_mp835qq4j4kymt,browser_mp835qq4j4kymt,w000011,1779654600.4969704,1779654720.4969704,data\session_20260524_210800_bf6b4a\data_graph\data_graph_120s\graph_012.json,4,24,onnx,w000011,False,False,False,False,,,,
552,session_20260524_210800_bf6b4a,browser_mp835qq4j4kymt,browser_mp835qq4j4kymt,w000012,1779654720.4969704,1779654840.4969704,data\session_20260524_210800_bf6b4a\data_graph\data_graph_120s\graph_013.json,9,4,onnx,w000012,False,False,False,False,,,,
553,session_20260524_210800_bf6b4a,browser_mp835qq4j4kymt,browser_mp835qq4j4kymt,w000013,1779654840.4969704,1779654960.4969704,data\session_20260524_210800_bf6b4a\data_graph\data_graph_120s\graph_014.json,12,6,onnx,w000013,False,False,False,False,,,,
554,session_20260524_210800_bf6b4a,browser_mp835qq4j4kymt,browser_mp835qq4j4kymt,w000014,1779654960.4969704,1779655080.4969704,data\session_20260524_210800_bf6b4a\data_graph\data_graph_120s\graph_015.json,13,15,onnx,w000014,False,False,False,False,,,,
555,session_20260524_210800_bf6b4a,browser_mp835qq4j4kymt,browser_mp835qq4j4kymt,w000015,1779655080.4969704,1779655080.879281,data\session_20260524_210800_bf6b4a\data_graph\data_graph_120s\graph_016.json,1,0,onnx,w000015,False,True,False,False,,few_keystrokes(0),,
556,session_20260524_224534_09f1ab,browser_mp835qq4j4kymt,browser_mp835qq4j4kymt,w000000,1779659134.2441795,1779659254.2441795,data\session_20260524_224534_09f1ab\data_graph\data_graph_120s\graph_001.json,17,2,onnx,w000000,False,False,False,False,,,,
557,session_20260524_224534_09f1ab,browser_mp835qq4j4kymt,browser_mp835qq4j4kymt,w000001,1779659254.2441795,1779659374.2441795,data\session_20260524_224534_09f1ab\data_graph\data_graph_120s\graph_002.json,5,0,onnx,w000001,False,True,False,False,,few_keystrokes(2),,
558,session_20260524_224534_09f1ab,browser_mp835qq4j4kymt,browser_mp835qq4j4kymt,w000002,1779659374.2441795,1779659494.2441795,data\session_20260524_224534_09f1ab\data_graph\data_graph_120s\graph_003.json,12,8,onnx,w000002,False,False,False,False,,,,
559,session_20260524_224534_09f1ab,browser_mp835qq4j4kymt,browser_mp835qq4j4kymt,w000003,1779659494.2441795,1779659614.2441795,data\session_20260524_224534_09f1ab\data_graph\data_graph_120s\graph_004.json,8,10,onnx,w000003,False,False,False,False,,,,
560,session_20260524_224534_09f1ab,browser_mp835qq4j4kymt,browser_mp835qq4j4kymt,w000004,1779659614.2441795,1779659734.2441795,data\session_20260524_224534_09f1ab\data_graph\data_graph_120s\graph_005.json,13,7,onnx,w000004,False,False,False,False,,,,
561,session_20260524_224534_09f1ab,browser_mp835qq4j4kymt,browser_mp835qq4j4kymt,w000005,1779659734.2441795,1779659854.2441795,data\session_20260524_224534_09f1ab\data_graph\data_graph_120s\graph_006.json,17,1,onnx,w000005,False,False,False,False,,,,
562,session_20260524_224534_09f1ab,browser_mp835qq4j4kymt,browser_mp835qq4j4kymt,w000006,1779659854.2441795,1779659974.2441795,data\session_20260524_224534_09f1ab\data_graph\data_graph_120s\graph_007.json,14,10,onnx,w000006,False,False,False,False,,,,
563,session_20260524_224534_09f1ab,browser_mp835qq4j4kymt,browser_mp835qq4j4kymt,w000007,1779659974.2441795,1779660094.2441795,data\session_20260524_224534_09f1ab\data_graph\data_graph_120s\graph_008.json,21,1,onnx,w000007,False,False,False,False,,,,
564,session_20260524_224534_09f1ab,browser_mp835qq4j4kymt,browser_mp835qq4j4kymt,w000008,1779660094.2441795,1779660214.2441795,data\session_20260524_224534_09f1ab\data_graph\data_graph_120s\graph_009.json,13,1,onnx,w000008,False,False,False,False,,,,
565,session_20260524_224534_09f1ab,browser_mp835qq4j4kymt,browser_mp835qq4j4kymt,w000009,1779660214.2441795,1779660334.2441795,data\session_20260524_224534_09f1ab\data_graph\data_graph_120s\graph_010.json,15,0,onnx,w000009,False,True,False,False,,few_keystrokes(4),,
566,session_20260524_224534_09f1ab,browser_mp835qq4j4kymt,browser_mp835qq4j4kymt,w000010,1779660334.2441795,1779660454.2441795,data\session_20260524_224534_09f1ab\data_graph\data_graph_120s\graph_011.json,15,6,onnx,w000010,False,False,False,False,,,,
567,session_20260524_224534_09f1ab,browser_mp835qq4j4kymt,browser_mp835qq4j4kymt,w000011,1779660454.2441795,1779660574.2441795,data\session_20260524_224534_09f1ab\data_graph\data_graph_120s\graph_012.json,22,3,onnx,w000011,False,False,False,False,,,,
568,session_20260524_224534_09f1ab,browser_mp835qq4j4kymt,browser_mp835qq4j4kymt,w000012,1779660574.2441795,1779660694.2441795,data\session_20260524_224534_09f1ab\data_graph\data_graph_120s\graph_013.json,15,7,onnx,w000012,False,False,False,False,,,,
569,session_20260524_224534_09f1ab,browser_mp835qq4j4kymt,browser_mp835qq4j4kymt,w000013,1779660694.2441795,1779660814.2441795,data\session_20260524_224534_09f1ab\data_graph\data_graph_120s\graph_014.json,15,13,onnx,w000013,False,False,False,False,,,,
570,session_20260524_224534_09f1ab,browser_mp835qq4j4kymt,browser_mp835qq4j4kymt,w000014,1779660814.2441795,1779660934.2441795,data\session_20260524_224534_09f1ab\data_graph\data_graph_120s\graph_015.json,13,17,onnx,w000014,False,False,False,False,,,,
571,session_20260524_224534_09f1ab,browser_mp835qq4j4kymt,browser_mp835qq4j4kymt,w000015,1779660934.2441795,1779660934.5237615,data\session_20260524_224534_09f1ab\data_graph\data_graph_120s\graph_016.json,1,0,onnx,w000015,False,True,False,False,,few_keystrokes(0),,
572,session_20260525_111948_83ef24,layss,device_8cab9b42,w000000,1779704388.398384,1779704508.398384,data\session_20260525_111948_83ef24\data_graph\data_graph_120s\graph_001.json,3,5,onnx,w000000,False,False,False,False,,,,
573,session_20260525_111948_83ef24,layss,device_8cab9b42,w000001,1779704508.398384,1779704628.398384,data\session_20260525_111948_83ef24\data_graph\data_graph_120s\graph_002.json,4,1,onnx,w000001,False,False,False,False,,,,
574,session_20260525_111948_83ef24,layss,device_8cab9b42,w000002,1779704628.398384,1779704748.398384,data\session_20260525_111948_83ef24\data_graph\data_graph_120s\graph_003.json,12,0,onnx,w000002,False,True,False,False,,few_keystrokes(0),,
575,session_20260525_111948_83ef24,layss,device_8cab9b42,w000003,1779704748.398384,1779704868.398384,data\session_20260525_111948_83ef24\data_graph\data_graph_120s\graph_004.json,1,0,onnx,w000003,False,True,False,False,,few_keystrokes(0),,
576,session_20260525_111948_83ef24,layss,device_8cab9b42,w000004,1779704868.398384,1779704988.398384,data\session_20260525_111948_83ef24\data_graph\data_graph_120s\graph_005.json,3,0,onnx,w000004,False,True,False,False,,few_keystrokes(0),,
577,session_20260525_111948_83ef24,layss,device_8cab9b42,w000005,1779704988.398384,1779705108.398384,data\session_20260525_111948_83ef24\data_graph\data_graph_120s\graph_006.json,1,0,onnx,w000005,False,True,False,False,,few_keystrokes(0),,
578,session_20260525_111948_83ef24,layss,device_8cab9b42,w000006,1779705108.398384,1779705228.398384,data\session_20260525_111948_83ef24\data_graph\data_graph_120s\graph_007.json,3,0,onnx,w000006,False,True,False,False,,few_keystrokes(0),,
579,session_20260525_111948_83ef24,layss,device_8cab9b42,w000007,1779705228.398384,1779705348.398384,data\session_20260525_111948_83ef24\data_graph\data_graph_120s\graph_008.json,6,0,onnx,w000007,False,True,False,False,,few_keystrokes(0),,
580,session_20260525_111948_83ef24,layss,device_8cab9b42,w000008,1779705348.398384,1779705468.398384,data\session_20260525_111948_83ef24\data_graph\data_graph_120s\graph_009.json,4,0,onnx,w000008,False,True,False,False,,few_keystrokes(0),,
581,session_20260525_111948_83ef24,layss,device_8cab9b42,w000009,1779705468.398384,1779705588.398384,data\session_20260525_111948_83ef24\data_graph\data_graph_120s\graph_010.json,6,0,onnx,w000009,False,True,False,False,,few_keystrokes(0),,
582,session_20260525_111948_83ef24,layss,device_8cab9b42,w000010,1779705588.398384,1779705708.398384,data\session_20260525_111948_83ef24\data_graph\data_graph_120s\graph_011.json,3,0,onnx,w000010,False,True,False,False,,few_keystrokes(0),,
583,session_20260525_111948_83ef24,layss,device_8cab9b42,w000011,1779705708.398384,1779705828.398384,data\session_20260525_111948_83ef24\data_graph\data_graph_120s\graph_012.json,2,0,onnx,w000011,False,True,False,False,,few_keystrokes(0),,
584,session_20260525_111948_83ef24,layss,device_8cab9b42,w000012,1779705828.398384,1779705948.398384,data\session_20260525_111948_83ef24\data_graph\data_graph_120s\graph_013.json,0,0,onnx,w000012,True,True,False,False,few_events(0),few_keystrokes(0),,
585,session_20260525_111948_83ef24,layss,device_8cab9b42,w000013,1779705948.398384,1779706068.398384,data\session_20260525_111948_83ef24\data_graph\data_graph_120s\graph_014.json,5,0,onnx,w000013,False,True,False,False,,few_keystrokes(0),,
586,session_20260525_111948_83ef24,layss,device_8cab9b42,w000014,1779706068.398384,1779706188.224082,data\session_20260525_111948_83ef24\data_graph\data_graph_120s\graph_015.json,5,3,onnx,w000014,False,False,False,False,,,,
587,session_20260525_115401_a789a3,layss,device_d4ac2308,w000000,1779706442.0533864,1779706562.0533864,data\session_20260525_115401_a789a3\data_graph\data_graph_120s\graph_001.json,3,2,onnx,w000000,False,False,False,False,,,,
588,session_20260525_115401_a789a3,layss,device_d4ac2308,w000001,1779706562.0533864,1779706682.0533864,data\session_20260525_115401_a789a3\data_graph\data_graph_120s\graph_002.json,6,0,onnx,w000001,False,True,False,False,,few_keystrokes(3),,
589,session_20260525_115401_a789a3,layss,device_d4ac2308,w000002,1779706682.0533864,1779706802.0533864,data\session_20260525_115401_a789a3\data_graph\data_graph_120s\graph_003.json,4,0,onnx,w000002,False,True,False,False,,few_keystrokes(0),,
590,session_20260525_115401_a789a3,layss,device_d4ac2308,w000003,1779706802.0533864,1779706922.0533864,data\session_20260525_115401_a789a3\data_graph\data_graph_120s\graph_004.json,3,0,onnx,w000003,False,True,False,False,,few_keystrokes(0),,
591,session_20260525_115401_a789a3,layss,device_d4ac2308,w000004,1779706922.0533864,1779707042.0533864,data\session_20260525_115401_a789a3\data_graph\data_graph_120s\graph_005.json,3,0,onnx,w000004,False,True,False,False,,few_keystrokes(0),,
592,session_20260525_115401_a789a3,layss,device_d4ac2308,w000005,1779707042.0533864,1779707162.0533864,data\session_20260525_115401_a789a3\data_graph\data_graph_120s\graph_006.json,5,0,onnx,w000005,False,True,False,False,,few_keystrokes(0),,
593,session_20260525_115401_a789a3,layss,device_d4ac2308,w000006,1779707162.0533864,1779707282.0533864,data\session_20260525_115401_a789a3\data_graph\data_graph_120s\graph_007.json,3,0,onnx,w000006,False,True,False,False,,few_keystrokes(0),,
594,session_20260525_115401_a789a3,layss,device_d4ac2308,w000007,1779707282.0533864,1779707402.0533864,data\session_20260525_115401_a789a3\data_graph\data_graph_120s\graph_008.json,4,0,onnx,w000007,False,True,False,False,,few_keystrokes(0),,
595,session_20260525_115401_a789a3,layss,device_d4ac2308,w000008,1779707402.0533864,1779707522.0533864,data\session_20260525_115401_a789a3\data_graph\data_graph_120s\graph_009.json,3,0,onnx,w000008,False,True,False,False,,few_keystrokes(0),,
596,session_20260525_115401_a789a3,layss,device_d4ac2308,w000009,1779707522.0533864,1779707642.0533864,data\session_20260525_115401_a789a3\data_graph\data_graph_120s\graph_010.json,3,0,onnx,w000009,False,True,False,False,,few_keystrokes(0),,
597,session_20260525_115401_a789a3,layss,device_d4ac2308,w000010,1779707642.0533864,1779707762.0533864,data\session_20260525_115401_a789a3\data_graph\data_graph_120s\graph_011.json,4,0,onnx,w000010,False,True,False,False,,few_keystrokes(0),,
598,session_20260525_115401_a789a3,layss,device_d4ac2308,w000011,1779707762.0533864,1779707882.0533864,data\session_20260525_115401_a789a3\data_graph\data_graph_120s\graph_012.json,5,0,onnx,w000011,False,True,False,False,,few_keystrokes(0),,
599,session_20260525_115401_a789a3,layss,device_d4ac2308,w000012,1779707882.0533864,1779708002.0533864,data\session_20260525_115401_a789a3\data_graph\data_graph_120s\graph_013.json,4,0,onnx,w000012,False,True,False,False,,few_keystrokes(0),,
600,session_20260525_115401_a789a3,layss,device_d4ac2308,w000013,1779708002.0533864,1779708122.0533864,data\session_20260525_115401_a789a3\data_graph\data_graph_120s\graph_014.json,4,0,onnx,w000013,False,True,False,False,,few_keystrokes(0),,
601,session_20260525_115401_a789a3,layss,device_d4ac2308,w000014,1779708122.0533864,1779708242.0533864,data\session_20260525_115401_a789a3\data_graph\data_graph_120s\graph_015.json,3,0,onnx,w000014,False,True,False,False,,few_keystrokes(0),,
602,session_20260525_115401_a789a3,layss,device_d4ac2308,w000015,1779708242.0533864,1779708242.2170038,data\session_20260525_115401_a789a3\data_graph\data_graph_120s\graph_016.json,0,0,onnx,w000015,True,True,False,False,few_events(0),few_keystrokes(0),,
603,session_20260525_133940_df428b,layss,device_ed2ee66a,w000000,1779712780.9629884,1779712900.9629884,data\session_20260525_133940_df428b\data_graph\data_graph_120s\graph_001.json,5,1,onnx,w000000,False,False,False,False,,,,
604,session_20260525_133940_df428b,layss,device_ed2ee66a,w000001,1779712900.9629884,1779713020.9629884,data\session_20260525_133940_df428b\data_graph\data_graph_120s\graph_002.json,4,1,onnx,w000001,False,False,False,False,,,,
605,session_20260525_133940_df428b,layss,device_ed2ee66a,w000002,1779713020.9629884,1779713140.9629884,data\session_20260525_133940_df428b\data_graph\data_graph_120s\graph_003.json,7,0,onnx,w000002,False,True,False,False,,few_keystrokes(3),,
606,session_20260525_133940_df428b,layss,device_ed2ee66a,w000003,1779713140.9629884,1779713260.9629884,data\session_20260525_133940_df428b\data_graph\data_graph_120s\graph_004.json,6,1,onnx,w000003,False,False,False,False,,,,
607,session_20260525_133940_df428b,layss,device_ed2ee66a,w000004,1779713260.9629884,1779713380.9629884,data\session_20260525_133940_df428b\data_graph\data_graph_120s\graph_005.json,6,0,onnx,w000004,False,True,False,False,,few_keystrokes(4),,
608,session_20260525_133940_df428b,layss,device_ed2ee66a,w000005,1779713380.9629884,1779713500.9629884,data\session_20260525_133940_df428b\data_graph\data_graph_120s\graph_006.json,7,0,onnx,w000005,False,True,False,False,,few_keystrokes(4),,
609,session_20260525_133940_df428b,layss,device_ed2ee66a,w000006,1779713500.9629884,1779713620.9629884,data\session_20260525_133940_df428b\data_graph\data_graph_120s\graph_007.json,8,0,onnx,w000006,False,True,False,False,,few_keystrokes(4),,
610,session_20260525_133940_df428b,layss,device_ed2ee66a,w000007,1779713620.9629884,1779713740.9629884,data\session_20260525_133940_df428b\data_graph\data_graph_120s\graph_008.json,5,1,onnx,w000007,False,False,False,False,,,,
611,session_20260525_133940_df428b,layss,device_ed2ee66a,w000008,1779713740.9629884,1779713860.9629884,data\session_20260525_133940_df428b\data_graph\data_graph_120s\graph_009.json,5,1,onnx,w000008,False,False,False,False,,,,
612,session_20260525_133940_df428b,layss,device_ed2ee66a,w000009,1779713860.9629884,1779713980.9629884,data\session_20260525_133940_df428b\data_graph\data_graph_120s\graph_010.json,4,1,onnx,w000009,False,False,False,False,,,,
613,session_20260525_133940_df428b,layss,device_ed2ee66a,w000010,1779713980.9629884,1779713981.1186187,data\session_20260525_133940_df428b\data_graph\data_graph_120s\graph_011.json,0,0,onnx,w000010,True,True,False,False,few_events(0),few_keystrokes(0),,
614,session_20260525_144151_ee5291,browser_mp835qq4j4kymt,browser_mp835qq4j4kymt,w000000,1779716511.9682658,1779716631.9682658,data\session_20260525_144151_ee5291\data_graph\data_graph_120s\graph_001.json,8,0,onnx,w000000,False,True,False,False,,few_keystrokes(0),,
615,session_20260525_144151_ee5291,browser_mp835qq4j4kymt,browser_mp835qq4j4kymt,w000001,1779716631.9682658,1779716751.9682658,data\session_20260525_144151_ee5291\data_graph\data_graph_120s\graph_002.json,20,2,onnx,w000001,False,False,False,False,,,,
616,session_20260525_144151_ee5291,browser_mp835qq4j4kymt,browser_mp835qq4j4kymt,w000002,1779716751.9682658,1779716871.9682658,data\session_20260525_144151_ee5291\data_graph\data_graph_120s\graph_003.json,3,0,onnx,w000002,False,True,False,False,,few_keystrokes(0),,
617,session_20260525_144151_ee5291,browser_mp835qq4j4kymt,browser_mp835qq4j4kymt,w000003,1779716871.9682658,1779716991.9682658,data\session_20260525_144151_ee5291\data_graph\data_graph_120s\graph_004.json,0,0,onnx,w000003,True,True,False,False,few_events(0),few_keystrokes(0),,
618,session_20260525_144151_ee5291,browser_mp835qq4j4kymt,browser_mp835qq4j4kymt,w000004,1779716991.9682658,1779717111.9682658,data\session_20260525_144151_ee5291\data_graph\data_graph_120s\graph_005.json,6,0,onnx,w000004,False,True,False,False,,few_keystrokes(0),,
619,session_20260525_144151_ee5291,browser_mp835qq4j4kymt,browser_mp835qq4j4kymt,w000005,1779717111.9682658,1779717231.9682658,data\session_20260525_144151_ee5291\data_graph\data_graph_120s\graph_006.json,7,0,onnx,w000005,False,True,False,False,,few_keystrokes(0),,
620,session_20260525_144151_ee5291,browser_mp835qq4j4kymt,browser_mp835qq4j4kymt,w000006,1779717231.9682658,1779717351.9682658,data\session_20260525_144151_ee5291\data_graph\data_graph_120s\graph_007.json,2,0,onnx,w000006,False,True,False,False,,few_keystrokes(0),,
621,session_20260525_144151_ee5291,browser_mp835qq4j4kymt,browser_mp835qq4j4kymt,w000007,1779717351.9682658,1779717471.9682658,data\session_20260525_144151_ee5291\data_graph\data_graph_120s\graph_008.json,0,0,onnx,w000007,True,True,False,False,few_events(0),few_keystrokes(0),,
622,session_20260525_144151_ee5291,browser_mp835qq4j4kymt,browser_mp835qq4j4kymt,w000008,1779717471.9682658,1779717591.9682658,data\session_20260525_144151_ee5291\data_graph\data_graph_120s\graph_009.json,7,0,onnx,w000008,False,True,False,False,,few_keystrokes(0),,
623,session_20260525_144151_ee5291,browser_mp835qq4j4kymt,browser_mp835qq4j4kymt,w000009,1779717591.9682658,1779717711.9682658,data\session_20260525_144151_ee5291\data_graph\data_graph_120s\graph_010.json,7,3,onnx,w000009,False,False,False,False,,,,
624,session_20260525_144151_ee5291,browser_mp835qq4j4kymt,browser_mp835qq4j4kymt,w000010,1779717711.9682658,1779717831.9682658,data\session_20260525_144151_ee5291\data_graph\data_graph_120s\graph_011.json,10,13,onnx,w000010,False,False,False,False,,,,
625,session_20260525_144151_ee5291,browser_mp835qq4j4kymt,browser_mp835qq4j4kymt,w000011,1779717831.9682658,1779717951.9682658,data\session_20260525_144151_ee5291\data_graph\data_graph_120s\graph_012.json,10,5,onnx,w000011,False,False,False,False,,,,
626,session_20260525_144151_ee5291,browser_mp835qq4j4kymt,browser_mp835qq4j4kymt,w000012,1779717951.9682658,1779718071.9682658,data\session_20260525_144151_ee5291\data_graph\data_graph_120s\graph_013.json,15,4,onnx,w000012,False,False,False,False,,,,
627,session_20260525_144151_ee5291,browser_mp835qq4j4kymt,browser_mp835qq4j4kymt,w000013,1779718071.9682658,1779718191.9682658,data\session_20260525_144151_ee5291\data_graph\data_graph_120s\graph_014.json,12,1,onnx,w000013,False,False,False,False,,,,
628,session_20260525_144151_ee5291,browser_mp835qq4j4kymt,browser_mp835qq4j4kymt,w000014,1779718191.9682658,1779718311.9682658,data\session_20260525_144151_ee5291\data_graph\data_graph_120s\graph_015.json,10,1,onnx,w000014,False,False,False,False,,,,
629,session_20260525_144151_ee5291,browser_mp835qq4j4kymt,browser_mp835qq4j4kymt,w000015,1779718311.9682658,1779718312.3256676,data\session_20260525_144151_ee5291\data_graph\data_graph_120s\graph_016.json,0,0,onnx,w000015,True,True,False,False,few_events(0),few_keystrokes(0),,
630,session_20260525_192812_b8cdc6,browser_mp835qq4j4kymt,browser_mp835qq4j4kymt,w000000,1779733692.4297931,1779733812.4297931,data\session_20260525_192812_b8cdc6\data_graph\data_graph_120s\graph_001.json,17,1,onnx,w000000,False,False,False,False,,,,
631,session_20260525_192812_b8cdc6,browser_mp835qq4j4kymt,browser_mp835qq4j4kymt,w000001,1779733812.4297931,1779733932.4297931,data\session_20260525_192812_b8cdc6\data_graph\data_graph_120s\graph_002.json,11,3,onnx,w000001,False,False,False,False,,,,
632,session_20260525_192812_b8cdc6,browser_mp835qq4j4kymt,browser_mp835qq4j4kymt,w000002,1779733932.4297931,1779734052.4297931,data\session_20260525_192812_b8cdc6\data_graph\data_graph_120s\graph_003.json,2,11,onnx,w000002,False,False,False,False,,,,
633,session_20260525_192812_b8cdc6,browser_mp835qq4j4kymt,browser_mp835qq4j4kymt,w000003,1779734052.4297931,1779734172.4297931,data\session_20260525_192812_b8cdc6\data_graph\data_graph_120s\graph_004.json,0,0,onnx,w000003,True,True,False,False,few_events(0),few_keystrokes(1),,
634,session_20260525_192812_b8cdc6,browser_mp835qq4j4kymt,browser_mp835qq4j4kymt,w000004,1779734172.4297931,1779734292.4297931,data\session_20260525_192812_b8cdc6\data_graph\data_graph_120s\graph_005.json,0,0,onnx,w000004,True,True,False,False,few_events(0),few_keystrokes(0),,
635,session_20260525_192812_b8cdc6,browser_mp835qq4j4kymt,browser_mp835qq4j4kymt,w000005,1779734292.4297931,1779734412.4297931,data\session_20260525_192812_b8cdc6\data_graph\data_graph_120s\graph_006.json,0,0,onnx,w000005,True,True,False,False,few_events(0),few_keystrokes(0),,
636,session_20260525_192812_b8cdc6,browser_mp835qq4j4kymt,browser_mp835qq4j4kymt,w000006,1779734412.4297931,1779734532.4297931,data\session_20260525_192812_b8cdc6\data_graph\data_graph_120s\graph_007.json,0,0,onnx,w000006,True,True,False,False,few_events(0),few_keystrokes(0),,
637,session_20260525_192812_b8cdc6,browser_mp835qq4j4kymt,browser_mp835qq4j4kymt,w000007,1779734532.4297931,1779734652.4297931,data\session_20260525_192812_b8cdc6\data_graph\data_graph_120s\graph_008.json,0,0,onnx,w000007,True,True,False,False,few_events(0),few_keystrokes(0),,
638,session_20260525_192812_b8cdc6,browser_mp835qq4j4kymt,browser_mp835qq4j4kymt,w000008,1779734652.4297931,1779734772.4297931,data\session_20260525_192812_b8cdc6\data_graph\data_graph_120s\graph_009.json,0,0,onnx,w000008,True,True,False,False,few_events(0),few_keystrokes(0),,
639,session_20260525_192812_b8cdc6,browser_mp835qq4j4kymt,browser_mp835qq4j4kymt,w000009,1779734772.4297931,1779734892.4297931,data\session_20260525_192812_b8cdc6\data_graph\data_graph_120s\graph_010.json,1,1,onnx,w000009,False,False,False,False,,,,
640,session_20260525_192812_b8cdc6,browser_mp835qq4j4kymt,browser_mp835qq4j4kymt,w000010,1779734892.4297931,1779735012.4297931,data\session_20260525_192812_b8cdc6\data_graph\data_graph_120s\graph_011.json,18,1,onnx,w000010,False,False,False,False,,,,
641,session_20260525_192812_b8cdc6,browser_mp835qq4j4kymt,browser_mp835qq4j4kymt,w000011,1779735012.4297931,1779735132.4297931,data\session_20260525_192812_b8cdc6\data_graph\data_graph_120s\graph_012.json,13,23,onnx,w000011,False,False,False,False,,,,
642,session_20260525_192812_b8cdc6,browser_mp835qq4j4kymt,browser_mp835qq4j4kymt,w000012,1779735132.4297931,1779735252.4297931,data\session_20260525_192812_b8cdc6\data_graph\data_graph_120s\graph_013.json,15,2,onnx,w000012,False,False,False,False,,,,
643,session_20260525_192812_b8cdc6,browser_mp835qq4j4kymt,browser_mp835qq4j4kymt,w000013,1779735252.4297931,1779735372.4297931,data\session_20260525_192812_b8cdc6\data_graph\data_graph_120s\graph_014.json,20,6,onnx,w000013,False,False,False,False,,,,
644,session_20260525_192812_b8cdc6,browser_mp835qq4j4kymt,browser_mp835qq4j4kymt,w000014,1779735372.4297931,1779735492.4297931,data\session_20260525_192812_b8cdc6\data_graph\data_graph_120s\graph_015.json,9,4,onnx,w000014,False,False,False,False,,,,
645,session_20260525_192812_b8cdc6,browser_mp835qq4j4kymt,browser_mp835qq4j4kymt,w000015,1779735492.4297931,1779735492.6649978,data\session_20260525_192812_b8cdc6\data_graph\data_graph_120s\graph_016.json,0,0,onnx,w000015,True,True,False,False,few_events(0),few_keystrokes(2),,
646,session_20260525_200307_b0bbbd,browser_mp835qq4j4kymt,browser_mp835qq4j4kymt,w000000,1779735787.6840775,1779735907.6840775,data\session_20260525_200307_b0bbbd\data_graph\data_graph_120s\graph_001.json,10,8,onnx,w000000,False,False,False,False,,,,
647,session_20260525_200307_b0bbbd,browser_mp835qq4j4kymt,browser_mp835qq4j4kymt,w000001,1779735907.6840775,1779736027.6840775,data\session_20260525_200307_b0bbbd\data_graph\data_graph_120s\graph_002.json,13,6,onnx,w000001,False,False,False,False,,,,
648,session_20260525_200307_b0bbbd,browser_mp835qq4j4kymt,browser_mp835qq4j4kymt,w000002,1779736027.6840775,1779736147.6840775,data\session_20260525_200307_b0bbbd\data_graph\data_graph_120s\graph_003.json,11,10,onnx,w000002,False,False,False,False,,,,
649,session_20260525_200307_b0bbbd,browser_mp835qq4j4kymt,browser_mp835qq4j4kymt,w000003,1779736147.6840775,1779736267.6840775,data\session_20260525_200307_b0bbbd\data_graph\data_graph_120s\graph_004.json,1,7,onnx,w000003,False,False,False,False,,,,
650,session_20260525_200307_b0bbbd,browser_mp835qq4j4kymt,browser_mp835qq4j4kymt,w000004,1779736267.6840775,1779736387.6840775,data\session_20260525_200307_b0bbbd\data_graph\data_graph_120s\graph_005.json,0,0,onnx,w000004,True,True,False,False,few_events(0),few_keystrokes(0),,
651,session_20260525_200307_b0bbbd,browser_mp835qq4j4kymt,browser_mp835qq4j4kymt,w000005,1779736387.6840775,1779736507.6840775,data\session_20260525_200307_b0bbbd\data_graph\data_graph_120s\graph_006.json,18,8,onnx,w000005,False,False,False,False,,,,
652,session_20260525_200307_b0bbbd,browser_mp835qq4j4kymt,browser_mp835qq4j4kymt,w000006,1779736507.6840775,1779736627.6840775,data\session_20260525_200307_b0bbbd\data_graph\data_graph_120s\graph_007.json,7,3,onnx,w000006,False,False,False,False,,,,
653,session_20260525_200307_b0bbbd,browser_mp835qq4j4kymt,browser_mp835qq4j4kymt,w000007,1779736627.6840775,1779736747.6840775,data\session_20260525_200307_b0bbbd\data_graph\data_graph_120s\graph_008.json,12,3,onnx,w000007,False,False,False,False,,,,
654,session_20260525_200307_b0bbbd,browser_mp835qq4j4kymt,browser_mp835qq4j4kymt,w000008,1779736747.6840775,1779736867.6840775,data\session_20260525_200307_b0bbbd\data_graph\data_graph_120s\graph_009.json,7,6,onnx,w000008,False,False,False,False,,,,
655,session_20260525_200307_b0bbbd,browser_mp835qq4j4kymt,browser_mp835qq4j4kymt,w000009,1779736867.6840775,1779736987.6840775,data\session_20260525_200307_b0bbbd\data_graph\data_graph_120s\graph_010.json,7,14,onnx,w000009,False,False,False,False,,,,
656,session_20260525_200307_b0bbbd,browser_mp835qq4j4kymt,browser_mp835qq4j4kymt,w000010,1779736987.6840775,1779737107.6840775,data\session_20260525_200307_b0bbbd\data_graph\data_graph_120s\graph_011.json,0,1,onnx,w000010,True,False,False,False,few_events(0),,,
657,session_20260525_200307_b0bbbd,browser_mp835qq4j4kymt,browser_mp835qq4j4kymt,w000011,1779737107.6840775,1779737227.6840775,data\session_20260525_200307_b0bbbd\data_graph\data_graph_120s\graph_012.json,0,0,onnx,w000011,True,True,False,False,few_events(0),few_keystrokes(0),,
658,session_20260525_200307_b0bbbd,browser_mp835qq4j4kymt,browser_mp835qq4j4kymt,w000012,1779737227.6840775,1779737347.6840775,data\session_20260525_200307_b0bbbd\data_graph\data_graph_120s\graph_013.json,0,0,onnx,w000012,True,True,False,False,few_events(0),few_keystrokes(0),,
659,session_20260525_200307_b0bbbd,browser_mp835qq4j4kymt,browser_mp835qq4j4kymt,w000013,1779737347.6840775,1779737467.6840775,data\session_20260525_200307_b0bbbd\data_graph\data_graph_120s\graph_014.json,0,0,onnx,w000013,True,True,False,False,few_events(0),few_keystrokes(0),,
660,session_20260525_200307_b0bbbd,browser_mp835qq4j4kymt,browser_mp835qq4j4kymt,w000014,1779737467.6840775,1779737587.6840775,data\session_20260525_200307_b0bbbd\data_graph\data_graph_120s\graph_015.json,0,0,onnx,w000014,True,True,False,False,few_events(0),few_keystrokes(0),,
661,session_20260525_200307_b0bbbd,browser_mp835qq4j4kymt,browser_mp835qq4j4kymt,w000015,1779737587.6840775,1779737587.9093888,data\session_20260525_200307_b0bbbd\data_graph\data_graph_120s\graph_016.json,0,0,onnx,w000015,True,True,False,False,few_events(0),few_keystrokes(0),,
662,session_20260525_204344_7b89ac,browser_mp835qq4j4kymt,browser_mp835qq4j4kymt,w000000,1779738224.6544056,1779738344.6544056,data\session_20260525_204344_7b89ac\data_graph\data_graph_120s\graph_001.json,18,3,onnx,w000000,False,False,False,False,,,,
663,session_20260525_204344_7b89ac,browser_mp835qq4j4kymt,browser_mp835qq4j4kymt,w000001,1779738344.6544056,1779738464.6544056,data\session_20260525_204344_7b89ac\data_graph\data_graph_120s\graph_002.json,13,2,onnx,w000001,False,False,False,False,,,,
664,session_20260525_204344_7b89ac,browser_mp835qq4j4kymt,browser_mp835qq4j4kymt,w000002,1779738464.6544056,1779738584.6544056,data\session_20260525_204344_7b89ac\data_graph\data_graph_120s\graph_003.json,14,9,onnx,w000002,False,False,False,False,,,,
665,session_20260525_204344_7b89ac,browser_mp835qq4j4kymt,browser_mp835qq4j4kymt,w000003,1779738584.6544056,1779738704.6544056,data\session_20260525_204344_7b89ac\data_graph\data_graph_120s\graph_004.json,6,0,onnx,w000003,False,True,False,False,,few_keystrokes(0),,
666,session_20260525_204344_7b89ac,browser_mp835qq4j4kymt,browser_mp835qq4j4kymt,w000004,1779738704.6544056,1779738824.6544056,data\session_20260525_204344_7b89ac\data_graph\data_graph_120s\graph_005.json,15,2,onnx,w000004,False,False,False,False,,,,
667,session_20260525_204344_7b89ac,browser_mp835qq4j4kymt,browser_mp835qq4j4kymt,w000005,1779738824.6544056,1779738944.6544056,data\session_20260525_204344_7b89ac\data_graph\data_graph_120s\graph_006.json,2,0,onnx,w000005,False,True,False,False,,few_keystrokes(0),,
668,session_20260525_204344_7b89ac,browser_mp835qq4j4kymt,browser_mp835qq4j4kymt,w000006,1779738944.6544056,1779739064.6544056,data\session_20260525_204344_7b89ac\data_graph\data_graph_120s\graph_007.json,0,0,onnx,w000006,True,True,False,False,few_events(0),few_keystrokes(0),,
669,session_20260525_204344_7b89ac,browser_mp835qq4j4kymt,browser_mp835qq4j4kymt,w000007,1779739064.6544056,1779739184.6544056,data\session_20260525_204344_7b89ac\data_graph\data_graph_120s\graph_008.json,0,0,onnx,w000007,True,True,False,False,few_events(0),few_keystrokes(0),,
670,session_20260525_204344_7b89ac,browser_mp835qq4j4kymt,browser_mp835qq4j4kymt,w000008,1779739184.6544056,1779739304.6544056,data\session_20260525_204344_7b89ac\data_graph\data_graph_120s\graph_009.json,0,0,onnx,w000008,True,True,False,False,few_events(0),few_keystrokes(0),,
671,session_20260525_204344_7b89ac,browser_mp835qq4j4kymt,browser_mp835qq4j4kymt,w000009,1779739304.6544056,1779739424.6544056,data\session_20260525_204344_7b89ac\data_graph\data_graph_120s\graph_010.json,0,0,onnx,w000009,True,True,False,False,few_events(0),few_keystrokes(0),,
672,session_20260525_204344_7b89ac,browser_mp835qq4j4kymt,browser_mp835qq4j4kymt,w000010,1779739424.6544056,1779739544.6544056,data\session_20260525_204344_7b89ac\data_graph\data_graph_120s\graph_011.json,0,0,onnx,w000010,True,True,False,False,few_events(0),few_keystrokes(0),,
673,session_20260525_204344_7b89ac,browser_mp835qq4j4kymt,browser_mp835qq4j4kymt,w000011,1779739544.6544056,1779739664.6544056,data\session_20260525_204344_7b89ac\data_graph\data_graph_120s\graph_012.json,6,4,onnx,w000011,False,False,False,False,,,,
674,session_20260525_204344_7b89ac,browser_mp835qq4j4kymt,browser_mp835qq4j4kymt,w000012,1779739664.6544056,1779739784.6544056,data\session_20260525_204344_7b89ac\data_graph\data_graph_120s\graph_013.json,4,6,onnx,w000012,False,False,False,False,,,,
675,session_20260525_204344_7b89ac,browser_mp835qq4j4kymt,browser_mp835qq4j4kymt,w000013,1779739784.6544056,1779739904.6544056,data\session_20260525_204344_7b89ac\data_graph\data_graph_120s\graph_014.json,6,8,onnx,w000013,False,False,False,False,,,,
676,session_20260525_204344_7b89ac,browser_mp835qq4j4kymt,browser_mp835qq4j4kymt,w000014,1779739904.6544056,1779740024.6544056,data\session_20260525_204344_7b89ac\data_graph\data_graph_120s\graph_015.json,2,9,onnx,w000014,False,False,False,False,,,,
677,session_20260525_204344_7b89ac,browser_mp835qq4j4kymt,browser_mp835qq4j4kymt,w000015,1779740024.6544056,1779740024.8759503,data\session_20260525_204344_7b89ac\data_graph\data_graph_120s\graph_016.json,0,0,onnx,w000015,True,True,False,False,few_events(0),few_keystrokes(0),,
678,session_20260525_214154_0a4103,Makki,device_be280f64,w000000,1779741714.4227812,1779741834.4227812,data\session_20260525_214154_0a4103\data_graph\data_graph_120s\graph_001.json,97,0,onnx,w000000,False,True,False,False,,few_keystrokes(0),,
679,session_20260525_214154_0a4103,Makki,device_be280f64,w000001,1779741834.4227812,1779741954.4227812,data\session_20260525_214154_0a4103\data_graph\data_graph_120s\graph_002.json,42,1,onnx,w000001,False,False,False,False,,,,
680,session_20260525_214154_0a4103,Makki,device_be280f64,w000002,1779741954.4227812,1779742074.4227812,data\session_20260525_214154_0a4103\data_graph\data_graph_120s\graph_003.json,74,0,onnx,w000002,False,True,False,False,,few_keystrokes(0),,
681,session_20260525_214154_0a4103,Makki,device_be280f64,w000003,1779742074.4227812,1779742194.4227812,data\session_20260525_214154_0a4103\data_graph\data_graph_120s\graph_004.json,52,0,onnx,w000003,False,True,False,False,,few_keystrokes(0),,
682,session_20260525_214154_0a4103,Makki,device_be280f64,w000004,1779742194.4227812,1779742314.4227812,data\session_20260525_214154_0a4103\data_graph\data_graph_120s\graph_005.json,123,0,onnx,w000004,False,True,False,False,,few_keystrokes(4),,
683,session_20260525_214154_0a4103,Makki,device_be280f64,w000005,1779742314.4227812,1779742434.4227812,data\session_20260525_214154_0a4103\data_graph\data_graph_120s\graph_006.json,69,0,onnx,w000005,False,True,False,False,,few_keystrokes(0),,
684,session_20260525_214154_0a4103,Makki,device_be280f64,w000006,1779742434.4227812,1779742554.4227812,data\session_20260525_214154_0a4103\data_graph\data_graph_120s\graph_007.json,21,0,onnx,w000006,False,True,False,False,,few_keystrokes(0),,
685,session_20260525_214154_0a4103,Makki,device_be280f64,w000007,1779742554.4227812,1779742674.4227812,data\session_20260525_214154_0a4103\data_graph\data_graph_120s\graph_008.json,33,0,onnx,w000007,False,True,False,False,,few_keystrokes(0),,
686,session_20260525_214154_0a4103,Makki,device_be280f64,w000008,1779742674.4227812,1779742794.4227812,data\session_20260525_214154_0a4103\data_graph\data_graph_120s\graph_009.json,103,12,onnx,w000008,False,False,False,False,,,,
687,session_20260525_214154_0a4103,Makki,device_be280f64,w000009,1779742794.4227812,1779742914.4227812,data\session_20260525_214154_0a4103\data_graph\data_graph_120s\graph_010.json,35,11,onnx,w000009,False,False,False,False,,,,
688,session_20260525_214154_0a4103,Makki,device_be280f64,w000010,1779742914.4227812,1779743034.4227812,data\session_20260525_214154_0a4103\data_graph\data_graph_120s\graph_011.json,79,0,onnx,w000010,False,True,False,False,,few_keystrokes(0),,
689,session_20260525_214154_0a4103,Makki,device_be280f64,w000011,1779743034.4227812,1779743154.4227812,data\session_20260525_214154_0a4103\data_graph\data_graph_120s\graph_012.json,80,1,onnx,w000011,False,False,False,False,,,,
690,session_20260525_214154_0a4103,Makki,device_be280f64,w000012,1779743154.4227812,1779743274.4227812,data\session_20260525_214154_0a4103\data_graph\data_graph_120s\graph_013.json,60,1,onnx,w000012,False,False,False,False,,,,
691,session_20260525_214154_0a4103,Makki,device_be280f64,w000013,1779743274.4227812,1779743394.4227812,data\session_20260525_214154_0a4103\data_graph\data_graph_120s\graph_014.json,69,7,onnx,w000013,False,False,False,False,,,,
692,session_20260525_214154_0a4103,Makki,device_be280f64,w000014,1779743394.4227812,1779743514.327893,data\session_20260525_214154_0a4103\data_graph\data_graph_120s\graph_015.json,65,10,onnx,w000014,False,False,False,False,,,,
693,session_20260525_223533_1be900,layss,device_f8d89130,w000000,1779744933.384817,1779745053.384817,data\session_20260525_223533_1be900\data_graph\data_graph_120s\graph_001.json,3,0,onnx,w000000,False,True,False,False,,few_keystrokes(0),,
694,session_20260525_223533_1be900,layss,device_f8d89130,w000001,1779745053.384817,1779745173.384817,data\session_20260525_223533_1be900\data_graph\data_graph_120s\graph_002.json,2,0,onnx,w000001,False,True,False,False,,few_keystrokes(0),,
695,session_20260525_223533_1be900,layss,device_f8d89130,w000002,1779745173.384817,1779745293.384817,data\session_20260525_223533_1be900\data_graph\data_graph_120s\graph_003.json,0,0,onnx,w000002,True,True,False,False,few_events(0),few_keystrokes(0),,
696,session_20260525_223533_1be900,layss,device_f8d89130,w000003,1779745293.384817,1779745413.384817,data\session_20260525_223533_1be900\data_graph\data_graph_120s\graph_004.json,3,0,onnx,w000003,False,True,False,False,,few_keystrokes(0),,
697,session_20260525_223533_1be900,layss,device_f8d89130,w000004,1779745413.384817,1779745533.384817,data\session_20260525_223533_1be900\data_graph\data_graph_120s\graph_005.json,1,0,onnx,w000004,False,True,False,False,,few_keystrokes(0),,
698,session_20260525_223533_1be900,layss,device_f8d89130,w000005,1779745533.384817,1779745653.384817,data\session_20260525_223533_1be900\data_graph\data_graph_120s\graph_006.json,5,0,onnx,w000005,False,True,False,False,,few_keystrokes(0),,
699,session_20260525_223533_1be900,layss,device_f8d89130,w000006,1779745653.384817,1779745773.384817,data\session_20260525_223533_1be900\data_graph\data_graph_120s\graph_007.json,3,0,onnx,w000006,False,True,False,False,,few_keystrokes(0),,
700,session_20260525_223533_1be900,layss,device_f8d89130,w000007,1779745773.384817,1779745893.384817,data\session_20260525_223533_1be900\data_graph\data_graph_120s\graph_008.json,4,10,onnx,w000007,False,False,False,False,,,,
701,session_20260525_223533_1be900,layss,device_f8d89130,w000008,1779745893.384817,1779746013.384817,data\session_20260525_223533_1be900\data_graph\data_graph_120s\graph_009.json,5,0,onnx,w000008,False,True,False,False,,few_keystrokes(0),,
702,session_20260525_223533_1be900,layss,device_f8d89130,w000009,1779746013.384817,1779746133.384817,data\session_20260525_223533_1be900\data_graph\data_graph_120s\graph_010.json,2,0,onnx,w000009,False,True,False,False,,few_keystrokes(0),,
703,session_20260525_223533_1be900,layss,device_f8d89130,w000010,1779746133.384817,1779746253.384817,data\session_20260525_223533_1be900\data_graph\data_graph_120s\graph_011.json,3,0,onnx,w000010,False,True,False,False,,few_keystrokes(0),,
704,session_20260525_223533_1be900,layss,device_f8d89130,w000011,1779746253.384817,1779746373.384817,data\session_20260525_223533_1be900\data_graph\data_graph_120s\graph_012.json,4,0,onnx,w000011,False,True,False,False,,few_keystrokes(0),,
705,session_20260525_223533_1be900,layss,device_f8d89130,w000012,1779746373.384817,1779746493.384817,data\session_20260525_223533_1be900\data_graph\data_graph_120s\graph_013.json,2,7,onnx,w000012,False,False,False,False,,,,
706,session_20260525_223533_1be900,layss,device_f8d89130,w000013,1779746493.384817,1779746613.384817,data\session_20260525_223533_1be900\data_graph\data_graph_120s\graph_014.json,1,2,onnx,w000013,False,False,False,False,,,,
707,session_20260525_223533_1be900,layss,device_f8d89130,w000014,1779746613.384817,1779746733.3449056,data\session_20260525_223533_1be900\data_graph\data_graph_120s\graph_015.json,2,1,onnx,w000014,False,False,False,False,,,,
708,session_20260525_232112_57c6bb,browser_mp835qq4j4kymt,browser_mp835qq4j4kymt,w000000,1779747672.448521,1779747792.448521,data\session_20260525_232112_57c6bb\data_graph\data_graph_120s\graph_001.json,11,19,onnx,w000000,False,False,False,False,,,,
709,session_20260525_232112_57c6bb,browser_mp835qq4j4kymt,browser_mp835qq4j4kymt,w000001,1779747792.448521,1779747912.448521,data\session_20260525_232112_57c6bb\data_graph\data_graph_120s\graph_002.json,5,32,onnx,w000001,False,False,False,False,,,,
710,session_20260525_232112_57c6bb,browser_mp835qq4j4kymt,browser_mp835qq4j4kymt,w000002,1779747912.448521,1779748032.448521,data\session_20260525_232112_57c6bb\data_graph\data_graph_120s\graph_003.json,8,9,onnx,w000002,False,False,False,False,,,,
711,session_20260525_232112_57c6bb,browser_mp835qq4j4kymt,browser_mp835qq4j4kymt,w000003,1779748032.448521,1779748152.448521,data\session_20260525_232112_57c6bb\data_graph\data_graph_120s\graph_004.json,4,20,onnx,w000003,False,False,False,False,,,,
712,session_20260525_232112_57c6bb,browser_mp835qq4j4kymt,browser_mp835qq4j4kymt,w000004,1779748152.448521,1779748272.448521,data\session_20260525_232112_57c6bb\data_graph\data_graph_120s\graph_005.json,3,18,onnx,w000004,False,False,False,False,,,,
713,session_20260525_232112_57c6bb,browser_mp835qq4j4kymt,browser_mp835qq4j4kymt,w000005,1779748272.448521,1779748392.448521,data\session_20260525_232112_57c6bb\data_graph\data_graph_120s\graph_006.json,12,9,onnx,w000005,False,False,False,False,,,,
714,session_20260525_232112_57c6bb,browser_mp835qq4j4kymt,browser_mp835qq4j4kymt,w000006,1779748392.448521,1779748512.448521,data\session_20260525_232112_57c6bb\data_graph\data_graph_120s\graph_007.json,11,10,onnx,w000006,False,False,False,False,,,,
715,session_20260525_232112_57c6bb,browser_mp835qq4j4kymt,browser_mp835qq4j4kymt,w000007,1779748512.448521,1779748632.448521,data\session_20260525_232112_57c6bb\data_graph\data_graph_120s\graph_008.json,20,1,onnx,w000007,False,False,False,False,,,,
716,session_20260525_232112_57c6bb,browser_mp835qq4j4kymt,browser_mp835qq4j4kymt,w000008,1779748632.448521,1779748752.448521,data\session_20260525_232112_57c6bb\data_graph\data_graph_120s\graph_009.json,10,1,onnx,w000008,False,False,False,False,,,,
717,session_20260525_232112_57c6bb,browser_mp835qq4j4kymt,browser_mp835qq4j4kymt,w000009,1779748752.448521,1779748872.448521,data\session_20260525_232112_57c6bb\data_graph\data_graph_120s\graph_010.json,10,11,onnx,w000009,False,False,False,False,,,,
718,session_20260525_232112_57c6bb,browser_mp835qq4j4kymt,browser_mp835qq4j4kymt,w000010,1779748872.448521,1779748992.448521,data\session_20260525_232112_57c6bb\data_graph\data_graph_120s\graph_011.json,7,20,onnx,w000010,False,False,False,False,,,,
719,session_20260525_232112_57c6bb,browser_mp835qq4j4kymt,browser_mp835qq4j4kymt,w000011,1779748992.448521,1779749112.448521,data\session_20260525_232112_57c6bb\data_graph\data_graph_120s\graph_012.json,0,0,onnx,w000011,True,True,False,False,few_events(0),few_keystrokes(1),,
720,session_20260525_232112_57c6bb,browser_mp835qq4j4kymt,browser_mp835qq4j4kymt,w000012,1779749112.448521,1779749232.448521,data\session_20260525_232112_57c6bb\data_graph\data_graph_120s\graph_013.json,0,0,onnx,w000012,True,True,False,False,few_events(0),few_keystrokes(0),,
721,session_20260525_232112_57c6bb,browser_mp835qq4j4kymt,browser_mp835qq4j4kymt,w000013,1779749232.448521,1779749352.448521,data\session_20260525_232112_57c6bb\data_graph\data_graph_120s\graph_014.json,0,0,onnx,w000013,True,True,False,False,few_events(0),few_keystrokes(0),,
722,session_20260525_232112_57c6bb,browser_mp835qq4j4kymt,browser_mp835qq4j4kymt,w000014,1779749352.448521,1779749472.4137492,data\session_20260525_232112_57c6bb\data_graph\data_graph_120s\graph_015.json,3,0,onnx,w000014,False,True,False,False,,few_keystrokes(0),,
723,session_20260526_102009_2fed19,browser_mp835qq4j4kymt,browser_mp835qq4j4kymt,w000000,1779787209.5562072,1779787329.5562072,data\session_20260526_102009_2fed19\data_graph\data_graph_120s\graph_001.json,13,3,onnx,w000000,False,False,False,False,,,,
724,session_20260526_102009_2fed19,browser_mp835qq4j4kymt,browser_mp835qq4j4kymt,w000001,1779787329.5562072,1779787449.5562072,data\session_20260526_102009_2fed19\data_graph\data_graph_120s\graph_002.json,6,1,onnx,w000001,False,False,False,False,,,,
725,session_20260526_102009_2fed19,browser_mp835qq4j4kymt,browser_mp835qq4j4kymt,w000002,1779787449.5562072,1779787569.5562072,data\session_20260526_102009_2fed19\data_graph\data_graph_120s\graph_003.json,4,7,onnx,w000002,False,False,False,False,,,,
726,session_20260526_102009_2fed19,browser_mp835qq4j4kymt,browser_mp835qq4j4kymt,w000003,1779787569.5562072,1779787689.5562072,data\session_20260526_102009_2fed19\data_graph\data_graph_120s\graph_004.json,4,5,onnx,w000003,False,False,False,False,,,,
727,session_20260526_102009_2fed19,browser_mp835qq4j4kymt,browser_mp835qq4j4kymt,w000004,1779787689.5562072,1779787809.5562072,data\session_20260526_102009_2fed19\data_graph\data_graph_120s\graph_005.json,14,3,onnx,w000004,False,False,False,False,,,,
728,session_20260526_102009_2fed19,browser_mp835qq4j4kymt,browser_mp835qq4j4kymt,w000005,1779787809.5562072,1779787929.5562072,data\session_20260526_102009_2fed19\data_graph\data_graph_120s\graph_006.json,16,8,onnx,w000005,False,False,False,False,,,,
729,session_20260526_102009_2fed19,browser_mp835qq4j4kymt,browser_mp835qq4j4kymt,w000006,1779787929.5562072,1779788049.5562072,data\session_20260526_102009_2fed19\data_graph\data_graph_120s\graph_007.json,9,2,onnx,w000006,False,False,False,False,,,,
730,session_20260526_102009_2fed19,browser_mp835qq4j4kymt,browser_mp835qq4j4kymt,w000007,1779788049.5562072,1779788169.5562072,data\session_20260526_102009_2fed19\data_graph\data_graph_120s\graph_008.json,13,8,onnx,w000007,False,False,False,False,,,,
731,session_20260526_102009_2fed19,browser_mp835qq4j4kymt,browser_mp835qq4j4kymt,w000008,1779788169.5562072,1779788289.5562072,data\session_20260526_102009_2fed19\data_graph\data_graph_120s\graph_009.json,11,11,onnx,w000008,False,False,False,False,,,,
732,session_20260526_102009_2fed19,browser_mp835qq4j4kymt,browser_mp835qq4j4kymt,w000009,1779788289.5562072,1779788409.5562072,data\session_20260526_102009_2fed19\data_graph\data_graph_120s\graph_010.json,9,7,onnx,w000009,False,False,False,False,,,,
733,session_20260526_102009_2fed19,browser_mp835qq4j4kymt,browser_mp835qq4j4kymt,w000010,1779788409.5562072,1779788529.5562072,data\session_20260526_102009_2fed19\data_graph\data_graph_120s\graph_011.json,8,15,onnx,w000010,False,False,False,False,,,,
734,session_20260526_102009_2fed19,browser_mp835qq4j4kymt,browser_mp835qq4j4kymt,w000011,1779788529.5562072,1779788649.5562072,data\session_20260526_102009_2fed19\data_graph\data_graph_120s\graph_012.json,12,11,onnx,w000011,False,False,False,False,,,,
735,session_20260526_102009_2fed19,browser_mp835qq4j4kymt,browser_mp835qq4j4kymt,w000012,1779788649.5562072,1779788769.5562072,data\session_20260526_102009_2fed19\data_graph\data_graph_120s\graph_013.json,11,9,onnx,w000012,False,False,False,False,,,,
736,session_20260526_102009_2fed19,browser_mp835qq4j4kymt,browser_mp835qq4j4kymt,w000013,1779788769.5562072,1779788889.5562072,data\session_20260526_102009_2fed19\data_graph\data_graph_120s\graph_014.json,7,1,onnx,w000013,False,False,False,False,,,,
737,session_20260526_102009_2fed19,browser_mp835qq4j4kymt,browser_mp835qq4j4kymt,w000014,1779788889.5562072,1779789009.5562072,data\session_20260526_102009_2fed19\data_graph\data_graph_120s\graph_015.json,11,2,onnx,w000014,False,False,False,False,,,,
738,session_20260526_102009_2fed19,browser_mp835qq4j4kymt,browser_mp835qq4j4kymt,w000015,1779789009.5562072,1779789009.583404,data\session_20260526_102009_2fed19\data_graph\data_graph_120s\graph_016.json,0,0,onnx,w000015,True,True,False,False,few_events(0),few_keystrokes(0),,
739,session_20260526_122927_1c6819,browser_mp835qq4j4kymt,browser_mp835qq4j4kymt,w000000,1779794967.5789597,1779795087.5789597,data\session_20260526_122927_1c6819\data_graph\data_graph_120s\graph_001.json,14,4,onnx,w000000,False,False,False,False,,,,
740,session_20260526_122927_1c6819,browser_mp835qq4j4kymt,browser_mp835qq4j4kymt,w000001,1779795087.5789597,1779795207.5789597,data\session_20260526_122927_1c6819\data_graph\data_graph_120s\graph_002.json,11,3,onnx,w000001,False,False,False,False,,,,
741,session_20260526_122927_1c6819,browser_mp835qq4j4kymt,browser_mp835qq4j4kymt,w000002,1779795207.5789597,1779795327.5789597,data\session_20260526_122927_1c6819\data_graph\data_graph_120s\graph_003.json,10,3,onnx,w000002,False,False,False,False,,,,
742,session_20260526_122927_1c6819,browser_mp835qq4j4kymt,browser_mp835qq4j4kymt,w000003,1779795327.5789597,1779795447.5789597,data\session_20260526_122927_1c6819\data_graph\data_graph_120s\graph_004.json,15,1,onnx,w000003,False,False,False,False,,,,
743,session_20260526_122927_1c6819,browser_mp835qq4j4kymt,browser_mp835qq4j4kymt,w000004,1779795447.5789597,1779795567.5789597,data\session_20260526_122927_1c6819\data_graph\data_graph_120s\graph_005.json,17,5,onnx,w000004,False,False,False,False,,,,
744,session_20260526_122927_1c6819,browser_mp835qq4j4kymt,browser_mp835qq4j4kymt,w000005,1779795567.5789597,1779795687.5789597,data\session_20260526_122927_1c6819\data_graph\data_graph_120s\graph_006.json,8,13,onnx,w000005,False,False,False,False,,,,
745,session_20260526_122927_1c6819,browser_mp835qq4j4kymt,browser_mp835qq4j4kymt,w000006,1779795687.5789597,1779795807.5789597,data\session_20260526_122927_1c6819\data_graph\data_graph_120s\graph_007.json,9,19,onnx,w000006,False,False,False,False,,,,
746,session_20260526_122927_1c6819,browser_mp835qq4j4kymt,browser_mp835qq4j4kymt,w000007,1779795807.5789597,1779795927.5789597,data\session_20260526_122927_1c6819\data_graph\data_graph_120s\graph_008.json,9,17,onnx,w000007,False,False,False,False,,,,
747,session_20260526_122927_1c6819,browser_mp835qq4j4kymt,browser_mp835qq4j4kymt,w000008,1779795927.5789597,1779796047.5789597,data\session_20260526_122927_1c6819\data_graph\data_graph_120s\graph_009.json,7,10,onnx,w000008,False,False,False,False,,,,
748,session_20260526_122927_1c6819,browser_mp835qq4j4kymt,browser_mp835qq4j4kymt,w000009,1779796047.5789597,1779796167.5789597,data\session_20260526_122927_1c6819\data_graph\data_graph_120s\graph_010.json,9,0,onnx,w000009,False,True,False,False,,few_keystrokes(1),,
749,session_20260526_122927_1c6819,browser_mp835qq4j4kymt,browser_mp835qq4j4kymt,w000010,1779796167.5789597,1779796287.5789597,data\session_20260526_122927_1c6819\data_graph\data_graph_120s\graph_011.json,5,1,onnx,w000010,False,False,False,False,,,,
750,session_20260526_122927_1c6819,browser_mp835qq4j4kymt,browser_mp835qq4j4kymt,w000011,1779796287.5789597,1779796407.5789597,data\session_20260526_122927_1c6819\data_graph\data_graph_120s\graph_012.json,8,1,onnx,w000011,False,False,False,False,,,,
751,session_20260526_122927_1c6819,browser_mp835qq4j4kymt,browser_mp835qq4j4kymt,w000012,1779796407.5789597,1779796527.5789597,data\session_20260526_122927_1c6819\data_graph\data_graph_120s\graph_013.json,8,0,onnx,w000012,False,True,False,False,,few_keystrokes(2),,
752,session_20260526_122927_1c6819,browser_mp835qq4j4kymt,browser_mp835qq4j4kymt,w000013,1779796527.5789597,1779796647.5789597,data\session_20260526_122927_1c6819\data_graph\data_graph_120s\graph_014.json,1,0,onnx,w000013,False,True,False,False,,few_keystrokes(2),,
753,session_20260526_122927_1c6819,browser_mp835qq4j4kymt,browser_mp835qq4j4kymt,w000014,1779796647.5789597,1779796767.5789597,data\session_20260526_122927_1c6819\data_graph\data_graph_120s\graph_015.json,6,1,onnx,w000014,False,False,False,False,,,,
754,session_20260526_122927_1c6819,browser_mp835qq4j4kymt,browser_mp835qq4j4kymt,w000015,1779796767.5789597,1779796768.005955,data\session_20260526_122927_1c6819\data_graph\data_graph_120s\graph_016.json,0,0,onnx,w000015,True,True,False,False,few_events(0),few_keystrokes(0),,
755,session_20260526_191020_35ca55,ghoss,browser_mpmxdcv6sijyrd,w000000,1779819020.2170625,1779819140.2170625,data\session_20260526_191020_35ca55\data_graph\data_graph_120s\graph_001.json,4,5,onnx,w000000,False,False,False,False,,,,
756,session_20260526_191020_35ca55,ghoss,browser_mpmxdcv6sijyrd,w000001,1779819140.2170625,1779819260.2170625,data\session_20260526_191020_35ca55\data_graph\data_graph_120s\graph_002.json,14,5,onnx,w000001,False,False,False,False,,,,
757,session_20260526_191020_35ca55,ghoss,browser_mpmxdcv6sijyrd,w000002,1779819260.2170625,1779819380.2170625,data\session_20260526_191020_35ca55\data_graph\data_graph_120s\graph_003.json,18,1,onnx,w000002,False,False,False,False,,,,
758,session_20260526_191020_35ca55,ghoss,browser_mpmxdcv6sijyrd,w000003,1779819380.2170625,1779819500.2170625,data\session_20260526_191020_35ca55\data_graph\data_graph_120s\graph_004.json,23,2,onnx,w000003,False,False,False,False,,,,
759,session_20260526_191020_35ca55,ghoss,browser_mpmxdcv6sijyrd,w000004,1779819500.2170625,1779819620.2170625,data\session_20260526_191020_35ca55\data_graph\data_graph_120s\graph_005.json,17,4,onnx,w000004,False,False,False,False,,,,
760,session_20260526_191020_35ca55,ghoss,browser_mpmxdcv6sijyrd,w000005,1779819620.2170625,1779819740.2170625,data\session_20260526_191020_35ca55\data_graph\data_graph_120s\graph_006.json,1,4,onnx,w000005,False,False,False,False,,,,
761,session_20260526_191020_35ca55,ghoss,browser_mpmxdcv6sijyrd,w000006,1779819740.2170625,1779819860.2170625,data\session_20260526_191020_35ca55\data_graph\data_graph_120s\graph_007.json,5,7,onnx,w000006,False,False,False,False,,,,
762,session_20260526_191020_35ca55,ghoss,browser_mpmxdcv6sijyrd,w000007,1779819860.2170625,1779819980.2170625,data\session_20260526_191020_35ca55\data_graph\data_graph_120s\graph_008.json,15,1,onnx,w000007,False,False,False,False,,,,
763,session_20260526_191020_35ca55,ghoss,browser_mpmxdcv6sijyrd,w000008,1779819980.2170625,1779820100.2170625,data\session_20260526_191020_35ca55\data_graph\data_graph_120s\graph_009.json,5,0,onnx,w000008,False,True,False,False,,few_keystrokes(0),,
764,session_20260526_191020_35ca55,ghoss,browser_mpmxdcv6sijyrd,w000009,1779820100.2170625,1779820220.2170625,data\session_20260526_191020_35ca55\data_graph\data_graph_120s\graph_010.json,18,0,onnx,w000009,False,True,False,False,,few_keystrokes(0),,
765,session_20260526_191020_35ca55,ghoss,browser_mpmxdcv6sijyrd,w000010,1779820220.2170625,1779820340.2170625,data\session_20260526_191020_35ca55\data_graph\data_graph_120s\graph_011.json,3,0,onnx,w000010,False,True,False,False,,few_keystrokes(0),,
766,session_20260526_191020_35ca55,ghoss,browser_mpmxdcv6sijyrd,w000011,1779820340.2170625,1779820460.2170625,data\session_20260526_191020_35ca55\data_graph\data_graph_120s\graph_012.json,17,0,onnx,w000011,False,True,False,False,,few_keystrokes(4),,
767,session_20260526_191020_35ca55,ghoss,browser_mpmxdcv6sijyrd,w000012,1779820460.2170625,1779820580.2170625,data\session_20260526_191020_35ca55\data_graph\data_graph_120s\graph_013.json,8,0,onnx,w000012,False,True,False,False,,few_keystrokes(0),,
768,session_20260526_191020_35ca55,ghoss,browser_mpmxdcv6sijyrd,w000013,1779820580.2170625,1779820700.2170625,data\session_20260526_191020_35ca55\data_graph\data_graph_120s\graph_014.json,8,3,onnx,w000013,False,False,False,False,,,,
769,session_20260526_191020_35ca55,ghoss,browser_mpmxdcv6sijyrd,w000014,1779820700.2170625,1779820820.21222,data\session_20260526_191020_35ca55\data_graph\data_graph_120s\graph_015.json,10,0,onnx,w000014,False,True,False,False,,few_keystrokes(0),,
770,session_20260528_093705_7f659b,ladabos,device_40b49969,w000000,1779957425.370294,1779957545.370294,data\session_20260528_093705_7f659b\data_graph\data_graph_120s\graph_001.json,0,0,onnx,w000000,True,True,False,False,few_events(1),few_keystrokes(1),,
771,session_20260528_093705_7f659b,ladabos,device_40b49969,w000001,1779957545.370294,1779957665.370294,data\session_20260528_093705_7f659b\data_graph\data_graph_120s\graph_002.json,0,0,onnx,w000001,True,True,False,False,few_events(2),few_keystrokes(3),,
772,session_20260528_093705_7f659b,ladabos,device_40b49969,w000002,1779957665.370294,1779957785.370294,data\session_20260528_093705_7f659b\data_graph\data_graph_120s\graph_003.json,0,0,onnx,w000002,True,True,False,False,few_events(3),few_keystrokes(4),,
773,session_20260528_093705_7f659b,ladabos,device_40b49969,w000003,1779957785.370294,1779957905.370294,data\session_20260528_093705_7f659b\data_graph\data_graph_120s\graph_004.json,0,0,onnx,w000003,True,True,False,False,few_events(1),few_keystrokes(2),,
774,session_20260528_093705_7f659b,ladabos,device_40b49969,w000004,1779957905.370294,1779958025.370294,data\session_20260528_093705_7f659b\data_graph\data_graph_120s\graph_005.json,0,0,onnx,w000004,True,True,False,False,few_events(1),few_keystrokes(1),,
775,session_20260528_093705_7f659b,ladabos,device_40b49969,w000005,1779958025.370294,1779958145.370294,data\session_20260528_093705_7f659b\data_graph\data_graph_120s\graph_006.json,0,0,onnx,w000005,True,True,False,False,few_events(0),few_keystrokes(0),,
776,session_20260528_093705_7f659b,ladabos,device_40b49969,w000006,1779958145.370294,1779958265.370294,data\session_20260528_093705_7f659b\data_graph\data_graph_120s\graph_007.json,0,0,onnx,w000006,True,True,False,False,few_events(0),few_keystrokes(0),,
777,session_20260528_093705_7f659b,ladabos,device_40b49969,w000007,1779958265.370294,1779958385.370294,data\session_20260528_093705_7f659b\data_graph\data_graph_120s\graph_008.json,0,0,onnx,w000007,True,True,False,False,few_events(0),few_keystrokes(0),,
778,session_20260528_093705_7f659b,ladabos,device_40b49969,w000008,1779958385.370294,1779958505.370294,data\session_20260528_093705_7f659b\data_graph\data_graph_120s\graph_009.json,0,0,onnx,w000008,True,True,False,False,few_events(0),few_keystrokes(0),,
779,session_20260528_093705_7f659b,ladabos,device_40b49969,w000009,1779958505.370294,1779958625.370294,data\session_20260528_093705_7f659b\data_graph\data_graph_120s\graph_010.json,0,0,onnx,w000009,True,True,False,False,few_events(0),few_keystrokes(0),,
780,session_20260528_093705_7f659b,ladabos,device_40b49969,w000010,1779958625.370294,1779958745.370294,data\session_20260528_093705_7f659b\data_graph\data_graph_120s\graph_011.json,0,0,onnx,w000010,True,True,False,False,few_events(0),few_keystrokes(0),,
781,session_20260528_093705_7f659b,ladabos,device_40b49969,w000011,1779958745.370294,1779958865.370294,data\session_20260528_093705_7f659b\data_graph\data_graph_120s\graph_012.json,0,0,onnx,w000011,True,True,False,False,few_events(0),few_keystrokes(0),,
782,session_20260528_093705_7f659b,ladabos,device_40b49969,w000012,1779958865.370294,1779958985.370294,data\session_20260528_093705_7f659b\data_graph\data_graph_120s\graph_013.json,0,0,onnx,w000012,True,True,False,False,few_events(0),few_keystrokes(0),,
783,session_20260528_093705_7f659b,ladabos,device_40b49969,w000013,1779958985.370294,1779959105.370294,data\session_20260528_093705_7f659b\data_graph\data_graph_120s\graph_014.json,0,0,onnx,w000013,True,True,False,False,few_events(0),few_keystrokes(0),,
784,session_20260528_093705_7f659b,ladabos,device_40b49969,w000014,1779959105.370294,1779959225.370294,data\session_20260528_093705_7f659b\data_graph\data_graph_120s\graph_015.json,0,0,onnx,w000014,True,True,False,False,few_events(0),few_keystrokes(0),,
785,session_20260528_093705_7f659b,ladabos,device_40b49969,w000015,1779959225.370294,1779959225.725002,data\session_20260528_093705_7f659b\data_graph\data_graph_120s\graph_016.json,0,0,onnx,w000015,True,True,False,False,few_events(0),few_keystrokes(0),,
786,session_20260530_210949_814442,device_efa45cfc,device_efa45cfc,w000000,1780171790.1743157,1780171910.1743157,data\session_20260530_210949_814442\data_graph\data_graph_120s\graph_001.json,15,0,onnx,w000000,False,True,False,False,,few_keystrokes(0),,
787,session_20260530_210949_814442,device_efa45cfc,device_efa45cfc,w000001,1780171910.1743157,1780172030.1743157,data\session_20260530_210949_814442\data_graph\data_graph_120s\graph_002.json,17,0,onnx,w000001,False,True,False,False,,few_keystrokes(0),,
788,session_20260530_210949_814442,device_efa45cfc,device_efa45cfc,w000002,1780172030.1743157,1780172150.1743157,data\session_20260530_210949_814442\data_graph\data_graph_120s\graph_003.json,11,11,onnx,w000002,False,False,False,False,,,,
789,session_20260530_210949_814442,device_efa45cfc,device_efa45cfc,w000003,1780172150.1743157,1780172254.3585331,data\session_20260530_210949_814442\data_graph\data_graph_120s\graph_004.json,11,0,onnx,w000003,False,True,False,False,,few_keystrokes(3),,
790,session_20260530_220312_702a3c,dem,browser_mp03ekmbeazr37,w000000,1780174992.4861653,1780175112.4861653,data\session_20260530_220312_702a3c\data_graph\data_graph_120s\graph_001.json,14,0,onnx,w000000,False,True,False,False,,few_keystrokes(0),,
791,session_20260530_220312_702a3c,dem,browser_mp03ekmbeazr37,w000001,1780175112.4861653,1780175232.4861653,data\session_20260530_220312_702a3c\data_graph\data_graph_120s\graph_002.json,15,1,onnx,w000001,False,False,False,False,,,,
792,session_20260530_220312_702a3c,dem,browser_mp03ekmbeazr37,w000002,1780175232.4861653,1780175352.4861653,data\session_20260530_220312_702a3c\data_graph\data_graph_120s\graph_003.json,15,1,onnx,w000002,False,False,False,False,,,,
793,session_20260530_220312_702a3c,dem,browser_mp03ekmbeazr37,w000003,1780175352.4861653,1780175472.4861653,data\session_20260530_220312_702a3c\data_graph\data_graph_120s\graph_004.json,14,3,onnx,w000003,False,False,False,False,,,,
794,session_20260530_220312_702a3c,dem,browser_mp03ekmbeazr37,w000004,1780175472.4861653,1780175592.4861653,data\session_20260530_220312_702a3c\data_graph\data_graph_120s\graph_005.json,11,0,onnx,w000004,False,True,False,False,,few_keystrokes(1),,
795,session_20260530_220312_702a3c,dem,browser_mp03ekmbeazr37,w000005,1780175592.4861653,1780175712.4861653,data\session_20260530_220312_702a3c\data_graph\data_graph_120s\graph_006.json,18,1,onnx,w000005,False,False,False,False,,,,
796,session_20260530_220312_702a3c,dem,browser_mp03ekmbeazr37,w000006,1780175712.4861653,1780175832.4861653,data\session_20260530_220312_702a3c\data_graph\data_graph_120s\graph_007.json,22,0,onnx,w000006,False,True,False,False,,few_keystrokes(0),,
797,session_20260530_220312_702a3c,dem,browser_mp03ekmbeazr37,w000007,1780175832.4861653,1780175952.4861653,data\session_20260530_220312_702a3c\data_graph\data_graph_120s\graph_008.json,18,0,onnx,w000007,False,True,False,False,,few_keystrokes(0),,
798,session_20260530_220312_702a3c,dem,browser_mp03ekmbeazr37,w000008,1780175952.4861653,1780176072.4861653,data\session_20260530_220312_702a3c\data_graph\data_graph_120s\graph_009.json,21,0,onnx,w000008,False,True,False,False,,few_keystrokes(0),,
799,session_20260530_220312_702a3c,dem,browser_mp03ekmbeazr37,w000009,1780176072.4861653,1780176192.4861653,data\session_20260530_220312_702a3c\data_graph\data_graph_120s\graph_010.json,15,7,onnx,w000009,False,False,False,False,,,,
800,session_20260530_220312_702a3c,dem,browser_mp03ekmbeazr37,w000010,1780176192.4861653,1780176312.4861653,data\session_20260530_220312_702a3c\data_graph\data_graph_120s\graph_011.json,10,1,onnx,w000010,False,False,False,False,,,,
801,session_20260530_220312_702a3c,dem,browser_mp03ekmbeazr37,w000011,1780176312.4861653,1780176432.4861653,data\session_20260530_220312_702a3c\data_graph\data_graph_120s\graph_012.json,10,9,onnx,w000011,False,False,False,False,,,,
802,session_20260530_220312_702a3c,dem,browser_mp03ekmbeazr37,w000012,1780176432.4861653,1780176552.4861653,data\session_20260530_220312_702a3c\data_graph\data_graph_120s\graph_013.json,6,0,onnx,w000012,False,True,False,False,,few_keystrokes(0),,
803,session_20260530_220312_702a3c,dem,browser_mp03ekmbeazr37,w000013,1780176552.4861653,1780176672.4861653,data\session_20260530_220312_702a3c\data_graph\data_graph_120s\graph_014.json,4,2,onnx,w000013,False,False,False,False,,,,
804,session_20260530_220312_702a3c,dem,browser_mp03ekmbeazr37,w000014,1780176672.4861653,1780176792.4861653,data\session_20260530_220312_702a3c\data_graph\data_graph_120s\graph_015.json,16,5,onnx,w000014,False,False,False,False,,,,
805,session_20260530_220312_702a3c,dem,browser_mp03ekmbeazr37,w000015,1780176792.4861653,1780176796.1270523,data\session_20260530_220312_702a3c\data_graph\data_graph_120s\graph_016.json,1,0,onnx,w000015,False,True,False,False,,few_keystrokes(0),,
